"날짜","상품 카테고리","하위 카테고리","세부 카테고리","브랜드","센터","SKU ID","SKU 명","바코드","발주가능상태","발주가능상태_세부","입고수량","출고수량","현재재고수량","매입원가","발주대비 납품율","확정대비 납품율","회송율","회송사유","품절여부","세부카테고리 품절율"
"20260825","CE","AV","브라켓/스탠드","보아르","VF107","36606823","보아르 TV스탠드 와이드 이동식 이젤형 거치대 VET-005WH","8809822422821","발주가능","정상","0","0","3","77355","0","0","0","","NO","0.385"
"20260825","CE","Beauty Appliance","각질관리기기","오아","FC","59332927","오아 아쿠아 필링기 각질 제거기 OFLL-001WH 화이트 OFLL-001WH","8809822426409","발주가능","정상","0","0","1","20039","1","1","0","","NO","0.745"
"20260825","CE","Beauty Appliance","각질관리기기","오아","VF107","59332927","오아 아쿠아 필링기 각질 제거기 OFLL-001WH 화이트 OFLL-001WH","8809822426409","발주가능","정상","23","1","46","20039","1","1","0","","NO","0.745"
"20260825","CE","Beauty Appliance","고데기/매직기","오아","VF107","12263163","오아 데일리 고데기 판 볼륨 앞머리 프리볼트 매직기","8809487307372","발주가능","정상","20","7","59","30333","0.625","1","0","","NO","0.674"
"20260825","CE","Beauty Appliance","고데기/매직기","오아","FC","12263163","오아 데일리 고데기 판 볼륨 앞머리 프리볼트 매직기","8809487307372","발주가능","정상","0","0","0","30333","0.625","1","0","","NO","0.674"
"20260825","CE","Beauty Appliance","고데기/매직기","오아","FC","13959023","오아 티타늄 웨이브 펌 프리볼트 물결 고데기","8809487307877","발주가능","정상","0","0","1","24242","0","0","0","","NO","0.674"
"20260825","CE","Beauty Appliance","고데기/매직기","오아","VF107","13959023","오아 티타늄 웨이브 펌 프리볼트 물결 고데기","8809487307877","발주가능","정상","0","8","261","24242","0","0","0","","NO","0.674"
"20260825","CE","Beauty Appliance","고데기/매직기","오아","FC","15826960","오아 뷰티 빗 고데기 스트레이트 매직기","8809487309437","발주가능","정상","0","0","0","29115","1","1","0","","NO","0.674"
"20260825","CE","Beauty Appliance","고데기/매직기","오아","VF107","15826960","오아 뷰티 빗 고데기 스트레이트 매직기","8809487309437","발주가능","정상","11","3","29","29115","1","1","0","","NO","0.674"
"20260825","CE","Beauty Appliance","고데기/매직기","오아","VF107","27011098","오아 볼륨 컬링 티타늄 이지봉고데기 화이트 OHA-012WH","8809822421411","발주가능","정상","53","10","173","24242","0.631","1","0","","NO","0.674"
"20260825","CE","Beauty Appliance","고데기/매직기","오아","FC","27011098","오아 볼륨 컬링 티타늄 이지봉고데기 화이트 OHA-012WH","8809822421411","발주가능","정상","0","1","4","24242","0.631","1","0","","NO","0.674"
"20260825","CE","Beauty Appliance","고데기/매직기","오아","FC","37244806","오아 볼륨 컬링 티타늄 이지 봉고데기 핑크 OHA-012PK","8809822423118","발주가능","정상","0","0","0","24242","0.875","1","0","","NO","0.674"
"20260825","CE","Beauty Appliance","고데기/매직기","오아","VF107","37244806","오아 볼륨 컬링 티타늄 이지 봉고데기 핑크 OHA-012PK","8809822423118","발주가능","정상","21","3","41","24242","0.875","1","0","","NO","0.674"
"20260825","CE","Beauty Appliance","고데기/매직기","오아","VF107","38158208","오아 더벨벳 무선 고데기 미니 휴대용 뿌리볼륨 헤어 매직기","8809822422807","발주가능","정상","0","0","6","30333","0","0","0","","NO","0.674"
"20260825","CE","Beauty Appliance","고데기/매직기","오아","FC","38312169","오아 뿌리 볼륨 고데기 미니 앞머리 휴대용 뽕 매직기","8809822422906","발주가능","정상","0","2","2","21196","0.9492","1","0","","NO","0.674"
"20260825","CE","Beauty Appliance","고데기/매직기","오아","VF107","38312169","오아 뿌리 볼륨 고데기 미니 앞머리 휴대용 뽕 매직기","8809822422906","발주가능","정상","355","13","529","21196","0.9492","1","0","","NO","0.674"
"20260825","CE","Beauty Appliance","고데기/매직기","오아","VF107","38415503","오아 베이직 판 고데기 5단계 온도조절 헤어 매직기 OHA-023BE","8809822423415","발주가능","정상","0","1","36","21196","0","0","0","","NO","0.674"
"20260825","CE","Beauty Appliance","고데기/매직기","오아","FC","38415503","오아 베이직 판 고데기 5단계 온도조절 헤어 매직기 OHA-023BE","8809822423415","발주가능","정상","0","1","1","21196","0","0","0","","NO","0.674"
"20260825","CE","Beauty Appliance","고데기/매직기","오아","FC","38417806","오아 오토 자동 롤러 웨이브 펌 프리볼트 고데기","8809822423149","발주가능","정상","0","0","3","33378","1","1","0","","NO","0.674"
"20260825","CE","Beauty Appliance","고데기/매직기","오아","VF107","38417806","오아 오토 자동 롤러 웨이브 펌 프리볼트 고데기","8809822423149","발주가능","정상","12","3","40","33378","1","1","0","","NO","0.674"
"20260825","CE","Beauty Appliance","고데기/매직기","오아","VF107","50326931","오아 오토 고데기 자동 회전 봉 고대기 40mm 퍼플 OHA-034PU","8809822425044","발주가능","정상","177","11","336","32769","0.6629","1","0","","NO","0.674"
"20260825","CE","Beauty Appliance","고데기/매직기","오아","FC","50326931","오아 오토 고데기 자동 회전 봉 고대기 40mm 퍼플 OHA-034PU","8809822425044","발주가능","정상","0","0","3","32769","0.6629","1","0","","NO","0.674"
"20260825","CE","Beauty Appliance","고데기/매직기","오아","VF107","51533853","오아 오토셋 웨이브 뿌리 볼륨 봉고데기 화이트 OHA-029BL","8809822424726","발주가능","정상","0","0","12","36424","0","0","0","","NO","0.674"
"20260825","CE","Beauty Appliance","고데기/매직기","오아","FC","51533853","오아 오토셋 웨이브 뿌리 볼륨 봉고데기 화이트 OHA-029BL","8809822424726","발주가능","정상","0","0","2","36424","0","0","0","","NO","0.674"
"20260825","CE","Beauty Appliance","고데기/매직기","오아","VF107","56651667","오아 볼륨업 무선 빗 고데기 휴대용 미니 헤어 뿌리 고데기 화이트 OSTR-001WH","8809822425860","발주가능","정상","29","8","30","30333","0.7073","1","0","","NO","0.674"
"20260825","CE","Beauty Appliance","고데기/매직기","오아","FC","56651667","오아 볼륨업 무선 빗 고데기 휴대용 미니 헤어 뿌리 고데기 화이트 OSTR-001WH","8809822425860","발주가능","정상","0","0","23","30333","0.7073","1","0","","NO","0.674"
"20260825","CE","Beauty Appliance","고데기/매직기","오아","VF107","60085614","오아 무선 뿌리 볼륨 휴대용 미니 헤어 고데기 5000  베이지 OSTR-005BE","8809822426737","발주가능","정상","54","4","56","24303","0.6","1","0","","NO","0.674"
"20260825","CE","Beauty Appliance","고데기/매직기","오아","FC","60085614","오아 무선 뿌리 볼륨 휴대용 미니 헤어 고데기 5000  베이지 OSTR-005BE","8809822426737","발주가능","정상","0","0","14","24303","0.6","1","0","","NO","0.674"
"20260825","CE","Beauty Appliance","고데기/매직기","오아","VF107","60542212","오아 무선S 뿌리 볼륨 미니 휴대용 헤어 고데기 화이트 OSTR-004WH","8809822426867","발주가능","정상","3","4","3","18151","1","1","0","","NO","0.674"
"20260825","CE","Beauty Appliance","고데기/매직기","오아","FC","60542212","오아 무선S 뿌리 볼륨 미니 휴대용 헤어 고데기 화이트 OSTR-004WH","8809822426867","발주가능","정상","0","0","3","18151","1","1","0","","NO","0.674"
"20260825","CE","Beauty Appliance","고데기/매직기","오아","VF107","63573761","오아 이지 물결 웨이브 볼륨 프리볼트 고데기 베이지 OHA-031BE","8809822427444","발주가능","정상","9","0","30","27287","1","1","0","","NO","0.674"
"20260825","CE","Beauty Appliance","고데기/매직기","오아","FC","63573761","오아 이지 물결 웨이브 볼륨 프리볼트 고데기 베이지 OHA-031BE","8809822427444","발주가능","정상","0","0","0","27287","1","1","0","","NO","0.674"
"20260825","CE","Beauty Appliance","고데기/매직기","오아","FC","64212381","오아 오토 헤어 웨이브 자동 롤러 볼륨 고데기 36mm 블루 OSTR-003BL","8809822427574","발주가능","정상","0","0","2","33439","0.5263","1","0","","NO","0.674"
"20260825","CE","Beauty Appliance","고데기/매직기","오아","VF107","64212381","오아 오토 헤어 웨이브 자동 롤러 볼륨 고데기 36mm 블루 OSTR-003BL","8809822427574","발주가능","정상","20","3","35","33439","0.5263","1","0","","NO","0.674"
"20260825","CE","Beauty Appliance","고데기/매직기","오아","VF107","64212543","오아 무선 미니 휴대용 뿌리 볼륨 앞머리 고데기 베이지 OHA-011BE","8809822427475","발주가능","정상","0","6","23","24242","0","0","0","","NO","0.674"
"20260825","CE","Beauty Appliance","고데기/매직기","오아","FC","64212543","오아 무선 미니 휴대용 뿌리 볼륨 앞머리 고데기 베이지 OHA-011BE","8809822427475","발주가능","정상","0","0","2","24242","0","0","0","","NO","0.674"
"20260825","CE","Beauty Appliance","고데기/매직기","오아","VF107","64212544","오아 무선 미니 휴대용 뿌리 볼륨 앞머리 고데기 블루 OHA-011BL","8809822427482","발주가능","정상","6","2","30","24242","1","1","0","","NO","0.674"
"20260825","CE","Beauty Appliance","고데기/매직기","오아","FC","64212544","오아 무선 미니 휴대용 뿌리 볼륨 앞머리 고데기 블루 OHA-011BL","8809822427482","발주가능","정상","0","0","1","24242","1","1","0","","NO","0.674"
"20260825","CE","Beauty Appliance","고데기/매직기","오아","VF107","64212552","오아 무선 미니 휴대용 뿌리 볼륨 앞머리 고데기 퍼플 OHA-011PU","8809822427499","발주가능","정상","5","4","8","24242","0.7143","1","0","","NO","0.674"
"20260825","CE","Beauty Appliance","고데기/매직기","오아","FC","64212552","오아 무선 미니 휴대용 뿌리 볼륨 앞머리 고데기 퍼플 OHA-011PU","8809822427499","발주가능","정상","0","0","2","24242","0.7143","1","0","","NO","0.674"
"20260825","CE","Beauty Appliance","고데기/매직기","오아","VF107","64330763","오아 이지 물결 웨이브 볼륨 프리볼트 고데기 퍼플 OHA-031PU","8809822427468","발주가능","정상","8","4","15","27287","0.7273","1","0","","NO","0.674"
"20260825","CE","Beauty Appliance","고데기/매직기","오아","FC","64330763","오아 이지 물결 웨이브 볼륨 프리볼트 고데기 퍼플 OHA-031PU","8809822427468","발주가능","정상","0","0","0","27287","0.7273","1","0","","NO","0.674"
"20260825","CE","Beauty Appliance","고데기/매직기","오아","FC","64330764","오아 이지 물결 웨이브 볼륨 프리볼트 고데기 블루 OHA-031BL","8809822427451","발주가능","정상","0","0","3","27287","1","1","0","","NO","0.674"
"20260825","CE","Beauty Appliance","고데기/매직기","오아","VF107","64330764","오아 이지 물결 웨이브 볼륨 프리볼트 고데기 블루 OHA-031BL","8809822427451","발주가능","정상","6","1","12","27287","1","1","0","","NO","0.674"
"20260825","CE","Beauty Appliance","고데기/매직기","오아","VF107","64778161","오아 베이직 휴대용 미니 헤어 뿌리 볼륨 빗고데기 블루 OSTR-002BL1","8809822429530","발주가능","정상","40","6","65","18212","1","1","0","","NO","0.674"
"20260825","CE","Beauty Appliance","고데기/매직기","오아","FC","64778161","오아 베이직 휴대용 미니 헤어 뿌리 볼륨 빗고데기 블루 OSTR-002BL1","8809822429530","발주가능","정상","0","0","1","18212","1","1","0","","NO","0.674"
"20260825","CE","Beauty Appliance","고데기/매직기","오아","VF107","64778162","오아 베이직 휴대용 미니 헤어 뿌리 볼륨 빗고데기 베이지 OSTR-002BE1","8809822429523","발주가능","정상","25","6","135","18212","0.6757","1","0","","NO","0.674"
"20260825","CE","Beauty Appliance","고데기/매직기","오아","FC","64778162","오아 베이직 휴대용 미니 헤어 뿌리 볼륨 빗고데기 베이지 OSTR-002BE1","8809822429523","발주가능","정상","0","0","0","18212","0.6757","1","0","","NO","0.674"
"20260825","CE","Beauty Appliance","고데기/매직기","오아","VF107","64808932","오아 심플리 고데기 OSTR-006IV 아이보리","8809822427680","발주가능","정상","36","10","67","16994","0.6207","1","0","","NO","0.674"
"20260825","CE","Beauty Appliance","고데기/매직기","오아","VF107","66778787","오아 미니핏 휴대용 고데기  베이지 OSTR-008BE","8809822428113","발주가능","정상","10","2","31","15775","1","1","0","","NO","0.674"
"20260825","CE","Beauty Appliance","고데기/매직기","오아","FC","66778787","오아 미니핏 휴대용 고데기  베이지 OSTR-008BE","8809822428113","발주가능","정상","0","0","2","15775","1","1","0","","NO","0.674"
"20260825","CE","Beauty Appliance","고데기/매직기","오아","FC","66778788","오아 미니핏 휴대용 고데기 블루 OSTR-008BL","8809822428120","발주가능","정상","0","0","1","15775","0","0","0","","NO","0.674"
"20260825","CE","Beauty Appliance","고데기/매직기","오아","VF107","66778788","오아 미니핏 휴대용 고데기 블루 OSTR-008BL","8809822428120","발주가능","정상","0","3","21","15775","0","0","0","","NO","0.674"
"20260825","CE","Beauty Appliance","고데기/매직기","오아","FC","66778789","오아 미니핏 휴대용 고데기 핑크 OSTR-008PK","8809822428106","발주가능","정상","0","0","0","15775","1","1","0","","NO","0.674"
"20260825","CE","Beauty Appliance","고데기/매직기","오아","VF107","66778789","오아 미니핏 휴대용 고데기 핑크 OSTR-008PK","8809822428106","발주가능","정상","2","0","10","15775","1","1","0","","NO","0.674"
"20260825","CE","Beauty Appliance","고데기/매직기","오아","VF107","67438487","오아 베이직 판고데기 매직기 세라믹 앞머리 헤어 웨이브 블루 OHA-023BL","8809822427505","발주가능","정상","0","0","70","21196","0","0","0","","NO","0.674"
"20260825","CE","Beauty Appliance","고데기/매직기","오아","VF107","67438488","오아 베이직 판고데기 매직기 세라믹 앞머리 헤어 웨이브 퍼플 OHA-023PU","8809822427512","발주가능","정상","0","0","63","21196","0","0","0","","NO","0.674"
"20260825","CE","Beauty Appliance","고데기/매직기","오아","FC","68938743","오아 프리온 무선 미니 배터리 분리 기내반입 세라믹 고데기 핑크 OSTR-013PK","8809822428519","발주가능","정상","0","0","8","30394","0.6875","1","0","","NO","0.674"
"20260825","CE","Beauty Appliance","고데기/매직기","오아","VF107","68938743","오아 프리온 무선 미니 배터리 분리 기내반입 세라믹 고데기 핑크 OSTR-013PK","8809822428519","발주가능","정상","110","14","397","30394","0.6875","1","0","","NO","0.674"
"20260825","CE","Beauty Appliance","고데기/매직기","오아","FC","70205079","오아 데이지 오토 헤어 웨이브 자동 롤러 볼륨 고데기 32mm 아이보리 OSTR-007IV","8809822427598","발주가능","정상","0","0","1","30394","0.6667","1","0","","NO","0.674"
"20260825","CE","Beauty Appliance","고데기/매직기","오아","VF107","70205079","오아 데이지 오토 헤어 웨이브 자동 롤러 볼륨 고데기 32mm 아이보리 OSTR-007IV","8809822427598","발주가능","정상","2","1","19","30394","0.6667","1","0","","NO","0.674"
"20260825","CE","Beauty Appliance","고데기/매직기","오아","FC","73226632","오아 오마컬 봉고데기 36mm 웨이브 고데기 아이롱 헤어 볼륨 프리볼트 고대기 핑크 OSTR-010PK","8809822429349","발주가능","정상","0","0","2","27348","1","1","0","","NO","0.674"
"20260825","CE","Beauty Appliance","고데기/매직기","오아","VF107","73226632","오아 오마컬 봉고데기 36mm 웨이브 고데기 아이롱 헤어 볼륨 프리볼트 고대기 핑크 OSTR-010PK","8809822429349","발주가능","정상","16","3","34","27348","1","1","0","","NO","0.674"
"20260825","CE","Beauty Appliance","고데기/매직기","오아","VF107","73226633","오아 오마컬 봉고데기 40mm 웨이브 고데기 아이롱 헤어 볼륨 프리볼트 고대기 핑크 OSTR-011PK","8809822429356","발주가능","정상","57","4","63","27348","0.7917","1","0","","NO","0.674"
"20260825","CE","Beauty Appliance","고데기/매직기","오아","FC","73226633","오아 오마컬 봉고데기 40mm 웨이브 고데기 아이롱 헤어 볼륨 프리볼트 고대기 핑크 OSTR-011PK","8809822429356","발주가능","정상","0","0","0","27348","0.7917","1","0","","NO","0.674"
"20260825","CE","Beauty Appliance","눈썹관리기기","오아","FC","12202838","오아 쁘띠 컬링 무선 실리콘 속눈썹 파마 펌 온열 고데기","8809487307563","발주불가","규격 외","0","0","0","19385","0","0","0","","NO","0.707"
"20260825","CE","Beauty Appliance","눈썹관리기기","오아","FC","31886592","오아 쁘띠컬링 속눈썹 고데기 V2 화이트 OJW-002WH","8809822422210","발주가능","정상","0","0","0","21196","0","0","0","","NO","0.707"
"20260825","CE","Beauty Appliance","눈썹관리기기","오아","VF107","31886592","오아 쁘띠컬링 속눈썹 고데기 V2 화이트 OJW-002WH","8809822422210","발주가능","정상","0","3","19","21196","0","0","0","","NO","0.707"
"20260825","CE","Beauty Appliance","눈썹관리기기","오아","FC","56183402","오아 듀얼 히팅 뷰러 속눈썹 고데기 화이트 OHEC-001WH","8809822425877","발주가능","정상","0","0","23","16994","0.5378","1","0","","NO","0.707"
"20260825","CE","Beauty Appliance","눈썹관리기기","오아","VF107","56183402","오아 듀얼 히팅 뷰러 속눈썹 고데기 화이트 OHEC-001WH","8809822425877","발주가능","정상","128","19","280","16994","0.5378","1","0","","NO","0.707"
"20260825","CE","Beauty Appliance","눈썹관리기기","오아","FC","65081124","오아 듀얼 히팅 뷰러 휴대용 고데기 OHEC-001PK 핑크","8809822427611","발주가능","정상","0","0","16","16994","0.6111","1","0","","NO","0.707"
"20260825","CE","Beauty Appliance","눈썹관리기기","오아","VF107","65081124","오아 듀얼 히팅 뷰러 휴대용 고데기 OHEC-001PK 핑크","8809822427611","발주가능","정상","11","4","105","16994","0.6111","1","0","","NO","0.707"
"20260825","CE","Beauty Appliance","눈썹관리기기","오아","VF107","68677002","오아 제로터치 바디 트리머 제모 전기 눈썹정리기 OERZ-002WH 화이트","8809822428496","발주가능","정상","4","1","28","18212","0.8","1","0","","NO","0.707"
"20260825","CE","Beauty Appliance","눈썹관리기기","오아","FC","68677002","오아 제로터치 바디 트리머 제모 전기 눈썹정리기 OERZ-002WH 화이트","8809822428496","발주가능","정상","0","0","1","18212","0.8","1","0","","NO","0.707"
"20260825","CE","Beauty Appliance","눈썹관리기기","오아","VF107","76374400","오아 올리미 속눈썹 고데기 온열 히팅 뷰러 핑크 OHEC-002PK","8800367920377","발주가능","정상","0","0","10","14992","0","0","0","","NO","0.707"
"20260825","CE","Beauty Appliance","눈썹관리기기","오아","VF107","76374401","오아 올리미 속눈썹 고데기 온열 히팅 뷰러 화이트 OHEC-002WH","8800367920360","발주가능","정상","0","0","10","14992","0","0","0","","NO","0.707"
"20260825","CE","Beauty Appliance","눈썹관리기기","오아","VF107","76375598","오아 컬리미 속눈썹 고데기 온열 히팅 뷰러 핑크 OHEC-003PK","8800367920391","발주가능","정상","10","0","12","14992","1","1","0","","NO","0.707"
"20260825","CE","Beauty Appliance","전기면도기","오아","VF107","53776254","오아 멀티쉐이버 전기 전동 휴대용 면도기  블랙 OERZ-001BK","8809822425464","발주가능","정상","2","0","4","19978","1","1","0","","NO","0.793"
"20260825","CE","Beauty Appliance","코털정리기기","오아","VF107","26491140","오아 코털제거기 USB충전식 3In1 눈썹 구레나룻 정리기 OSK-005BK 블랙","8809822421251","발주가능","정상","0","0","9","12060","0","0","0","","NO","0.783"
"20260825","CE","Beauty Appliance","피부관리기기","오아","VF107","11156528","오아 쁘띠케어 2in1 온열 진동 갈바닉 클렌저,OA-BU024","8809487307006","발주가능","정상","0","0","10","27287","0","0","0","","NO","0.767"
"20260825","CE","Beauty Appliance","피부관리기기","오아","FC","11156528","오아 쁘띠케어 2in1 온열 진동 갈바닉 클렌저,OA-BU024","8809487307006","발주가능","정상","0","0","2","27287","0","0","0","","NO","0.767"
"20260825","CE","Beauty Appliance","피부관리기기","오아","VF107","11670520","오아 히팅마스크 피부 관리기 마사지기 얼굴 마스크 시트 팩 뷰티디바이스 피부미용기기 피부홈케어","8809487307266","발주가능","정상","0","0","3","21196","0","0","0","","NO","0.767"
"20260825","CE","Beauty Appliance","피부관리기기","오아","VF107","12496637","오아 퓨어라인 실리콘 진동 클렌저 얼굴 전동 마사지기 피부 홈케어 클렌징 기계","8809487307792","발주가능","정상","0","1","6","24242","0","0","0","","NO","0.767"
"20260825","CE","Beauty Appliance","피부관리기기","오아","FC","12496637","오아 퓨어라인 실리콘 진동 클렌저 얼굴 전동 마사지기 피부 홈케어 클렌징 기계","8809487307792","발주가능","정상","0","0","3","24242","0","0","0","","NO","0.767"
"20260825","CE","Beauty Appliance","피부관리기기","오아","VF107","58040260","오아 냉온 진동 실리콘 클렌저 베이지 OCLS-001","8809822426201","발주가능","정상","4","1","5","24242","1","1","0","","NO","0.767"
"20260825","CE","Beauty Appliance","피부관리기기","오아","FC","58040260","오아 냉온 진동 실리콘 클렌저 베이지 OCLS-001","8809822426201","발주가능","정상","0","0","2","24242","1","1","0","","NO","0.767"
"20260825","CE","Beauty Appliance","피부관리기기","오아","VF107","59944694","오아 쿨더마 갈바닉 EMS 홈케어 얼굴 피부 마사지기 화이트 OGVN-001WH","8809822426393","발주가능","정상","0","0","63","26130","0","0","0","","NO","0.767"
"20260825","CE","Beauty Appliance","피부관리기기","오아","FC","59944694","오아 쿨더마 갈바닉 EMS 홈케어 얼굴 피부 마사지기 화이트 OGVN-001WH","8809822426393","발주가능","정상","0","0","4","26130","0","0","0","","NO","0.767"
"20260825","CE","Beauty Appliance","헤어드라이어","오아","VF107","35401181","오아 슈퍼윈디 여행용 헤어 드라이기 BLDC 저소음 휴대용 미니 드라이어 그레이 OHA-016GR","8809822422388","발주가능","정상","0","1","2","78573","0","0","0","","NO","0.744"
"20260825","CE","Beauty Appliance","헤어드라이어","오아","VF107","38157908","오아 슈퍼플로우 여행용 헤어 드라이기 BLDC 저소음 휴대용 미니 수이온 드라이어","8809822422869","발주가능","정상","0","2","3","78573","0","0","0","","NO","0.744"
"20260825","CE","Beauty Appliance","헤어드라이어","오아","FC","38157908","오아 슈퍼플로우 여행용 헤어 드라이기 BLDC 저소음 휴대용 미니 수이온 드라이어","8809822422869","발주가능","정상","0","0","4","78573","0","0","0","","NO","0.744"
"20260825","CE","Beauty Appliance","헤어드라이어","오아","VF107","47936724","오아 에어리소닉 BLDC 항공모터 고속 초경량 헤어 드라이기 핑크 OHA-032PK","8809822425136","발주가능","정상","0","18","406","39469","0","0","0","","NO","0.744"
"20260825","CE","Beauty Appliance","헤어드라이어","오아","FC","47936724","오아 에어리소닉 BLDC 항공모터 고속 초경량 헤어 드라이기 핑크 OHA-032PK","8809822425136","발주가능","정상","0","0","6","39469","0","0","0","","NO","0.744"
"20260825","CE","Beauty Appliance","헤어드라이어","오아","VF107","52162444","오아 에어리소닉 BLDC 항공모터 고속 초경량 헤어 드라이기 베이지 OHA-032BE 1600W","8809822425549","발주가능","정상","0","19","569","39469","0","0","0","","NO","0.744"
"20260825","CE","Beauty Appliance","헤어드라이어","오아","FC","52162444","오아 에어리소닉 BLDC 항공모터 고속 초경량 헤어 드라이기 베이지 OHA-032BE 1600W","8809822425549","발주가능","정상","0","2","6","39469","0","0","0","","NO","0.744"
"20260825","CE","Beauty Appliance","헤어드라이어","오아","VF107","55462718","오아 슬림에어 BLDC 헤어 고속 미니 드라이어 블랙 ODRY-002BK","8809822425785","발주가능","정상","0","2","9","35815","0","0","0","","NO","0.744"
"20260825","CE","Beauty Appliance","헤어드라이어","오아","FC","55462718","오아 슬림에어 BLDC 헤어 고속 미니 드라이어 블랙 ODRY-002BK","8809822425785","발주가능","정상","0","0","0","35815","0","0","0","","NO","0.744"
"20260825","CE","Beauty Appliance","헤어드라이어","오아","FC","61199642","오아 에어리스마트 BLDC 항공모터 고속 초경량 헤어 드라이기 화이트 ODRY-005WH 1600W","8809822426874","발주가능","정상","0","0","1","53600","0","0","0","","NO","0.744"
"20260825","CE","Beauty Appliance","헤어드라이어","오아","VF107","61199642","오아 에어리스마트 BLDC 항공모터 고속 초경량 헤어 드라이기 화이트 ODRY-005WH 1600W","8809822426874","발주가능","정상","0","0","22","53600","0","0","0","","NO","0.744"
"20260825","CE","Beauty Appliance","헤어드라이어","오아","VF107","61929493","오아 에어셋2 4in1 멀티 헤어 스타일러 드라이기 아이보리 ODRY-004IV 1400W","8809822426829","발주가능","정상","0","1","52","77964","0","0","0","","NO","0.744"
"20260825","CE","Beauty Appliance","헤어드라이어","오아","FC","61929493","오아 에어셋2 4in1 멀티 헤어 스타일러 드라이기 아이보리 ODRY-004IV 1400W","8809822426829","발주가능","정상","0","0","1","77964","0","0","0","","NO","0.744"
"20260825","CE","Beauty Appliance","헤어드라이어","오아","FC","61929494","오아 에어셋2 4in1 멀티 헤어 스타일러 드라이기 블루 ODRY-004BL 1400W","8809822426812","발주불가","단종","0","1","0","77964","0","0","0","","YES","0.744"
"20260825","CE","Beauty Appliance","헤어드라이어","오아","FC","66357977","오아 소닉플로우 BLDC 항공모터 고속 초경량 헤어 드라이기 1800W 베이지 ODRY-007BE","8809822427970","발주가능","정상","0","0","2","30394","0.3855","1","0","","NO","0.744"
"20260825","CE","Beauty Appliance","헤어드라이어","오아","VF107","66357977","오아 소닉플로우 BLDC 항공모터 고속 초경량 헤어 드라이기 1800W 베이지 ODRY-007BE","8809822427970","발주가능","정상","138","42","321","30394","0.3855","1","0","","NO","0.744"
"20260825","CE","Beauty Appliance","헤어드라이어","오아","VF107","68253037","오아 BLDC 헤어 드라이기 미니 블루 ODRY-008BL 1100W + 파우치","8809822428502","발주가능","정상","75","9","190","27348","0.463","1","0","","NO","0.744"
"20260825","CE","Beauty Appliance","헤어드라이어","오아","FC","68253037","오아 BLDC 헤어 드라이기 미니 블루 ODRY-008BL 1100W + 파우치","8809822428502","발주가능","정상","0","0","3","27348","0.463","1","0","","NO","0.744"
"20260825","CE","Beauty Appliance","헤어드라이어","오아","FC","69039437","오아 소닉플로우 BLDC 항공모터 고속 초경량 헤어 드라이기 1800W 핑크 ODRY-007PK","8809822428823","발주가능","정상","0","0","2","30394","0","0","0","","NO","0.744"
"20260825","CE","Beauty Appliance","헤어드라이어","오아","VF107","69039437","오아 소닉플로우 BLDC 항공모터 고속 초경량 헤어 드라이기 1800W 핑크 ODRY-007PK","8809822428823","발주가능","정상","0","16","138","30394","0","0","0","","NO","0.744"
"20260825","CE","Beauty Appliance","헤어드라이어","오아","FC","69039778","오아 소닉플로우 BLDC 항공모터 고속 초경량 헤어 드라이기 1800W 그레이 ODRY-007GR","8809822428816","발주가능","정상","0","0","0","30394","0","0","0","","NO","0.744"
"20260825","CE","Beauty Appliance","헤어드라이어","오아","VF107","69039778","오아 소닉플로우 BLDC 항공모터 고속 초경량 헤어 드라이기 1800W 그레이 ODRY-007GR","8809822428816","발주가능","정상","0","13","172","30394","0","0","0","","NO","0.744"
"20260825","CE","Beauty Appliance","헤어드라이어","오아","FC","75741354","오아 에어리소닉 BLDC 항공모터 고속 초경량 헤어 드라이기 1600W 화이트 OHA-032WH","8800367920285","발주가능","정상","0","1","3","39469","0.7253","1","0","","NO","0.744"
"20260825","CE","Beauty Appliance","헤어드라이어","오아","VF107","75741354","오아 에어리소닉 BLDC 항공모터 고속 초경량 헤어 드라이기 1600W 화이트 OHA-032WH","8800367920285","발주가능","정상","198","31","375","39469","0.7253","1","0","","NO","0.744"
"20260825","CE","Beauty Appliance","헤어드라이어","오아","VF107","76241042","오아 씬플로우 BLDC 고속 헤어 드라이기 1000W 메탈그레이 ODRY-010MG","8800367920353","발주가능","정상","2","1","13","49555","1","1","0","","NO","0.744"
"20260825","CE","Beauty Appliance","헤어드라이어","오아","VF107","77463489","오아 에어스트레이트 2in1 헤어스타일러 항공모터 드라이기 음이온 고데기 핑크 ODRY-012PK","8800367920544","발주가능","정상","0","0","13","93464","0","0","0","","NO","0.744"
"20260825","CE","Beauty Appliance","헤어드라이어","오아","VF107","77463490","오아 에어스트레이트 2in1 헤어스타일러 항공모터 드라이기 음이온 고데기 베이지 ODRY-012BE","8800367920537","발주가능","정상","0","0","19","93464","0","0","0","","NO","0.744"
"20260825","CE","Cell Phone & Acc.","방수팩/방수케이스","오아","VF107","73952843","오아 워터쉴드 크로스 다용도 수납 에어쿠션 휴대폰 방수팩 투명 1개","8800367920193","발주가능","정상","0","1","29","9284","0","0","0","","NO","0.411"
"20260825","CE","Cell Phone & Acc.","방수팩/방수케이스","오아","FC","73952843","오아 워터쉴드 크로스 다용도 수납 에어쿠션 휴대폰 방수팩 투명 1개","8800367920193","발주가능","정상","0","0","1","9284","0","0","0","","NO","0.411"
"20260825","CE","Cell Phone & Acc.","방수팩/방수케이스","오아","FC","73956459","오아 워터쉴드넥 스마트폰 4중잠금 방수팩 + 넥스트랩 포그밀크 1세트","8800367920155","발주가능","정상","0","0","0","5520","0","0","0","","NO","0.411"
"20260825","CE","Cell Phone & Acc.","방수팩/방수케이스","오아","VF107","73956459","오아 워터쉴드넥 스마트폰 4중잠금 방수팩 + 넥스트랩 포그밀크 1세트","8800367920155","발주가능","정상","0","4","46","5520","0","0","0","","NO","0.411"
"20260825","CE","Cell Phone & Acc.","방수팩/방수케이스","오아","VF107","73956460","오아 워터쉴드넥 스마트폰 4중잠금 방수팩 + 넥스트랩 어비스블랙 1세트","8800367920162","발주가능","정상","0","0","47","5520","0","0","0","","NO","0.411"
"20260825","CE","Cell Phone & Acc.","방수팩/방수케이스","오아","VF107","73956461","오아 워터쉴드넥 스마트폰 4중잠금 방수팩 + 넥스트랩 클라우디블루 1세트","8800367920179","발주가능","정상","0","0","10","5520","0","0","0","","NO","0.411"
"20260825","CE","Cell Phone & Acc.","방수팩/방수케이스","오아","VF107","73975553","오아 워터쉴드 크로스 다용도 수납 에어쿠션 스마트폰 방수팩 어비스블랙 1개","8800367920209","발주가능","정상","5","0","10","9284","1","1","0","","NO","0.411"
"20260825","CE","Cell Phone & Acc.","보조배터리","오아","FC","43431417","오아 퀵차지 PD/QC 3.0 고속충전 대용량 보조배터리 10000mAh 화이트 OBA-032WH","8809822424320","발주가능","정상","0","0","1","16933","1","1","0","","NO","0.691"
"20260825","CE","Cell Phone & Acc.","보조배터리","오아","VF107","43431417","오아 퀵차지 PD/QC 3.0 고속충전 대용량 보조배터리 10000mAh 화이트 OBA-032WH","8809822424320","발주가능","정상","1","2","4","16933","1","1","0","","NO","0.691"
"20260825","CE","Cell Phone & Acc.","보조배터리","오아","VF107","64257297","오아 퀵롤 고속 충전 일체형 C타입 보조배터리 10000mAh 베이지","8809822427291","발주가능","정상","1","1","9","14496","1","1","0","","NO","0.691"
"20260825","CE","Cell Phone & Acc.","보조배터리","오아","VF107","64287980","오아 퀵듀오 고속 충전 8핀 일체형 C타입 보조배터리 10000mAh 멀티단자 베이지 OBAT-001BE","8809822427307","발주가능","정상","0","4","33","21257","0","0","0","","NO","0.691"
"20260825","CE","Cell Phone & Acc.","보조배터리","오아","FC","64287980","오아 퀵듀오 고속 충전 8핀 일체형 C타입 보조배터리 10000mAh 멀티단자 베이지 OBAT-001BE","8809822427307","발주가능","정상","0","0","4","21257","0","0","0","","NO","0.691"
"20260825","CE","Cell Phone & Acc.","보조배터리","오아","VF107","68462854","오아 퀵차지탱크 PD 대용량  100W 고속충전 보조배터리 20000mAh 블랙 OBAT-003BK","8809822428489","발주가능","정상","0","1","30","36424","0","0","0","","NO","0.691"
"20260825","CE","Cell Phone & Acc.","보조배터리","오아","FC","68462854","오아 퀵차지탱크 PD 대용량  100W 고속충전 보조배터리 20000mAh 블랙 OBAT-003BK","8809822428489","발주가능","정상","0","0","3","36424","0","0","0","","NO","0.691"
"20260825","CE","Cell Phone & Acc.","보조배터리","오아","FC","70204974","오아 퀵맥 15W 맥세이프 초슬림 무선 충전 보조배터리 5000mAh 실버 OBAT-005SI","8809822428694","발주가능","정상","0","0","0","16994","0","0","0","","NO","0.691"
"20260825","CE","Cell Phone & Acc.","보조배터리","오아","VF107","70204974","오아 퀵맥 15W 맥세이프 초슬림 무선 충전 보조배터리 5000mAh 실버 OBAT-005SI","8809822428694","발주가능","정상","0","2","41","16994","0","0","0","","NO","0.691"
"20260825","CE","Cell Phone & Acc.","보조배터리","오아","VF107","70204975","오아 퀵맥 15W 맥세이프 초슬림 무선 충전 보조배터리 5000mAh 메탈그레이 OBAT-005MG","8809822428687","발주가능","정상","0","0","48","16994","0","0","0","","NO","0.691"
"20260825","CE","Cell Phone & Acc.","셀카봉/삼각대","오아","FC","10974363","오아 셀카프로 짐벌 블루투스 스마트폰 셀카봉 삼각대 OA-SS800, 블랙","8809487306672","발주가능","정상","0","0","14","30272","0","0","0","","NO","0.774"
"20260825","CE","Cell Phone & Acc.","셀카봉/삼각대","오아","VF107","10974363","오아 셀카프로 짐벌 블루투스 스마트폰 셀카봉 삼각대 OA-SS800, 블랙","8809487306672","발주가능","정상","0","0","14","30272","0","0","0","","NO","0.774"
"20260825","CE","Cell Phone & Acc.","충전기","오아","VF107","38310913","오아 폴드I 3in1 접이식 무선충전기 애플 아이폰 휴대용 고속 충전 에어팟 애플워치 호환","8809822422999","발주가능","정상","10","1","13","18151","1","1","0","","NO","0.842"
"20260825","CE","Cell Phone & Acc.","충전기","오아","VF107","39376011","오아 폴드A 3in1 접이식 무선충전기 안드로이드 갤럭시 휴대용 고속 충전 거치대 버즈 갤럭시워치 호환 화이트 1개","8809822423002","발주가능","정상","13","6","49","18151","1","1","0","","NO","0.842"
"20260825","CE","Cell Phone & Acc.","충전기","오아","FC","39376011","오아 폴드A 3in1 접이식 무선충전기 안드로이드 갤럭시 휴대용 고속 충전 거치대 버즈 갤럭시워치 호환 화이트 1개","8809822423002","발주가능","정상","0","0","1","18151","1","1","0","","NO","0.842"
"20260825","CE","Cell Phone & Acc.","충전기","오아","VF107","40639939","오아 25W 초소형 듀얼포트 PPS 초고속 PD 충전기 아이폰 갤럭시 C타입 어댑터","8809822424047","발주가능","정상","1","3","3","5786","1","1","0","","NO","0.842"
"20260825","CE","Cell Phone & Acc.","충전기","오아","VF107","61089339","오아 폴드 Qi2 맥세이프 접이식 3in1 고속 무선 충전 거치대 블랙 1개","8809822426416","발주가능","정상","0","0","3","29845","0","0","0","","NO","0.842"
"20260825","CE","Cell Phone & Acc.","충전기","오아","VF107","62498583","오아 큐브 멀티탭 PD35 고용량 4000W 콘센트 USB C타입 충전기 3구 멀티 어댑터 그린 1개","8809822427130","발주가능","정상","0","0","35","20039","0","0","0","","NO","0.842"
"20260825","CE","Cell Phone & Acc.","충전기","오아","FC","62499786","오아 PD35 고용량 4000W 콘센트 USB C타입 충전 3구 큐브 멀티탭 베이지 1개","8809822427147","발주가능","정상","0","0","3","20039","1","1","0","","NO","0.842"
"20260825","CE","Cell Phone & Acc.","충전기","오아","VF107","62499786","오아 PD35 고용량 4000W 콘센트 USB C타입 충전 3구 큐브 멀티탭 베이지 1개","8809822427147","발주가능","정상","2","5","60","20039","1","1","0","","NO","0.842"
"20260825","CE","Cell Phone & Acc.","충전기","오아","FC","64971361","오아 쁘띠차저 35W GaN PD 3.0 PPS 2포트 고속 듀얼 미니 멀티충전기 화이트 1개","8809822427543","발주가능","정상","0","0","1","9624","0","0","0","","NO","0.842"
"20260825","CE","Cell Phone & Acc.","충전기","오아","VF107","64971361","오아 쁘띠차저 35W GaN PD 3.0 PPS 2포트 고속 듀얼 미니 멀티충전기 화이트 1개","8809822427543","발주가능","정상","0","1","7","9624","0","0","0","","NO","0.842"
"20260825","CE","Cell Phone & Acc.","충전기","오아","VF107","65969750","오아 쁘띠차저 100W GaN PD 3.0 PPS 4포트 고속 멀티충전기 화이트 1개","8809822427567","발주가능","정상","0","1","12","48118","0","0","0","","NO","0.842"
"20260825","CE","Cell Phone & Acc.","충전기","오아","FC","68466892","오아 퀵롤차저 65W GaN C타입 케이블 일체형 초고속 2포트 멀티 고속 핸드폰 충전기 화이트  1개","8809822428649","발주가능","정상","0","0","4","13887","0","0","0","","NO","0.842"
"20260825","CE","Cell Phone & Acc.","충전기","오아","VF107","68466892","오아 퀵롤차저 65W GaN C타입 케이블 일체형 초고속 2포트 멀티 고속 핸드폰 충전기 화이트  1개","8809822428649","발주가능","정상","0","6","190","13887","0","0","0","","NO","0.842"
"20260825","CE","Cell Phone & Acc.","충전기","오아","VF107","68924611","오아 포켓롤 해외 여행용 5포트 PD 35W 초고속충전 멀티 어댑터 모닝라벤더 1개","8809822428847","발주가능","정상","8","0","8","23085","1","1","0","","YES","0.842"
"20260825","CE","Cell Phone & Acc.","충전기","오아","VF107","68934411","오아 포켓롤 해외 여행용 5포트 PD 35W 초고속충전 멀티 어댑터 레몬크림 1개","8809822428830","발주가능","정상","7","0","14","23085","1","1","0","","NO","0.842"
"20260825","CE","Cell Phone & Acc.","충전기","오아","FC","69040158","오아 퀵롤차저 65W GaN C타입 케이블 일체형 초고속 2포트 멀티 고속 휴대폰 충전기 BLACK 1개","8809822429493","발주가능","정상","0","0","2","13887","0","0","0","","NO","0.842"
"20260825","CE","Cell Phone & Acc.","충전기","오아","VF107","69040158","오아 퀵롤차저 65W GaN C타입 케이블 일체형 초고속 2포트 멀티 고속 휴대폰 충전기 BLACK 1개","8809822429493","발주가능","정상","0","1","146","13887","0","0","0","","NO","0.842"
"20260825","CE","Cell Phone & Acc.","충전기","오아","VF107","69766464","오아 큐브 멀티탭 PD35 고용량 4000W 콘센트 USB C타입 3구 멀티 어댑터 클라우디블루 1개","8809822429554","발주가능","정상","0","2","44","20039","0","0","0","","NO","0.842"
"20260825","CE","Cell Phone & Acc.","충전기","오아","FC","73523448","오아 퀵터보 Qi2.2 맥세이프 3in1 고속 무선 충전기 애플워치 아이폰 갤럭시 거치대 포그밀크 1개","8809822429509","발주가능","정상","0","0","1","29175","1","1","0","","NO","0.842"
"20260825","CE","Cell Phone & Acc.","충전기","오아","VF107","73523448","오아 퀵터보 Qi2.2 맥세이프 3in1 고속 무선 충전기 애플워치 아이폰 갤럭시 거치대 포그밀크 1개","8809822429509","발주가능","정상","2","4","65","29175","1","1","0","","NO","0.842"
"20260825","CE","Cell Phone & Acc.","충전케이블","오아","VF107","44581094","오아 몬스터L C타입 to USB-A 멀티 고속 충전 케이블 화이트 1개 3m","8809822424924","발주가능","정상","11","0","24","3533","1","1","0","","NO","0.505"
"20260825","CE","Cell Phone & Acc.","충전케이블","오아","FC","44581094","오아 몬스터L C타입 to USB-A 멀티 고속 충전 케이블 화이트 1개 3m","8809822424924","발주가능","정상","0","0","1","3533","1","1","0","","NO","0.505"
"20260825","CE","Cell Phone & Acc.","충전케이블","오아","VF107","61879892","오아 몬스터M 4in1 c to c 8핀 USB 휴대폰 멀티 고속 충전 케이블 블랙 1개 100cm","8809822427055","발주가능","정상","0","0","6","4142","0","0","0","","NO","0.505"
"20260825","CE","Cell Phone & Acc.","충전케이블","오아","FC","69292185","오아 퀵스트랩 CtoC 고속 충전 케이블 핸드폰 목걸이줄 클라우디블루 1개 1.6m","8809822428717","발주가능","정상","0","0","1","5421","0","0","0","","NO","0.505"
"20260825","CE","Cell Phone & Acc.","충전케이블","오아","VF107","69292185","오아 퀵스트랩 CtoC 고속 충전 케이블 핸드폰 목걸이줄 클라우디블루 1개 1.6m","8809822428717","발주가능","정상","0","0","22","5421","0","0","0","","NO","0.505"
"20260825","CE","Cell Phone & Acc.","충전케이블","오아","FC","69292186","오아 퀵스트랩 CtoC 고속 충전 케이블 핸드폰 목걸이줄 코튼핑크 1개 1.6m","8809822428793","발주가능","정상","0","0","0","5421","0","0","0","","NO","0.505"
"20260825","CE","Cell Phone & Acc.","충전케이블","오아","VF107","69292186","오아 퀵스트랩 CtoC 고속 충전 케이블 핸드폰 목걸이줄 코튼핑크 1개 1.6m","8809822428793","발주가능","정상","0","0","26","5421","0","0","0","","NO","0.505"
"20260825","CE","Cell Phone & Acc.","충전케이블","오아","VF107","69292187","오아 퀵스트랩 CtoC 고속 충전 케이블 핸드폰 목걸이줄 샌드크림 1개 1.6m","8809822428809","발주가능","정상","0","0","18","5421","0","0","0","","NO","0.505"
"20260825","CE","Cell Phone & Acc.","충전케이블","오아","VF107","69803799","오아 몬스터M 4in1 ctoc 8핀 USB 휴대폰 멀티 고속 충전 케이블 비타오렌지 1개 1.5m","8809822429479","발주가능","정상","0","0","61","5256","0","0","0","","NO","0.505"
"20260825","CE","Cell Phone & Acc.","충전케이블","오아","FC","69803799","오아 몬스터M 4in1 ctoc 8핀 USB 휴대폰 멀티 고속 충전 케이블 비타오렌지 1개 1.5m","8809822429479","발주가능","정상","0","0","0","5256","0","0","0","","NO","0.505"
"20260825","CE","Cell Phone & Acc.","충전케이블","오아","FC","74826973","오아 몬스터 퀵 고속 충전 240W C타입 케이블 C to C 충전선 비타오렌지 1개 120cm","8800367920230","발주가능","정상","0","0","1","4642","0","0","0","","NO","0.505"
"20260825","CE","Cell Phone & Acc.","충전케이블","오아","VF107","74826973","오아 몬스터 퀵 고속 충전 240W C타입 케이블 C to C 충전선 비타오렌지 1개 120cm","8800367920230","발주가능","정상","0","1","15","4642","0","0","0","","NO","0.505"
"20260825","CE","Cell Phone & Acc.","충전케이블","오아","VF107","74826974","오아 몬스터 퀵 고속 충전 240W C타입 케이블 C to C 충전선 포그밀크 1개 120cm","8800367920223","발주가능","정상","0","0","15","4642","0","0","0","","NO","0.505"
"20260825","CE","Computer","CCTV/감시카메라","오아","FC","40636333","오아홈텍트","8809822424078","발주가능","정상","0","1","0","30333","0","0","0","","YES","0.822"
"20260825","CE","Computer","키보드","오아","VF107","5332788","오아접이식블루투스키보드-블랙","8809487300045","발주가능","정상","0","11","111","23024","0","0","0","","NO","0.671"
"20260825","CE","Computer","키보드","오아","FC","5332788","오아접이식블루투스키보드-블랙","8809487300045","발주가능","정상","0","0","7","23024","0","0","0","","NO","0.671"
"20260825","CE","Computer","키보드","오아","FC","5332789","오아접이식블루투스키보드-화이트","8809487300113","발주가능","정상","0","0","1","23024","1","1","0","","NO","0.671"
"20260825","CE","Computer","키보드","오아","VF107","5332789","오아접이식블루투스키보드-화이트","8809487300113","발주가능","정상","40","12","141","23024","1","1","0","","NO","0.671"
"20260825","CE","Computer","키보드","오아","VF107","51016959","오아 접이식 블루투스 무선 접이식 키보드 메탈그레이 OA-KB100MG","8809822425358","발주가능","정상","20","0","20","23024","0.0758","1","0","","YES","0.671"
"20260825","CE","Computer","키보드","오아","FC","51016959","오아 접이식 블루투스 무선 접이식 키보드 메탈그레이 OA-KB100MG","8809822425358","발주가능","정상","0","1","2","23024","0.0758","1","0","","YES","0.671"
"20260825","CE","Computer","키보드","오아","FC","57592449","오아 무선 콤보 일반형 무소음 키보드 + 마우스 세트 메탈그레이 OKBD-001BK 제조사축","8809822425921","발주가능","정상","0","1","1","22171","0","0","0","","NO","0.671"
"20260825","CE","Computer","키보드","오아","VF107","57592449","오아 무선 콤보 일반형 무소음 키보드 + 마우스 세트 메탈그레이 OKBD-001BK 제조사축","8809822425921","발주가능","정상","0","3","15","22171","0","0","0","","NO","0.671"
"20260825","CE","Digital","마이크","오아","VF107","41864123","오아 뮤즈S 블루투스 스피커 노래방 무선 마이크","8809822424467","발주가능","정상","0","4","82","18151","0","0","0","","NO","0.715"
"20260825","CE","Digital","마이크","오아","FC","41864123","오아 뮤즈S 블루투스 스피커 노래방 무선 마이크","8809822424467","발주가능","정상","0","0","7","18151","0","0","0","","NO","0.715"
"20260825","CE","Digital","미니스피커","오아","FC","4152606","오아 아이브릭 블루투스 스피커 OA-IBRICK 딥우드","8809487303275","발주가능","정상","0","0","2","15105","0.5232","1","0","","NO","0.800"
"20260825","CE","Digital","미니스피커","오아","VF107","4152606","오아 아이브릭 블루투스 스피커 OA-IBRICK 딥우드","8809487303275","발주가능","정상","158","33","369","15105","0.5232","1","0","","NO","0.800"
"20260825","CE","Digital","미니스피커","오아","FC","4152608","오아 아이브릭 블루투스 스피커 OA-IBRICK 골든우드","8809487303282","발주가능","정상","0","0","23","15105","1","1","0","","NO","0.800"
"20260825","CE","Digital","미니스피커","오아","VF107","4152608","오아 아이브릭 블루투스 스피커 OA-IBRICK 골든우드","8809487303282","발주가능","정상","55","15","236","15105","1","1","0","","NO","0.800"
"20260825","CE","Digital","미니스피커","오아","VF107","31743599","오아 미니 턴테이블 무선 블루투스 스피커 화이트 OSD-002WH","8809822422111","발주가능","정상","11","4","38","18212","0.234","1","0","","NO","0.800"
"20260825","CE","Digital","미니스피커","오아","FC","31743599","오아 미니 턴테이블 무선 블루투스 스피커 화이트 OSD-002WH","8809822422111","발주가능","정상","0","0","1","18212","0.234","1","0","","NO","0.800"
"20260825","CE","Digital","미니스피커","오아","VF107","35896315","오아 레트로 무선 블루투스 스피커 휴대용 미니 캠핑 감성 탁상용 인테리어 화이트 OSD-004WH","8809822422739","발주불가","단종","0","1","1","21196","0","0","0","","NO","0.800"
"20260825","CE","Digital","미니스피커","오아","VF107","62374813","오아 탭탭 블루투스 스피커 휴대용 미니 크림화이트 OSPK-005WH","8809822426959","발주가능","정상","1","0","2","13948","1","1","0","","NO","0.800"
"20260825","CE","Digital","미니스피커","오아","FC","62374813","오아 탭탭 블루투스 스피커 휴대용 미니 크림화이트 OSPK-005WH","8809822426959","발주가능","정상","0","0","2","13948","1","1","0","","NO","0.800"
"20260825","CE","Digital","미니스피커","오아","VF107","62421723","오아 휴대용 탭탭 무선 미니 블루투스 스피커 BUTTER YELLOW OSPK-005YE","8809822426966","발주가능","정상","0","0","3","13948","0","0","0","","NO","0.800"
"20260825","CE","Digital","미니스피커","오아","VF107","67974104","오아 촛불후 무선 블루투스 미니 스피커 무드등 촛불 케이크 핑크 OSPK-003PK","8809822426355","발주가능","정상","1","0","5","12121","1","1","0","","NO","0.800"
"20260825","CE","Digital","이어폰","오아","VF107","70530576","오아 렛츠플레이핏 무선 오픈형 클립형 이어버드 블루투스 이어폰 블랙 OEAP-006BK","8809822428656","발주가능","정상","0","0","32","21166","0","0","0","","NO","0.780"
"20260825","CE","Digital","이어폰","오아","VF107","70530577","오아 렛츠플레이핏 무선 오픈형 클립형 이어버드 블루투스 이어폰 베이지 OEAP-006BE","8809822428670","발주가능","정상","0","0","29","21166","0","0","0","","NO","0.780"
"20260825","CE","Digital","터치펜/액세서리","오아","VF107","39270777","오아 터치펜M 애플펜슬 2세대 호환 스타일러스 아이패드 터치 팬슬 스마트펜 화이트 1개","8809822423521","발주가능","정상","1","0","5","12060","1","1","0","","NO","0.277"
"20260825","CE","Digital","턴테이블","오아","VF107","42913903","오아 클래식 LP플레이어 턴테이블 블루투스 스피커 OSD-007WH","8809822424511","발주가능","정상","0","1","28","39469","0","0","0","","NO","0.662"
"20260825","CE","Digital","턴테이블","오아","FC","42913903","오아 클래식 LP플레이어 턴테이블 블루투스 스피커 OSD-007WH","8809822424511","발주가능","정상","0","0","0","39469","0","0","0","","NO","0.662"
"20260825","CE","Digital","헤드폰/헤드셋","오아","VF107","52211558","오아 투게더 헤드폰 무선 블루투스 노이즈캔슬링 접이식 헤드셋 아이보리 OEAP-002IV","8809822425457","발주가능","정상","0","0","5","19978","0","0","0","","NO","0.778"
"20260825","CE","Digital","헤드폰/헤드셋","오아","VF107","52217000","오아 투게더 헤드폰 무선 블루투스 노이즈캔슬링 접이식 헤드셋 블랙 OEAP-002BK","8809822425440","발주가능","정상","0","0","6","19978","0","0","0","","NO","0.778"
"20260825","CE","Digital","헤드폰/헤드셋","오아","VF107","66214618","오아 렛츠플레이 무선 블루투스 5.4 헤드폰 노이즈캔슬링 미니 접이식 헤드셋 베이지 OEAP-004BE","8809822426690","발주가능","정상","0","0","2","24242","0","0","0","","NO","0.778"
"20260825","CE","Digital","헤드폰/헤드셋","오아","VF107","66217025","오아 렛츠플레이 무선 블루투스 5.4 헤드폰 노이즈캔슬링 미니 접이식 헤드셋 블랙 OEAP-004BK","8809822426683","발주가능","정상","0","0","3","24242","0","0","0","","NO","0.778"
"20260825","CE","Digital Scale","체중/신장계","오아","VF107","12757668","오아 디지털 LED 체중계 몸무게 전자 저울 측정기","8809487307747","발주가능","정상","8","10","15","12060","1","1","0","","NO","0.847"
"20260825","CE","Digital Scale","체중/신장계","오아","FC","13373616","오아 디지털 LED 스마트 인바디 체지방 체중계 몸무게 전자 저울 측정기","8809487307730","발주가능","정상","0","0","1","15105","0.8333","1","0","","NO","0.847"
"20260825","CE","Digital Scale","체중/신장계","오아","VF107","13373616","오아 디지털 LED 스마트 인바디 체지방 체중계 몸무게 전자 저울 측정기","8809487307730","발주가능","정상","20","2","31","15105","0.8333","1","0","","NO","0.847"
"20260825","CE","Digital Scale","체중/신장계","오아","VF107","38977260","오아 ITO 스마트 인바디 디지털 체중계 정확한 가정용 몸무게 측정기","8809822423699","발주가능","정상","0","0","4","26130","0","0","0","","NO","0.847"
"20260825","CE","Digital Scale","체중/신장계","오아","FC","39030281","오아 아기 신생아 체중계 디지털 전자 유아 체중계 키 측정","8809822423644","발주가능","정상","0","0","0","24242","1","1","0","","NO","0.847"
"20260825","CE","Digital Scale","체중/신장계","오아","VF107","39030281","오아 아기 신생아 체중계 디지털 전자 유아 체중계 키 측정","8809822423644","발주가능","정상","16","1","39","24242","1","1","0","","NO","0.847"
"20260825","CE","Digital Scale","체중/신장계","오아","VF107","39147133","오아 스마트 체지방 체성분 핸드바 체중계PRO 화이트 OWM-005WH","8809822423842","발주가능","정상","4","1","5","46900","1","1","0","","NO","0.847"
"20260825","CE","Digital Scale","체중/신장계","오아","VF107","54145830","오아 그립인 스마트 체중계 가정용 체지방 디지털 체성분 측정기 OSCA-001WH","8809822425495","발주가능","정상","5","4","13","48118","0.8333","1","0","","NO","0.847"
"20260825","CE","Digital Scale","체중/신장계","오아","FC","54145830","오아 그립인 스마트 체중계 가정용 체지방 디지털 체성분 측정기 OSCA-001WH","8809822425495","발주가능","정상","0","0","0","48118","0.8333","1","0","","NO","0.847"
"20260825","CE","Electric Toothbrush","전동칫솔","브랜드없음","VF107","40245052","(장바구니사은품) 오아 클린이펭귄 유아 음파 전동칫솔 블루","R203712580001","일시중단","단종예정","0","0","0","0","0","0","0","","YES","0.812"
"20260825","CE","Electric Toothbrush","전동칫솔","오아","VF107","11671481","오아 클린이 소프트 자동 압력센서 음파 전동칫솔, 화이트","8809487307242","발주가능","정상","13","9","145","22415","0.1074","1","0","","NO","0.812"
"20260825","CE","Electric Toothbrush","전동칫솔","오아","FC","11671481","오아 클린이 소프트 자동 압력센서 음파 전동칫솔, 화이트","8809487307242","발주가능","정상","0","0","1","22415","0.1074","1","0","","NO","0.812"
"20260825","CE","Electric Toothbrush","전동칫솔","오아","VF107","12465755","오아 클린이 소프트 자동 압력센서 음파 전동칫솔 블랙","8809487307785","발주가능","정상","77","5","149","22415","0.9747","1","0","","NO","0.812"
"20260825","CE","Electric Toothbrush","전동칫솔","오아","FC","12465755","오아 클린이 소프트 자동 압력센서 음파 전동칫솔 블랙","8809487307785","발주가능","정상","0","0","0","22415","0.9747","1","0","","NO","0.812"
"20260825","CE","Electric Toothbrush","전동칫솔","오아","VF107","12674973","오아 클린이 소프트B 자동 압력센서 음파 전동 칫솔 화이트","8809487308102","발주가능","정상","30","5","57","20587","0.625","1","0","","NO","0.812"
"20260825","CE","Electric Toothbrush","전동칫솔","오아","FC","12674973","오아 클린이 소프트B 자동 압력센서 음파 전동 칫솔 화이트","8809487308102","발주가능","정상","0","0","3","20587","0.625","1","0","","NO","0.812"
"20260825","CE","Electric Toothbrush","전동칫솔","오아","VF107","12674974","오아 클린이 소프트B 자동 압력센서 음파 전동 칫솔 블랙","8809487308119","발주가능","정상","20","4","28","20587","0.6667","1","0","","NO","0.812"
"20260825","CE","Electric Toothbrush","전동칫솔","오아","FC","12674974","오아 클린이 소프트B 자동 압력센서 음파 전동 칫솔 블랙","8809487308119","발주가능","정상","0","0","7","20587","0.6667","1","0","","NO","0.812"
"20260825","CE","Electric Toothbrush","전동칫솔","오아","VF107","12775096","오아 클린이 소프트 음파 전동칫솔 2세트, VO-OC001(화이트,블랙)","8809487308560","발주가능","정상","5","2","13","42393","0.7143","1","0","","NO","0.812"
"20260825","CE","Electric Toothbrush","전동칫솔","오아","VF107","12775097","오아 클린이 소프트 음파 전동칫솔 2세트, VO-OC001(블랙)","8809487308546","발주가능","정상","2","0","5","42393","1","1","0","","NO","0.812"
"20260825","CE","Electric Toothbrush","전동칫솔","오아","VF107","12775098","BOX_오아 클린이 소프트 음파 전동칫솔 2세트, VO-OC001(화이트)","8809487308553","발주가능","정상","0","0","4","42393","0","0","0","","NO","0.812"
"20260825","CE","Electric Toothbrush","전동칫솔","오아","VF107","13101217","오아 클린이소프트R 자동압력센서 롤링터치 음파 전동 칫솔 화이트","8809487308126","발주가능","정상","6","1","6","26678","1","1","0","","YES","0.812"
"20260825","CE","Electric Toothbrush","전동칫솔","오아","VF107","13101218","오아 클린이소프트R 자동압력센서 롤링터치 음파 전동 칫솔 블랙","8809487308133","발주가능","정상","5","0","5","26678","1","1","0","","YES","0.812"
"20260825","CE","Electric Toothbrush","전동칫솔","오아","VF107","14218802","오아 클린이베어 어린이 음파 전동칫솔 블루","8809487308485","발주가능","정상","5","1","44","14801","1","1","0","","NO","0.812"
"20260825","CE","Electric Toothbrush","전동칫솔","오아","FC","14218802","오아 클린이베어 어린이 음파 전동칫솔 블루","8809487308485","발주가능","정상","0","0","3","14801","1","1","0","","NO","0.812"
"20260825","CE","Electric Toothbrush","전동칫솔","오아","FC","14218803","오아 클린이베어 어린이 음파 전동칫솔 핑크","8809487308492","발주가능","정상","0","0","12","14801","1","1","0","","NO","0.812"
"20260825","CE","Electric Toothbrush","전동칫솔","오아","VF107","14218803","오아 클린이베어 어린이 음파 전동칫솔 핑크","8809487308492","발주가능","정상","14","5","45","14801","1","1","0","","NO","0.812"
"20260825","CE","Electric Toothbrush","전동칫솔","오아","VF107","14473529","오아 유아용 클린이펭귄 블루 + 핑크 음파 전동 칫솔 세트","8809487309314","발주가능","정상","0","1","13","14070","0","0","0","","NO","0.812"
"20260825","CE","Electric Toothbrush","전동칫솔","오아","FC","16981939","오아 클린이베어 어린이 전동칫솔 블루 + 핑크 세트 OOT-007BL / PK","8809822420292","발주가능","정상","0","0","0","27775","1","1","0","","NO","0.812"
"20260825","CE","Electric Toothbrush","전동칫솔","오아","VF107","16981939","오아 클린이베어 어린이 전동칫솔 블루 + 핑크 세트 OOT-007BL / PK","8809822420292","발주가능","정상","4","3","8","27775","1","1","0","","NO","0.812"
"20260825","CE","Electric Toothbrush","전동칫솔","오아","FC","25433097","오아 클린이펭귄 유아 음파 전동칫솔 핑크 OOT-006PK","8809487308515","발주가능","정상","0","0","0","7492","1","1","0","","NO","0.812"
"20260825","CE","Electric Toothbrush","전동칫솔","오아","VF107","25433097","오아 클린이펭귄 유아 음파 전동칫솔 핑크 OOT-006PK","8809487308515","발주가능","정상","8","2","27","7492","1","1","0","","NO","0.812"
"20260825","CE","Electric Toothbrush","전동칫솔","오아","VF107","56651433","오아 덴티스윙 좌우 회전 음파 미세모 전동칫솔 화이트 1개 OETB-003WH","8809822425938","발주가능","정상","3","0","4","30394","1","1","0","","NO","0.812"
"20260825","CE","Electric Toothbrush","전동칫솔","오아","FC","56651433","오아 덴티스윙 좌우 회전 음파 미세모 전동칫솔 화이트 1개 OETB-003WH","8809822425938","발주가능","정상","0","0","1","30394","1","1","0","","NO","0.812"
"20260825","CE","Electric Toothbrush","전동칫솔","오아","VF107","58084222","오아 덴티스윙 좌우 회전 음파 전동칫솔 블랙 1세트 OETB-003WH","8809822426225","발주가능","정상","2","1","3","30394","1","1","0","","NO","0.812"
"20260825","CE","Electric Toothbrush","전동칫솔","오아","FC","62375802","오아 클린이스윙 좌우 회전 LCD 음파 전동 칫솔 화이트 1개 OETB-007WH","8809822427109","발주가능","정상","0","0","13","24303","0.5579","1","0","","NO","0.812"
"20260825","CE","Electric Toothbrush","전동칫솔","오아","VF107","62375802","오아 클린이스윙 좌우 회전 LCD 음파 전동 칫솔 화이트 1개 OETB-007WH","8809822427109","발주가능","정상","53","10","138","24303","0.5579","1","0","","NO","0.812"
"20260825","CE","Electric Toothbrush","전동칫솔","오아","FC","62378988","오아 클린이스윙 좌우 회전 LCD 음파 전동 칫솔 블랙 1개 OETB-007BK","8809822427116","발주가능","정상","0","1","0","24303","1","1","0","","NO","0.812"
"20260825","CE","Electric Toothbrush","전동칫솔","오아","VF107","62378988","오아 클린이스윙 좌우 회전 LCD 음파 전동 칫솔 블랙 1개 OETB-007BK","8809822427116","발주가능","정상","13","2","38","24303","1","1","0","","NO","0.812"
"20260825","CE","Electric Toothbrush","전동칫솔","오아","VF107","62379668","오아 스윙바스 좌우 회전 음파 전동 칫솔 화이트 1개 OORL-016WH","8809822426942","발주가능","정상","6","0","10","21257","1","1","0","","NO","0.812"
"20260825","CE","Electric Toothbrush","전동칫솔","오아","FC","72910681","오아 클린이스윙P 좌우 회전 무선 음파 전동 칫솔 미세모 진동 어비스블랙 1개 OETB-008YB","8809822429639","발주가능","정상","0","1","1","27287","0","0","0","","NO","0.812"
"20260825","CE","Electric Toothbrush","전동칫솔","오아","VF107","72910681","오아 클린이스윙P 좌우 회전 무선 음파 전동 칫솔 미세모 진동 어비스블랙 1개 OETB-008YB","8809822429639","발주가능","정상","0","1","82","27287","0","0","0","","NO","0.812"
"20260825","CE","Electric Toothbrush","전동칫솔","오아","FC","72910683","오아 클린이스윙P 좌우 회전 무선 음파 전동 칫솔 미세모 진동 포그밀크 1개 OETB-008FM","8809822429622","발주가능","정상","0","0","2","27287","0","0","0","","NO","0.812"
"20260825","CE","Electric Toothbrush","전동칫솔","오아","VF107","72910683","오아 클린이스윙P 좌우 회전 무선 음파 전동 칫솔 미세모 진동 포그밀크 1개 OETB-008FM","8809822429622","발주가능","정상","0","1","87","27287","0","0","0","","NO","0.812"
"20260825","CE","Electric Toothbrush","전동칫솔 액세서리","오아","FC","11671480","오아 클린이 소프트 전용 리필 칫솔모, VO-ET034, 화이트 4ea","8809487307235","발주가능","정상","0","0","2","5421","0.561","1","0","","NO","0.711"
"20260825","CE","Electric Toothbrush","전동칫솔 액세서리","오아","VF107","11671480","오아 클린이 소프트 전용 리필 칫솔모, VO-ET034, 화이트 4ea","8809487307235","발주가능","정상","694","93","1446","5421","0.561","1","0","","NO","0.711"
"20260825","CE","Electric Toothbrush","전동칫솔 액세서리","오아","VF107","12434130","오아 클린이소프트 전용 프리미엄 리필 칫솔모 블랙 4ea","8809487307815","발주가능","정상","516","64","1054","5421","0.5911","1","0","","NO","0.711"
"20260825","CE","Electric Toothbrush","전동칫솔 액세서리","오아","FC","12434130","오아 클린이소프트 전용 프리미엄 리필 칫솔모 블랙 4ea","8809487307815","발주가능","정상","0","0","3","5421","0.5911","1","0","","NO","0.711"
"20260825","CE","Electric Toothbrush","전동칫솔 액세서리","오아","VF107","14134778","오아 클린이 소프트 시리즈 전용 미세모 리필 칫솔모 블랙4ea","8809487308782","발주가능","정상","12","6","51","6944","1","1","0","","NO","0.711"
"20260825","CE","Electric Toothbrush","전동칫솔 액세서리","오아","FC","14134779","오아 클린이 소프트 시리즈 전용 미세모 리필 칫솔모 화이트 4ea","8809487308775","발주가능","정상","0","0","0","6944","0","0","0","","NO","0.711"
"20260825","CE","Electric Toothbrush","전동칫솔 액세서리","오아","VF107","14134779","오아 클린이 소프트 시리즈 전용 미세모 리필 칫솔모 화이트 4ea","8809487308775","발주가능","정상","0","15","85","6944","0","0","0","","NO","0.711"
"20260825","CE","Electric Toothbrush","전동칫솔 액세서리","오아","FC","32710937","오아 클린이소프트 시리즈 전용 리필 미세모 화이트 2P 1개 OET-076-OTOWH","8809487308751","발주가능","정상","0","1","8","3655","0","0","0","","NO","0.711"
"20260825","CE","Electric Toothbrush","전동칫솔 액세서리","오아","VF107","32710937","오아 클린이소프트 시리즈 전용 리필 미세모 화이트 2P 1개 OET-076-OTOWH","8809487308751","발주가능","정상","0","1","52","3655","0","0","0","","NO","0.711"
"20260825","CE","Electric Toothbrush","전동칫솔 액세서리","오아","VF107","32711387","오아 클린이소프트 시리즈 전용 리필 미세모 블랙 2P 1개 OET-078-OTOBK","8809487308768","발주가능","정상","0","4","51","3655","0","0","0","","NO","0.711"
"20260825","CE","Electric Toothbrush","전동칫솔 액세서리","오아","FC","32711387","오아 클린이소프트 시리즈 전용 리필 미세모 블랙 2P 1개 OET-078-OTOBK","8809487308768","발주가능","정상","0","0","2","3655","0","0","0","","NO","0.711"
"20260825","CE","Electric Toothbrush","전동칫솔 액세서리","오아","VF107","71042279","오아 클린이베어 & 핑크퐁 호환 리필 칫솔모 2P OET-070-OTOWH","8809487308522","발주가능","신규","0","0","1","2985","0","0","0","","NO","0.711"
"20260825","CE","Health Appliance","가정용칫솔살균기","오아","VF107","12685386","오아 클린이퓨어 Air LED무선 칫솔 살균 건조기","8809487308089","발주가능","정상","6","3","13","21196","1","1","0","","NO","0.932"
"20260825","CE","Health Appliance","가정용칫솔살균기","오아","VF107","27515992","오아 클린이퓨어ProD  화이트 OTS-005WH","8809822421879","발주가능","정상","12","3","29","16933","1","1","0","","NO","0.932"
"20260825","CE","Health Appliance","가정용칫솔살균기","오아","FC","27515992","오아 클린이퓨어ProD  화이트 OTS-005WH","8809822421879","발주가능","정상","0","0","0","16933","1","1","0","","NO","0.932"
"20260825","CE","Health Appliance","가정용칫솔살균기","오아","VF107","35403063","오아클린이퓨어C 화이트 OTS-006WH","8809822422661","발주가능","정상","5","0","13","30333","0.625","1","0","","NO","0.932"
"20260825","CE","Health Appliance","구강세척기","오아","VF107","12846215","오아 클린이워터B 휴대용 무선 구강세정기","8809487308195","발주가능","정상","501","342","4993","24242","1","1","0","","NO","0.773"
"20260825","CE","Health Appliance","구강세척기","오아","FC","12846215","오아 클린이워터B 휴대용 무선 구강세정기","8809487308195","발주가능","정상","0","4","30","24242","1","1","0","","NO","0.773"
"20260825","CE","Health Appliance","구강세척기","오아","FC","12846219","오아 클린이워터D 휴대용 LCD 무선 구강세정기","8809487308201","발주가능","정상","0","0","1","26678","0.435","1","0","","NO","0.773"
"20260825","CE","Health Appliance","구강세척기","오아","VF107","12846219","오아 클린이워터D 휴대용 LCD 무선 구강세정기","8809487308201","발주가능","정상","77","13","170","26678","0.435","1","0","","NO","0.773"
"20260825","CE","Health Appliance","구강세척기","오아","VF107","13473750","오아 클린이워터F 대용량 1L 구강 세정 세척기","8809487308263","발주가능","정상","34","13","43","30333","0.1753","1","0","","NO","0.773"
"20260825","CE","Health Appliance","구강세척기","오아","FC","13473750","오아 클린이워터F 대용량 1L 구강 세정 세척기","8809487308263","발주가능","정상","0","0","0","30333","0.1753","1","0","","NO","0.773"
"20260825","CE","Health Appliance","구강세척기","오아","VF107","37843037","오아 클린이컴팩트 OOR-012WH","8809822423095","발주가능","정상","17","6","27","23024","0.68","1","0","","NO","0.773"
"20260825","CE","Health Appliance","구강세척기","오아","FC","37843037","오아 클린이컴팩트 OOR-012WH","8809822423095","발주가능","정상","0","0","6","23024","0.68","1","0","","NO","0.773"
"20260825","CE","Health Appliance","구강세척기","오아","FC","39663616","오아 클린이워터S 휴대용 무선 구강세정기 OOR-013WH","8809822423453","발주가능","정상","0","1","0","23024","0","0","0","","YES","0.773"
"20260825","CE","Health Appliance","구강세척기","오아","VF107","39663616","오아 클린이워터S 휴대용 무선 구강세정기 OOR-013WH","8809822423453","발주가능","정상","0","1","0","23024","0","0","0","","YES","0.773"
"20260825","CE","Health Appliance","구강세척기","오아","VF107","50012601","오아 퓨어필워터 휴대용 무선 구강세정기 화이트 OOR-014WH","8809822423460","발주가능","정상","7","3","16","22415","0.5385","1","0","","NO","0.773"
"20260825","CE","Health Appliance","구강세척기","오아","VF107","55357095","오아 클린이포터블 휴대용 접이식 무선 구강세정기 화이트 OORL-013WH","8809822425754","발주가능","정상","21","17","107","24242","0.0438","1","0","","NO","0.773"
"20260825","CE","Health Appliance","구강세척기","오아","FC","55357095","오아 클린이포터블 휴대용 접이식 무선 구강세정기 화이트 OORL-013WH","8809822425754","발주가능","정상","0","0","1","24242","0.0438","1","0","","NO","0.773"
"20260825","CE","Health Appliance","구강세척기","오아","VF107","55357155","오아 클린이워터J 휴대용 무선 구강세정기 화이트 OORL-014WH","8809822425778","발주가능","정상","50","9","112","23085","0.8333","1","0","","NO","0.773"
"20260825","CE","Health Appliance","구강세척기","오아","FC","55357155","오아 클린이워터J 휴대용 무선 구강세정기 화이트 OORL-014WH","8809822425778","발주가능","정상","0","0","10","23085","0.8333","1","0","","NO","0.773"
"20260825","CE","Health Appliance","구강세척기","오아","FC","69772625","오아 클린이워터B-UV 휴대용 구강세정기 물치실 IPX7 방수 치아세정기 클라우디블루 OORL-018CB","8809822428731","발주가능","정상","0","0","1","26739","0","0","0","","NO","0.773"
"20260825","CE","Health Appliance","구강세척기","오아","VF107","69772625","오아 클린이워터B-UV 휴대용 구강세정기 물치실 IPX7 방수 치아세정기 클라우디블루 OORL-018CB","8809822428731","발주가능","정상","0","6","192","26739","0","0","0","","NO","0.773"
"20260825","CE","Health Appliance","구강세척기","오아","FC","69772627","오아 클린이워터B-UV 휴대용 구강세정기 물치실 IPX7 방수 치아세정기 차콜스톤 OORL-018CS","8809822428748","발주가능","정상","0","0","2","26739","0.5532","1","0","","NO","0.773"
"20260825","CE","Health Appliance","구강세척기","오아","VF107","69772627","오아 클린이워터B-UV 휴대용 구강세정기 물치실 IPX7 방수 치아세정기 차콜스톤 OORL-018CS","8809822428748","발주가능","정상","104","10","291","26739","0.5532","1","0","","NO","0.773"
"20260825","CE","Health Appliance","구강세척기","오아","FC","69772629","오아 클린이워터B-UV 휴대용 구강세정기 물치실 IPX7 방수 치아세정기 포그밀크 OORL-018FM","8809822428724","발주가능","정상","0","1","21","26739","0.6468","1","0","","NO","0.773"
"20260825","CE","Health Appliance","구강세척기","오아","VF107","69772629","오아 클린이워터B-UV 휴대용 구강세정기 물치실 IPX7 방수 치아세정기 포그밀크 OORL-018FM","8809822428724","발주가능","정상","575","52","814","26739","0.6468","1","0","","NO","0.773"
"20260825","CE","Health Appliance","구강세척기","오아","FC","73461995","오아 클린이워터J2 휴대용 구강세정기 무선 물치실 포그밀크 OORL-020FM","8809822429516","발주가능","정상","0","0","1","18212","0","0","0","","YES","0.773"
"20260825","CE","Health Appliance","구강세척기","오아","FC","74685916","오아 클린이워터J3 휴대용 무선 충전 구강세정기 물치실 치아세정기 포그밀크 OORL-022FM","8809822429660","발주가능","정상","0","0","0","30394","0","0","0","","NO","0.773"
"20260825","CE","Health Appliance","구강세척기","오아","VF107","74685916","오아 클린이워터J3 휴대용 무선 충전 구강세정기 물치실 치아세정기 포그밀크 OORL-022FM","8809822429660","발주가능","정상","0","1","48","30394","0","0","0","","NO","0.773"
"20260825","CE","Health Appliance","마사지기","오아","VF107","4125377","오아 슬리머 마사지기 OA-MA900 (브라운)","8809487303572","발주가능","정상","179","46","385","19978","1","1","0","","NO","0.754"
"20260825","CE","Health Appliance","마사지기","오아","FC","4125377","오아 슬리머 마사지기 OA-MA900 (브라운)","8809487303572","발주가능","정상","0","0","3","19978","1","1","0","","NO","0.754"
"20260825","CE","Health Appliance","마사지기","오아","VF107","8122806","오아 아이프로 안마기 무선 눈 마사지기 기계 온열 찜질기","8809487305095","발주가능","정상","8","2","19","41418","0.6667","1","0","","NO","0.754"
"20260825","CE","Health Appliance","마사지기","오아","FC","8122806","오아 아이프로 안마기 무선 눈 마사지기 기계 온열 찜질기","8809487305095","발주가능","정상","0","0","1","41418","0.6667","1","0","","NO","0.754"
"20260825","CE","Health Appliance","마사지기","오아","VF107","10121189","오아 무선 넥앤숄더 고급 안마기 온열 목 어깨 마사지기 OA-MA012","8809487306061","발주가능","정상","0","0","35","59082","0","0","0","","NO","0.754"
"20260825","CE","Health Appliance","마사지기","오아","VF107","10124384","오아 넥앤숄더 고급 안마기 온열 목 어깨 마사지기 OA-MA010","8809487306054","발주가능","정상","0","0","3","47448","0","0","0","","NO","0.754"
"20260825","CE","Health Appliance","마사지기","오아","VF107","10858043","오아 트래블러 여행용 무선 목베개 마사지기 안마기 OA-MA028","8809487306702","발주가능","정상","2","0","8","14710","1","1","0","","NO","0.754"
"20260825","CE","Health Appliance","마사지기","오아","FC","10858043","오아 트래블러 여행용 무선 목베개 마사지기 안마기 OA-MA028","8809487306702","발주가능","정상","0","0","1","14710","1","1","0","","NO","0.754"
"20260825","CE","Health Appliance","마사지기","오아","FC","11104533","오아 손편한세상 무선 손 안마기 핸드 손목 마사지기 손가락 지압기","8809487307143","발주가능","정상","0","0","1","46900","1","1","0","","NO","0.754"
"20260825","CE","Health Appliance","마사지기","오아","VF107","11104533","오아 손편한세상 무선 손 안마기 핸드 손목 마사지기 손가락 지압기","8809487307143","발주가능","정상","2","0","4","46900","1","1","0","","NO","0.754"
"20260825","CE","Health Appliance","마사지기","오아","VF107","11229298","오아 눈편한세상 눈 안마기 무선 마사지 기계 온열 찜질기","8809487307204","발주가능","정상","119","15","239","21196","0.7","1","0","","NO","0.754"
"20260825","CE","Health Appliance","마사지기","오아","FC","11229298","오아 눈편한세상 눈 안마기 무선 마사지 기계 온열 찜질기","8809487307204","발주가능","정상","0","0","0","21196","0.7","1","0","","NO","0.754"
"20260825","CE","Health Appliance","마사지기","오아","VF107","11288089","오아 굿모닝 무선 베개 안마기 목 어깨 쿠션 온열 마사지기 OA-MA029","8809487306863","발주가능","정상","0","1","11","48057","0","0","0","","NO","0.754"
"20260825","CE","Health Appliance","마사지기","오아","FC","11288089","오아 굿모닝 무선 베개 안마기 목 어깨 쿠션 온열 마사지기 OA-MA029","8809487306863","발주가능","정상","0","0","0","48057","0","0","0","","NO","0.754"
"20260825","CE","Health Appliance","마사지기","오아","VF107","12263239","오아 굿나잇 온열안대 눈 수면안대 눈찜질 아이마스크","8809487306924","발주가능","정상","0","1","26","18151","0","0","0","","NO","0.754"
"20260825","CE","Health Appliance","마사지기","오아","FC","12263239","오아 굿나잇 온열안대 눈 수면안대 눈찜질 아이마스크","8809487306924","발주가능","정상","0","0","3","18151","0","0","0","","NO","0.754"
"20260825","CE","Health Appliance","마사지기","오아","VF107","12439390","오아 바디스팟S 저주파 EMS 휴대용 전신 미니 마사지 본체+바디패드3p, OA-MA021","8809487306405","발주가능","정상","6","3","19","18151","0.6","1","0","","NO","0.754"
"20260825","CE","Health Appliance","마사지기","오아","VF107","13195811","오아 듀얼 무릎 마사지기 V2 무선 온열 마사지 찜질 안마기OMS-008BE","8809487308140","발주가능","정상","5","2","9","83445","0.7143","1","0","","NO","0.754"
"20260825","CE","Health Appliance","마사지기","오아","FC","13195811","오아 듀얼 무릎 마사지기 V2 무선 온열 마사지 찜질 안마기OMS-008BE","8809487308140","발주가능","정상","0","0","0","83445","0.7143","1","0","","NO","0.754"
"20260825","CE","Health Appliance","마사지기","오아","VF107","13745117","오아 슈퍼건 안마기 초소형 휴대용 무선 핸디 전동 마사지건 진동 마사지기 승모근 마사지","8809487308836","발주가능","정상","4","6","26","24242","1","1","0","","NO","0.754"
"20260825","CE","Health Appliance","마사지기","오아","VF107","14107560","오아 바디스팟 knee EMS 저주파 자극 무릎 안마기 무선 미니 어깨 마사지기","8809487308829","발주가능","정상","10","0","14","27287","1","1","0","","NO","0.754"
"20260825","CE","Health Appliance","마사지기","오아","FC","14299890","오아 다리360 안마기 다리 종아리 발목 발 마사지기","8809487308577","발주가능","정상","0","0","1","107809","1","1","0","","NO","0.754"
"20260825","CE","Health Appliance","마사지기","오아","VF107","14299890","오아 다리360 안마기 다리 종아리 발목 발 마사지기","8809487308577","발주가능","정상","7","0","13","107809","1","1","0","","NO","0.754"
"20260825","CE","Health Appliance","마사지기","오아","VF107","15414324","오아 아이콕 눈 안마기 무선 마사지기 기계 온열 찜질기","8809487309130","발주가능","정상","7","0","8","23024","1","1","0","","NO","0.754"
"20260825","CE","Health Appliance","마사지기","오아","FC","15414324","오아 아이콕 눈 안마기 무선 마사지기 기계 온열 찜질기","8809487309130","발주가능","정상","0","0","0","23024","1","1","0","","NO","0.754"
"20260825","CE","Health Appliance","마사지기","오아","VF107","18980681","오아 바디스팟W 손목 마사지기 OMS-017BK","8809822420117","발주가능","정상","18","2","23","18151","1","1","0","","NO","0.754"
"20260825","CE","Health Appliance","마사지기","오아","FC","18980681","오아 바디스팟W 손목 마사지기 OMS-017BK","8809822420117","발주가능","정상","0","0","0","18151","1","1","0","","NO","0.754"
"20260825","CE","Health Appliance","마사지기","오아","FC","19365568","오아 힐스케어 온열 공기압 손목 발목 마사지기 OMS-016WH","8809822420100","발주가능","정상","0","0","1","34718","0","0","0","","NO","0.754"
"20260825","CE","Health Appliance","마사지기","오아","VF107","19365568","오아 힐스케어 온열 공기압 손목 발목 마사지기 OMS-016WH","8809822420100","발주가능","정상","0","0","13","34718","0","0","0","","NO","0.754"
"20260825","CE","Health Appliance","마사지기","오아","FC","26426530","오아 슬리머 안마기 쿠션형 마사지기-베이지","8809487307655","발주가능","정상","0","0","2","19978","0.5541","1","0","","NO","0.754"
"20260825","CE","Health Appliance","마사지기","오아","VF107","26426530","오아 슬리머 안마기 쿠션형 마사지기-베이지","8809487307655","발주가능","정상","174","14","442","19978","0.5541","1","0","","NO","0.754"
"20260825","CE","Health Appliance","마사지기","오아","FC","35192489","오아 넥큐어 온열 저주파 EMS 초경량 목 마사지기 OMS-039WH","8809822422494","발주가능","정상","0","0","0","24242","1","1","0","","NO","0.754"
"20260825","CE","Health Appliance","마사지기","오아","VF107","35192489","오아 넥큐어 온열 저주파 EMS 초경량 목 마사지기 OMS-039WH","8809822422494","발주가능","정상","1","0","8","24242","1","1","0","","NO","0.754"
"20260825","CE","Health Appliance","마사지기","오아","FC","36608029","오아 아이템플 OMS-025WH","8809822423187","발주가능","정상","0","0","2","42027","1","1","0","","NO","0.754"
"20260825","CE","Health Appliance","마사지기","오아","VF107","36608029","오아 아이템플 OMS-025WH","8809822423187","발주가능","정상","2","0","11","42027","1","1","0","","NO","0.754"
"20260825","CE","Health Appliance","마사지기","오아","FC","37034524","오아 스트레칭 마사지기 전신 목 어깨 허리 안마기 에어 안마 매트","8809822422814","발주가능","정상","0","0","2","107809","0.6","1","0","","NO","0.754"
"20260825","CE","Health Appliance","마사지기","오아","VF107","37034524","오아 스트레칭 마사지기 전신 목 어깨 허리 안마기 에어 안마 매트","8809822422814","발주가능","정상","3","1","11","107809","0.6","1","0","","NO","0.754"
"20260825","CE","Health Appliance","마사지기","오아","FC","38183281","오아 넥스트레쳐 목 마사지기 거북목 스트레칭 EMS 저주파 안마기 OMS-026BE","8809822423330","발주가능","정상","0","0","1","24242","1","1","0","","NO","0.754"
"20260825","CE","Health Appliance","마사지기","오아","VF107","38183281","오아 넥스트레쳐 목 마사지기 거북목 스트레칭 EMS 저주파 안마기 OMS-026BE","8809822423330","발주가능","정상","6","1","26","24242","1","1","0","","NO","0.754"
"20260825","CE","Health Appliance","마사지기","오아","FC","40640374","오아 전기 온열찜질기 OMS-028DG","8809822424085","발주가능","정상","0","0","1","24242","1","1","0","","NO","0.754"
"20260825","CE","Health Appliance","마사지기","오아","VF107","40640374","오아 전기 온열찜질기 OMS-028DG","8809822424085","발주가능","정상","15","4","23","24242","1","1","0","","NO","0.754"
"20260825","CE","Health Appliance","마사지기","오아","FC","40982029","오아 허그워머 무선 온열 전기 찜질기 OMS-027WH","8809822424184","발주가능","정상","0","0","1","21196","1","1","0","","NO","0.754"
"20260825","CE","Health Appliance","마사지기","오아","VF107","40982029","오아 허그워머 무선 온열 전기 찜질기 OMS-027WH","8809822424184","발주가능","정상","7","0","11","21196","1","1","0","","NO","0.754"
"20260825","CE","Health Appliance","마사지기","오아","FC","43252471","오아 무선 온열 바디케어 전신 목 어깨 허리 종아리 휴대용 쿠션 안마기 OMS-031BE","8809822424535","발주가능","정상","0","0","1","29115","0.913","1","0","","NO","0.754"
"20260825","CE","Health Appliance","마사지기","오아","VF107","43252471","오아 무선 온열 바디케어 전신 목 어깨 허리 종아리 휴대용 쿠션 안마기 OMS-031BE","8809822424535","발주가능","정상","21","3","69","29115","0.913","1","0","","NO","0.754"
"20260825","CE","Health Appliance","마사지기","오아","FC","44916947","오아 바디건 OMS-034BE","8809822424863","발주가능","정상","0","0","1","20648","0","0","0","","YES","0.754"
"20260825","CE","Health Appliance","마사지기","오아","VF107","44916947","오아 바디건 OMS-034BE","8809822424863","발주가능","정상","0","5","1","20648","0","0","0","","YES","0.754"
"20260825","CE","Health Appliance","마사지기","오아","VF107","47861038","오아 히트스팟W 미니 손목 무선 EMS 저주파 마사지기 OMS-037BK 블랙","8809822425075","발주가능","정상","0","2","167","23024","0","0","0","","NO","0.754"
"20260825","CE","Health Appliance","마사지기","오아","FC","47861038","오아 히트스팟W 미니 손목 무선 EMS 저주파 마사지기 OMS-037BK 블랙","8809822425075","발주가능","정상","0","0","22","23024","0","0","0","","NO","0.754"
"20260825","CE","Health Appliance","마사지기","오아","FC","48477550","오아 멀티마사지건 무선 핸드 안마기 목 어깨 전신 마사지기","8809822425112","발주가능","정상","0","0","0","46900","0.5789","1","0","","NO","0.754"
"20260825","CE","Health Appliance","마사지기","오아","VF107","48477550","오아 멀티마사지건 무선 핸드 안마기 목 어깨 전신 마사지기","8809822425112","발주가능","정상","11","1","19","46900","0.5789","1","0","","NO","0.754"
"20260825","CE","Health Appliance","마사지기","오아","VF107","50709616","오아 에어 핸드 손 마사지기 무선 온열 손목 안마기 화이트 OMSG-009WH","8809822425297","발주가능","정상","0","2","10","53539","0","0","0","","NO","0.754"
"20260825","CE","Health Appliance","마사지기","오아","VF107","50725354","오아 어깨 찜질기 온열 전기 목 등 찜질 찜질팩 온열기 딥그레이 OMS-033DG","8809822425327","발주가능","정상","39","1","81","29115","1","1","0","","NO","0.754"
"20260825","CE","Health Appliance","마사지기","오아","FC","50725354","오아 어깨 찜질기 온열 전기 목 등 찜질 찜질팩 온열기 딥그레이 OMS-033DG","8809822425327","발주가능","정상","0","0","0","29115","1","1","0","","NO","0.754"
"20260825","CE","Health Appliance","마사지기","오아","VF107","50875168","오아 커버넥 무선 목 어깨 온열 마사지기 베이지 OMSG-010BE","8809822425426","발주가능","정상","11","2","18","53478","1","1","0","","NO","0.754"
"20260825","CE","Health Appliance","마사지기","오아","FC","50875168","오아 커버넥 무선 목 어깨 온열 마사지기 베이지 OMSG-010BE","8809822425426","발주가능","정상","0","0","0","53478","1","1","0","","NO","0.754"
"20260825","CE","Health Appliance","마사지기","오아","FC","52874174","오아 포그니 발 온열 찜질기 다크그레이 OMTM-001DG","8809822425518","발주가능","정상","0","0","1","24242","0","0","0","","NO","0.754"
"20260825","CE","Health Appliance","마사지기","오아","VF107","52874174","오아 포그니 발 온열 찜질기 다크그레이 OMTM-001DG","8809822425518","발주가능","정상","0","3","73","24242","0","0","0","","NO","0.754"
"20260825","CE","Health Appliance","마사지기","오아","VF107","55610213","오아 레그스파 EMS 종아리 마사지 공기압 저주파 다리 안마 퍼플 OMSG-016NV 양쪽착용","8809822425884","발주가능","정상","5","1","12","59691","1","1","0","","NO","0.754"
"20260825","CE","Health Appliance","마사지기","오아","FC","55610213","오아 레그스파 EMS 종아리 마사지 공기압 저주파 다리 안마 퍼플 OMSG-016NV 양쪽착용","8809822425884","발주가능","정상","0","0","1","59691","1","1","0","","NO","0.754"
"20260825","CE","Health Appliance","마사지기","오아","VF107","57422656","오아 롤링스팟 EMS 다리 마사지기 종아리 발 안마기 블랙 OMSG-017","8809822426164","발주가능","정상","0","1","127","29175","0","0","0","","NO","0.754"
"20260825","CE","Health Appliance","마사지기","오아","VF107","60133592","오아 다리마사지기 온열 종아리 발 안마기 네이비 OMSG-019","8809822426720","발주가능","정상","4","1","7","42515","1","1","0","","NO","0.754"
"20260825","CE","Health Appliance","마사지기","오아","FC","60133592","오아 다리마사지기 온열 종아리 발 안마기 네이비 OMSG-019","8809822426720","발주가능","정상","0","0","0","42515","1","1","0","","NO","0.754"
"20260825","CE","Health Appliance","마사지기","오아","VF107","61766007","오아 무빙볼 무선 온열 등 허리 롤링 쿠션 의자 안마기 베이지 OMSG-018BE","8809822426331","발주가능","정상","0","0","27","54209","0","0","0","","NO","0.754"
"20260825","CE","Health Appliance","마사지기","오아","FC","61766007","오아 무빙볼 무선 온열 등 허리 롤링 쿠션 의자 안마기 베이지 OMSG-018BE","8809822426331","발주가능","정상","0","0","0","54209","0","0","0","","NO","0.754"
"20260825","CE","Health Appliance","마사지기","오아","VF107","64214258","오아 히트스팟S 미니 손목 무선 EMS 저주파 온열 마사지기 베이지 OMSG-025BE","8809822427673","발주가능","정상","65","9","86","29175","0.8553","1","0","","NO","0.754"
"20260825","CE","Health Appliance","마사지기","오아","FC","64214258","오아 히트스팟S 미니 손목 무선 EMS 저주파 온열 마사지기 베이지 OMSG-025BE","8809822427673","발주가능","정상","0","0","2","29175","0.8553","1","0","","NO","0.754"
"20260825","CE","Health Appliance","마사지기","오아","FC","64214259","오아 히트스팟S 미니 손목 무선 EMS 저주파 온열 마사지기 블랙 OMSG-025BK","8809822427666","발주가능","정상","0","0","0","29175","0.6166","1","0","","NO","0.754"
"20260825","CE","Health Appliance","마사지기","오아","VF107","64214259","오아 히트스팟S 미니 손목 무선 EMS 저주파 온열 마사지기 블랙 OMSG-025BK","8809822427666","발주가능","정상","119","11","262","29175","0.6166","1","0","","NO","0.754"
"20260825","CE","Health Appliance","마사지기","오아","VF107","64223250","오아 굿슬립 PRO 무선 목 어깨 승모근 마사지기 온열 안마기 아이보리 OMSG-015IV2","8809822427529","발주가능","정상","0","0","17","48118","0","0","0","","NO","0.754"
"20260825","CE","Health Appliance","마사지기","오아","VF107","66358440","오아 히트워머 무선 온열 허리 찜질기 복부 배 마사지기 OMTM-004PK 핑크","8809822428069","발주가능","정상","59","0","59","19978","1","1","0","","YES","0.754"
"20260825","CE","Health Appliance","마사지기","오아","FC","66358440","오아 히트워머 무선 온열 허리 찜질기 복부 배 마사지기 OMTM-004PK 핑크","8809822428069","발주가능","정상","0","0","0","19978","1","1","0","","YES","0.754"
"20260825","CE","Health Appliance","마사지기","오아","VF107","67191572","오아 무선 휴대용 볼트건 안마기 OMSG-024BK 블랙","8809822427918","발주가능","정상","26","2","77","24303","1","1","0","","NO","0.754"
"20260825","CE","Health Appliance","마사지기","오아","FC","67191572","오아 무선 휴대용 볼트건 안마기 OMSG-024BK 블랙","8809822427918","발주가능","정상","0","0","1","24303","1","1","0","","NO","0.754"
"20260825","CE","Health Appliance","마사지기","오아","FC","67627331","오아 웨이스트레쳐 무선 EMS 저주파 등 허리 마사지기 스트레칭 온열 찜질 안마기 베이지 OMSG-020BE","8809822428076","발주가능","정상","0","0","1","33378","1","1","0","","NO","0.754"
"20260825","CE","Health Appliance","마사지기","오아","VF107","67627331","오아 웨이스트레쳐 무선 EMS 저주파 등 허리 마사지기 스트레칭 온열 찜질 안마기 베이지 OMSG-020BE","8809822428076","발주가능","정상","6","0","6","33378","1","1","0","","NO","0.754"
"20260825","CE","Health Appliance","마사지기","오아","VF107","67891311","오아 온열찜질기W 허리 배 어깨 복부 무릎 전기 찜질팩 베이지 OMTM-003BE","8809822428137","발주가능","정상","11","4","51","24303","0.3438","1","0","","NO","0.754"
"20260825","CE","Health Appliance","마사지기","오아","FC","68880617","오아 넥스트레쳐S 목 마사지기 스트레칭 EMS 저주파 베이지 OMSG-021BE","8809822427697","발주가능","정상","0","0","1","30394","1","1","0","","NO","0.754"
"20260825","CE","Health Appliance","마사지기","오아","VF107","68880617","오아 넥스트레쳐S 목 마사지기 스트레칭 EMS 저주파 베이지 OMSG-021BE","8809822427697","발주가능","정상","8","1","28","30394","1","1","0","","NO","0.754"
"20260825","CE","Health Appliance","마사지기","오아","FC","69770093","오아 효도손 마사지기 갈고리형 전신 허리 등 어깨 휴대용 무선 전동 안마기 블랙 OMSG-001BK","8809822425419","발주가능","정상","0","0","0","36424","0.3043","1","0","","NO","0.754"
"20260825","CE","Health Appliance","마사지기","오아","VF107","69770093","오아 효도손 마사지기 갈고리형 전신 허리 등 어깨 휴대용 무선 전동 안마기 블랙 OMSG-001BK","8809822425419","발주가능","정상","7","4","55","36424","0.3043","1","0","","NO","0.754"
"20260825","CE","Health Appliance","전자족탕기","오아","FC","52270898","오아 버블풋 접이식 족욕기 습식 발 가정용 족탕기 화이트 OMS-024WH","8809822423156","발주가능","정상","0","0","0","32769","0","0","0","","NO","0.770"
"20260825","CE","Health Appliance","전자족탕기","오아","VF107","52270898","오아 버블풋 접이식 족욕기 습식 발 가정용 족탕기 화이트 OMS-024WH","8809822423156","발주가능","정상","0","4","72","32769","0","0","0","","NO","0.770"
"20260825","CE","Health Appliance","전자족탕기","오아","FC","66546178","오아 폴딩풋스파 접이식 가정용 족탕기 화이트 OFBA-001WH","8809822428021","발주가능","정상","0","0","0","33378","1","1","0","","NO","0.770"
"20260825","CE","Health Appliance","전자족탕기","오아","VF107","66546178","오아 폴딩풋스파 접이식 가정용 족탕기 화이트 OFBA-001WH","8809822428021","발주가능","정상","15","2","25","33378","1","1","0","","NO","0.770"
"20260825","CE","Health Appliance","틀니관리기","보아르","FC","12585217","보아르 아이워시 초음파 세척기 가정용 안경 시계","8809487308027","발주가능","정상","0","0","5","30333","0","0","0","","NO","0.366"
"20260825","CE","Health Appliance","틀니관리기","보아르","VF107","12585217","보아르 아이워시 초음파 세척기 가정용 안경 시계","8809487308027","발주가능","정상","0","31","303","30333","0","0","0","","NO","0.366"
"20260825","CE","Health Appliance","휴대/업소용칫솔살균기","오아","FC","18928667","오아 클린이퓨어PRO 바람건조 고온히팅 휴대용 유선 무선 겸용 칫솔살균기 UVC LED 자외선 살균 건조기 OTS-004WH 화이트 OTS-004WH","8809822420087","발주가능","정상","0","1","21","14496","0","0","0","","NO","0.871"
"20260825","CE","Health Appliance","휴대/업소용칫솔살균기","오아","VF107","18928667","오아 클린이퓨어PRO 바람건조 고온히팅 휴대용 유선 무선 겸용 칫솔살균기 UVC LED 자외선 살균 건조기 OTS-004WH 화이트 OTS-004WH","8809822420087","발주가능","정상","0","21","458","14496","0","0","0","","NO","0.871"
"20260825","CE","Health Appliance","휴대/업소용칫솔살균기","오아","VF107","53680118","오아 클린이퓨어B 화이트 OTBS-001WH","8809822425488","발주가능","정상","0","0","9","13339","0","0","0","","NO","0.871"
"20260825","CE","Health Appliance","휴대/업소용칫솔살균기","오아","VF107","60725132","오아 클린이퓨어S 휴대용 UV 칫솔 살균기 화이트 OTBS-002","8809822426492","발주가능","정상","0","0","13","11512","0","0","0","","NO","0.871"
"20260825","CE","Health Appliance","휴대/업소용칫솔살균기","오아","FC","60725132","오아 클린이퓨어S 휴대용 UV 칫솔 살균기 화이트 OTBS-002","8809822426492","발주가능","정상","0","0","2","11512","0","0","0","","NO","0.871"
"20260825","CE","Health Appliance","휴대/업소용칫솔살균기","오아","VF107","69096296","오아 클린이퓨어 PRO 휴대용 UV 칫솔 소독 살균기 코튼핑크 OTS-004CP","8809822429257","발주가능","정상","146","5","202","14496","0.9932","1","0","","NO","0.871"
"20260825","CE","Health Appliance","휴대/업소용칫솔살균기","오아","FC","69096296","오아 클린이퓨어 PRO 휴대용 UV 칫솔 소독 살균기 코튼핑크 OTS-004CP","8809822429257","발주가능","정상","0","0","0","14496","0.9932","1","0","","NO","0.871"
"20260825","CE","Health Appliance","휴대/업소용칫솔살균기","오아","VF107","69096297","오아 클린이퓨어 PRO 휴대용 UV 칫솔 소독 살균기 클라우디블루 OTS-004CB","8809822429264","발주가능","정상","162","13","277","14496","0.8182","1","0","","NO","0.871"
"20260825","CE","Health Appliance","휴대/업소용칫솔살균기","오아","FC","69096297","오아 클린이퓨어 PRO 휴대용 UV 칫솔 소독 살균기 클라우디블루 OTS-004CB","8809822429264","발주가능","정상","0","0","1","14496","0.8182","1","0","","NO","0.871"
"20260825","CE","Kitchen Appliance","가정용전기밥솥","보아르","VF107","13644995","보아르 혼요 미니 전기 밥솥 1.2L","8809487308416","발주가능","정상","6","0","12","27287","1","1","0","","NO","0.813"
"20260825","CE","Kitchen Appliance","가정용전기밥솥","보아르","FC","61760291","보아르 다이닝 저당 밥솥 미니 6인용 스텐 아이보리 VERC-004IV","8809822426614","발주가능","정상","0","0","0","54209","0.75","1","0","","NO","0.813"
"20260825","CE","Kitchen Appliance","가정용전기밥솥","보아르","VF107","61760291","보아르 다이닝 저당 밥솥 미니 6인용 스텐 아이보리 VERC-004IV","8809822426614","발주가능","정상","9","0","12","54209","0.75","1","0","","NO","0.813"
"20260825","CE","Kitchen Appliance","기타주방가전","보아르","FC","69767288","보아르 비드틱S 수비드머신 온도조절 스테인리스 304 진공 조리기 VSVM-001BK","8809822428700","발주가능","정상","0","0","0","60300","0.1","1","0","","NO","0.764"
"20260825","CE","Kitchen Appliance","기타주방가전","보아르","VF107","69767288","보아르 비드틱S 수비드머신 온도조절 스테인리스 304 진공 조리기 VSVM-001BK","8809822428700","발주가능","정상","8","16","125","60300","0.1","1","0","","NO","0.764"
"20260825","CE","Kitchen Appliance","미니오븐","보아르","VF107","12362063","보아르 에이블 듀얼 에어프라이어 23리터 스텐 오븐 에어프라이기 가정용 대용량 에어후라이기","8809822425983","발주가능","정상","106","12","185","84055","0.5464","1","0","","NO","0.867"
"20260825","CE","Kitchen Appliance","미니오븐","보아르","FC","12362063","보아르 에이블 듀얼 에어프라이어 23리터 스텐 오븐 에어프라이기 가정용 대용량 에어후라이기","8809822425983","발주가능","정상","0","0","0","84055","0.5464","1","0","","NO","0.867"
"20260825","CE","Kitchen Appliance","믹서기","보아르","VF107","63100963","보아르 에이블 비드 블렌더 대용량 진공 초고속 과일 얼음 믹서기 VBLD-004WH","8809822427437","발주가능","정상","2","0","9","151664","1","1","0","","NO","0.799"
"20260825","CE","Kitchen Appliance","믹서기","보아르","FC","63100963","보아르 에이블 비드 블렌더 대용량 진공 초고속 과일 얼음 믹서기 VBLD-004WH","8809822427437","발주가능","정상","0","0","1","151664","1","1","0","","NO","0.799"
"20260825","CE","Kitchen Appliance","믹서기","보아르","FC","70251147","보아르 이지업 텀블렌더 대용량 휴대용 믹서기 무선 과일 블렌더 VBLD-005IV","8809822428625","발주가능","정상","0","0","1","27348","1","1","0","","NO","0.799"
"20260825","CE","Kitchen Appliance","믹서기","보아르","VF107","70251147","보아르 이지업 텀블렌더 대용량 휴대용 믹서기 무선 과일 블렌더 VBLD-005IV","8809822428625","발주가능","정상","21","7","51","27348","1","1","0","","NO","0.799"
"20260825","CE","Kitchen Appliance","약탕/중탕/홍삼제조기","보아르","FC","18291047","보아르 아가맘마 보틀워머 젖병 살균기 모유 분유 이유식 해동 중탕기","8809487309727","발주가능","정상","0","0","7","35205","0.7664","1","0","","NO","0.750"
"20260825","CE","Kitchen Appliance","약탕/중탕/홍삼제조기","보아르","VF107","18291047","보아르 아가맘마 보틀워머 젖병 살균기 모유 분유 이유식 해동 중탕기","8809487309727","발주가능","정상","105","6","222","35205","0.7664","1","0","","NO","0.750"
"20260825","CE","Kitchen Appliance","에어프라이어","보아르","VF107","66417803","보아르 듀얼 히팅 에어프라이어8L 대용량 상하열선 투명 바스켓 에어프라이기 그릴 오븐형 에어후라이기 블랙 VAFR-004BK","8809822427796","발주가능","정상","17","4","17","72482","0.5862","1","0","","YES","0.789"
"20260825","CE","Kitchen Appliance","에어프라이어","보아르","FC","66417803","보아르 듀얼 히팅 에어프라이어8L 대용량 상하열선 투명 바스켓 에어프라이기 그릴 오븐형 에어후라이기 블랙 VAFR-004BK","8809822427796","발주가능","정상","0","0","1","72482","0.5862","1","0","","YES","0.789"
"20260825","CE","Kitchen Appliance","영양식/기타 제조기","보아르","VF107","48449253","보아르 웰빈 두유 제조기 이유식 콩물 보온 죽 메이커 VMX-006IV","8809822424962","발주가능","정상","1","0","4","35936","1","1","0","","NO","0.601"
"20260825","CE","Kitchen Appliance","음식물쓰레기처리기","보아르","VF107","30405071","보아르 푸드클리너 제로 음식물 처리기 VKE-011WH","8809822421862","발주불가","단종","0","0","4","217664","0","0","0","","NO","0.426"
"20260825","CE","Kitchen Appliance","음식물쓰레기처리기","보아르","FC","30405071","보아르 푸드클리너 제로 음식물 처리기 VKE-011WH","8809822421862","발주불가","단종","0","0","1","217664","0","0","0","","NO","0.426"
"20260825","CE","Kitchen Appliance","음식물쓰레기처리기","오아","FC","65145714","보아르 위셀 음식물처리기 AI 음식물 쓰레기 가정용 대용량 건조 분쇄기 화이트","8809822427710","발주가능","정상","0","0","0","193691","1","1","0","","NO","0.426"
"20260825","CE","Kitchen Appliance","음식물쓰레기처리기","오아","VF107","65145714","보아르 위셀 음식물처리기 AI 음식물 쓰레기 가정용 대용량 건조 분쇄기 화이트","8809822427710","발주가능","정상","2","0","5","193691","1","1","0","","NO","0.426"
"20260825","CE","Kitchen Appliance","전기냄비/쿠커","보아르","VF107","10727917","보아르 혼요 멀티쿠커 전골 전기 냄비 만능 테이블 쿠커","8809487306504","발주가능","정상","98","16","314","30333","0.5052","1","0","","NO","0.731"
"20260825","CE","Kitchen Appliance","전기냄비/쿠커","보아르","FC","10727917","보아르 혼요 멀티쿠커 전골 전기 냄비 만능 테이블 쿠커","8809487306504","발주가능","정상","0","0","1","30333","0.5052","1","0","","NO","0.731"
"20260825","CE","Kitchen Appliance","전기냄비/쿠커","오아","FC","46727700","보아르 다이닝 스텐 멀티찜기 VMC-002IV","8809822424474","발주가능","정상","0","0","1","46900","0.6216","1","0","","NO","0.731"
"20260825","CE","Kitchen Appliance","전기냄비/쿠커","오아","VF107","46727700","보아르 다이닝 스텐 멀티찜기 VMC-002IV","8809822424474","발주가능","정상","23","4","52","46900","0.6216","1","0","","NO","0.731"
"20260825","CE","Kitchen Appliance","전기주전자","보아르","FC","10646862","보아르 하티포트 무선 전기 유리 커피 티 포트","8809487306344","발주가능","정상","0","1","1","23085","0.8","1","0","","NO","0.759"
"20260825","CE","Kitchen Appliance","전기주전자","보아르","VF107","10646862","보아르 하티포트 무선 전기 유리 커피 티 포트","8809487306344","발주가능","정상","8","2","24","23085","0.8","1","0","","NO","0.759"
"20260825","CE","Kitchen Appliance","전기주전자","보아르","FC","11681261","보아르 이지 전기포트 M1 접이식 분유포트 휴대용 미니 여행용 온도조절 커피포트","8809487307334","발주불가","단종","0","0","0","30333","0","0","0","","NO","0.759"
"20260825","CE","Kitchen Appliance","전기주전자","보아르","FC","19104731","보아르 더온리제로 생수병 전기포트 휴대용 분유포트 여행용 커피포트 VPT-001WH","8809487309345","발주가능","정상","0","0","1","42515","1","1","0","","NO","0.759"
"20260825","CE","Kitchen Appliance","전기주전자","보아르","VF107","19104731","보아르 더온리제로 생수병 전기포트 휴대용 분유포트 여행용 커피포트 VPT-001WH","8809487309345","발주가능","정상","5","4","23","42515","1","1","0","","NO","0.759"
"20260825","CE","Kitchen Appliance","전기주전자","보아르","VF107","29258063","보아르 아띠랑스 무선 미니 전기포트 올 스텐 커피포트 화이트","8809822422005","발주가능","정상","0","0","12","23024","0","0","0","","NO","0.759"
"20260825","CE","Kitchen Appliance","전기주전자","보아르","FC","56896464","보아르 이지 전기포트 C 휴대용 접이식 여행용 올스텐 무선 커피포트","8809822429936","발주가능","정상","0","0","1","35266","0","0","0","","YES","0.759"
"20260825","CE","Kitchen Appliance","전기주전자","보아르","VF107","59056260","보아르 폴더블 휴대용 접이식 프리볼트 여행용 전기포트 VPEP-004WH","8809822426270","발주가능","정상","0","2","252","24303","0","0","0","","NO","0.759"
"20260825","CE","Kitchen Appliance","전기주전자","보아르","FC","59056260","보아르 폴더블 휴대용 접이식 프리볼트 여행용 전기포트 VPEP-004WH","8809822426270","발주가능","정상","0","0","1","24303","0","0","0","","NO","0.759"
"20260825","CE","Kitchen Appliance","전기주전자","보아르","FC","61760141","보아르 모노  0.8L 스텐 316 분유 보온 온도조절 전기 주전자 VHEP-003WH","8809822426676","발주가능","정상","0","0","1","27287","0","0","0","","NO","0.759"
"20260825","CE","Kitchen Appliance","전기주전자","보아르","VF107","61760141","보아르 모노  0.8L 스텐 316 분유 보온 온도조절 전기 주전자 VHEP-003WH","8809822426676","발주가능","정상","0","1","23","27287","0","0","0","","NO","0.759"
"20260825","CE","Kitchen Appliance","전기주전자","보아르","FC","61929592","보아르 모노  1.5L 스텐 316 분유 보온 온도조절 커피 전기 주전자 VHEP-004WH","8809822426904","발주가능","정상","0","0","1","33439","0.8571","1","0","","NO","0.759"
"20260825","CE","Kitchen Appliance","전기주전자","보아르","VF107","61929592","보아르 모노  1.5L 스텐 316 분유 보온 온도조절 커피 전기 주전자 VHEP-004WH","8809822426904","발주가능","정상","12","1","18","33439","0.8571","1","0","","NO","0.759"
"20260825","CE","Kitchen Appliance","전기주전자","보아르","VF107","61929727","보아르 아가쑥쑥 분유 쉐이커 무선 전동 보온 휴대용 자동 VBTW-002WH","8809822426935","발주가능","정상","0","1","30","27348","0","0","0","","NO","0.759"
"20260825","CE","Kitchen Appliance","전기주전자","보아르","FC","61929727","보아르 아가쑥쑥 분유 쉐이커 무선 전동 보온 휴대용 자동 VBTW-002WH","8809822426935","발주가능","정상","0","0","1","27348","0","0","0","","NO","0.759"
"20260825","CE","Kitchen Appliance","전기주전자","보아르","VF107","62380995","보아르 다이닝온 온도조절 보온 커피 분유 올스텐 티 전기포트 1.5L VHEP-005IV","8809822426850","발주가능","정상","16","2","25","30333","0.8889","1","0","","NO","0.759"
"20260825","CE","Kitchen Appliance","전기주전자","보아르","FC","62385013","보아르 보틀 휴대용 분유 무선 보온 여행용 전기 포트기 VBNM-003WH","8809822426973","발주가능","정상","0","0","7","53600","1","1","0","","NO","0.759"
"20260825","CE","Kitchen Appliance","전기주전자","보아르","VF107","62385013","보아르 보틀 휴대용 분유 무선 보온 여행용 전기 포트기 VBNM-003WH","8809822426973","발주가능","정상","13","0","26","53600","1","1","0","","NO","0.759"
"20260825","CE","Kitchen Appliance","전기주전자","보아르","FC","63742200","보아르 아가온 분유포트 3000ml 대용량 보온 원터치 출수 분리형 물통 VBNM-002WH","8809822427123","발주가능","정상","0","0","1","78573","1","1","0","","NO","0.759"
"20260825","CE","Kitchen Appliance","전기주전자","보아르","VF107","63742200","보아르 아가온 분유포트 3000ml 대용량 보온 원터치 출수 분리형 물통 VBNM-002WH","8809822427123","발주가능","정상","7","1","28","78573","1","1","0","","NO","0.759"
"20260825","CE","Kitchen Appliance","전기주전자","보아르","FC","64330309","보아르 이지 미니쿠커 휴대용 접이식 전기포트 프리볼트 여행용 캠핑 라면포트","8809822427192","발주가능","정상","0","0","14","36485","0","0","0","","NO","0.759"
"20260825","CE","Kitchen Appliance","전기주전자","보아르","VF107","64330309","보아르 이지 미니쿠커 휴대용 접이식 전기포트 프리볼트 여행용 캠핑 라면포트","8809822427192","발주가능","정상","0","10","151","36485","0","0","0","","NO","0.759"
"20260825","CE","Kitchen Appliance","전기주전자","보아르","FC","73893263","보아르 이지 전기포트 M1 접이식 분유포트 휴대용 미니 여행용 프리볼트 온도조절 커피포트 VPEP-006IV","8809822429882","발주가능","정상","0","0","13","31238","0.6332","1","0","","NO","0.759"
"20260825","CE","Kitchen Appliance","전기주전자","보아르","VF107","73893263","보아르 이지 전기포트 M1 접이식 분유포트 휴대용 미니 여행용 프리볼트 온도조절 커피포트 VPEP-006IV","8809822429882","발주가능","정상","145","49","609","31238","0.6332","1","0","","NO","0.759"
"20260825","CE","Kitchen Appliance","전기주전자","보아르","FC","74693807","보아르 이지 전기포트 M1 접이식 분유포트 휴대용 미니 여행용 프리볼트 온도조절 커피포트 그레이 VPEP-006GL","8809822429851","발주가능","정상","0","0","9","31238","0.6036","1","0","","NO","0.759"
"20260825","CE","Kitchen Appliance","전기주전자","보아르","VF107","74693807","보아르 이지 전기포트 M1 접이식 분유포트 휴대용 미니 여행용 프리볼트 온도조절 커피포트 그레이 VPEP-006GL","8809822429851","발주가능","정상","67","33","483","31238","0.6036","1","0","","NO","0.759"
"20260825","CE","Kitchen Appliance","전기주전자","오아","FC","39944753","보아르 이지전기포트S 휴대용 접이식 여행용 올스텐 무선 커피포트 VPT-007WH","8809822423781","발주가능","정상","0","0","9","36485","0","0","0","","NO","0.759"
"20260825","CE","Kitchen Appliance","전기주전자","오아","VF107","39944753","보아르 이지전기포트S 휴대용 접이식 여행용 올스텐 무선 커피포트 VPT-007WH","8809822423781","발주가능","정상","0","0","15","36485","0","0","0","","NO","0.759"
"20260825","CE","Kitchen Appliance","전기주전자","오아","FC","40771157","보아르 아가맘마 통유리 보온 퓨어 분유포트","8809822423934","발주가능","정상","0","0","2","42027","1","1","0","","NO","0.759"
"20260825","CE","Kitchen Appliance","전기주전자","오아","VF107","40771157","보아르 아가맘마 통유리 보온 퓨어 분유포트","8809822423934","발주가능","정상","28","2","39","42027","1","1","0","","NO","0.759"
"20260825","CE","Kitchen Appliance","전기주전자","오아","VF107","44374810","보아르 아띠랑스 무선 미니 전기포트 올 스텐 커피포트 베이지 VPT-003BE","8809822424597","발주가능","정상","5","3","26","23024","1","1","0","","NO","0.759"
"20260825","CE","Kitchen Appliance","전기주전자","오아","FC","46543317","보아르 다이닝 올 스텐 무선 전기포트 2L 대용량 보온 커피포트","8809822424894","발주가능","정상","0","0","1","27287","1","1","0","","NO","0.759"
"20260825","CE","Kitchen Appliance","전기주전자","오아","VF107","46543317","보아르 다이닝 올 스텐 무선 전기포트 2L 대용량 보온 커피포트","8809822424894","발주가능","정상","11","1","16","27287","1","1","0","","NO","0.759"
"20260825","CE","Kitchen Appliance","제빙기","보아르","FC","12481759","보아르 에이블나인 가정용 캠핑용 자동세척 급속 제빙기 블랙","8809487307594","발주가능","정상","0","0","0","87191","1","1","0","","NO","0.721"
"20260825","CE","Kitchen Appliance","제빙기","보아르","VF107","12481759","보아르 에이블나인 가정용 캠핑용 자동세척 급속 제빙기 블랙","8809487307594","발주가능","정상","2","1","11","87191","1","1","0","","NO","0.721"
"20260825","CE","Kitchen Appliance","제빙기","보아르","FC","12481760","보아르 에이블나인 가정용 캠핑용 자동세척 급속 제빙기 실버","8809487307600","발주가능","정상","0","0","0","87191","1","1","0","","NO","0.721"
"20260825","CE","Kitchen Appliance","제빙기","보아르","VF107","12481760","보아르 에이블나인 가정용 캠핑용 자동세척 급속 제빙기 실버","8809487307600","발주가능","정상","2","1","8","87191","1","1","0","","NO","0.721"
"20260825","CE","Kitchen Appliance","진공포장기","보아르","VF107","67900090","보아르 에이블비드 가정용 고기 생선 과일 진공포장기 VVRB-001WH","8809822427703","발주가능","정상","0","1","69","39530","0","0","0","","NO","0.785"
"20260825","CE","Kitchen Appliance","진공포장기","보아르","FC","67900090","보아르 에이블비드 가정용 고기 생선 과일 진공포장기 VVRB-001WH","8809822427703","발주가능","정상","0","0","1","39530","0","0","0","","NO","0.785"
"20260825","CE","Kitchen Appliance","커피그라인더","보아르","VF107","69594684","보아르 모노 전동 커피 그라인더 무선 자동 원두분쇄기 VBLD-009WH","8809822428182","발주가능","정상","9","1","31","20039","1","1","0","","NO","0.702"
"20260825","CE","Kitchen Appliance","커피그라인더","보아르","FC","69594684","보아르 모노 전동 커피 그라인더 무선 자동 원두분쇄기 VBLD-009WH","8809822428182","발주가능","정상","0","0","2","20039","1","1","0","","NO","0.702"
"20260825","CE","Kitchen Appliance","커피머신","보아르","FC","74884452","보아르 모노 반자동 커피머신 20bar 에스프레소 라떼 홈카페 화이트 VCMK-003WH","8809822429462","발주가능","정상","0","0","1","74645","1","1","0","","NO","0.785"
"20260825","CE","Kitchen Appliance","커피머신","보아르","VF107","74884452","보아르 모노 반자동 커피머신 20bar 에스프레소 라떼 홈카페 화이트 VCMK-003WH","8809822429462","발주가능","정상","4","1","18","74645","1","1","0","","NO","0.785"
"20260825","CE","Kitchen Appliance","토스터","보아르","VF107","42051062","보아르 스테인리스 304 다이닝 토스트기 VDT-001IV","8809822424498","발주가능","정상","4","0","15","36485","1","1","0","","NO","0.815"
"20260825","CE","Kitchen Appliance","토스터","보아르","FC","42051062","보아르 스테인리스 304 다이닝 토스트기 VDT-001IV","8809822424498","발주가능","정상","0","0","4","36485","1","1","0","","NO","0.815"
"20260825","CE","Kitchen Appliance","핸드블렌더","보아르","FC","59932138","보아르 이지 텀블렌더 휴대용 미니 믹서기 텀블러 무선 소형 블렌더 VBLD-003IV","8809822426744","발주가능","정상","0","0","4","22475","0","0","0","","NO","0.820"
"20260825","CE","Kitchen Appliance","핸드블렌더","보아르","VF107","59932138","보아르 이지 텀블렌더 휴대용 미니 믹서기 텀블러 무선 소형 블렌더 VBLD-003IV","8809822426744","발주가능","정상","0","6","119","22475","0","0","0","","NO","0.820"
"20260825","CE","Living Appliance","물걸레청소기","보아르","FC","14488275","보아르 워터스핀B1 무선 물걸레 청소기 VCL-014WH","8809487309154","발주가능","정상","0","0","1","39469","1","1","0","","NO","0.779"
"20260825","CE","Living Appliance","물걸레청소기","보아르","VF107","14488275","보아르 워터스핀B1 무선 물걸레 청소기 VCL-014WH","8809487309154","발주가능","정상","2","1","6","39469","1","1","0","","NO","0.779"
"20260825","CE","Living Appliance","물걸레청소기","보아르","VF107","14878740","보아르 워터스핀E1 무선 듀얼스핀 자동 물분사 물걸레 청소기","8809487309055","발주가능","정상","3","0","7","77355","1","1","0","","NO","0.779"
"20260825","CE","Living Appliance","물걸레청소기","보아르","FC","14878740","보아르 워터스핀E1 무선 듀얼스핀 자동 물분사 물걸레 청소기","8809487309055","발주가능","정상","0","0","0","77355","1","1","0","","NO","0.779"
"20260825","CE","Living Appliance","보풀제거기","보아르","VF107","64606094","보아르 듀얼 보풀쏙 미니 핸디형 보풀제거기 화이트 VFBS-001IV","8809822426379","발주가능","정상","0","0","4","20039","0","0","0","","NO","0.729"
"20260825","CE","Living Appliance","보풀제거기","오아","VF107","52155415","오아 보풀리 보풀제거기 옷 니트 가디건 보풀 제거 화이트 OFBS-001WH","8809822425334","발주가능","정상","1","1","3","13948","1","1","0","","NO","0.729"
"20260825","CE","Living Appliance","생활가전 액세서리","보아르","VF107","12673238","보아르 포스D14 무선 청소기 침구브러쉬","8809487307693","발주가능","정상","1","0","3","9685","1","1","0","","NO","0.620"
"20260825","CE","Living Appliance","생활가전 액세서리","보아르","VF107","15702671","보아르 RD스핀 무선 로봇 물걸레 청소기 물걸레 패드 2P","8809487308928","일시중단","무매출","0","0","5","3701","0","0","0","","NO","0.620"
"20260825","CE","Living Appliance","생활가전 액세서리","보아르","VF107","37594934","보아르 RD스핀 회전브러시 1개(2P) VET-071-CLOSB","8809487308911","일시중단","무매출","0","0","4","3074","0","0","0","","NO","0.620"
"20260825","CE","Living Appliance","생활가전 액세서리","보아르","VF107","37790051","보아르 RB써클린 먼지통용필터 1p VET-066-CLODF","8809487308805","일시중단","무매출","0","0","1","5583","0","0","0","","NO","0.620"
"20260825","CE","Living Appliance","생활가전 액세서리","보아르","FC","52204284","보아르 스위프클링 침구청소기 전용 먼지 필터 1개 VET-128-CLOWH","8809822425013","발주가능","정상","0","0","0","2985","1","1","0","","NO","0.620"
"20260825","CE","Living Appliance","생활가전 액세서리","보아르","VF107","52204284","보아르 스위프클링 침구청소기 전용 먼지 필터 1개 VET-128-CLOWH","8809822425013","발주가능","정상","4","2","8","2985","1","1","0","","NO","0.620"
"20260825","CE","Living Appliance","생활가전 액세서리","오아","VF107","39071990","오아 클린보틀 전용 헤파필터 OA-ET002","8809487307136","발주가능","정상","2","0","4","3594","1","1","0","","NO","0.620"
"20260825","CE","Living Appliance","생활가전 액세서리","오아","VF107","52155531","오아 에어셋 헤어 스타일러 전용 거치대 투명 OBUA-001","8809822425365","발주가능","정상","2","0","6","9685","1","1","0","","NO","0.620"
"20260825","CE","Living Appliance","세탁건조기","보아르","FC","60543356","보아르 컴플릿S 미니건조기 UV살균 원룸 의류 화이트 VCDM-001WH 4kg 고객직접설치","8809822426836","발주가능","정상","0","0","1","182118","0","0","0","","NO","0.880"
"20260825","CE","Living Appliance","세탁건조기","보아르","VF107","60543356","보아르 컴플릿S 미니건조기 UV살균 원룸 의류 화이트 VCDM-001WH 4kg 고객직접설치","8809822426836","발주가능","정상","0","0","5","182118","0","0","0","","NO","0.880"
"20260825","CE","Living Appliance","스팀다리미","보아르","FC","12579597","보아르 스티머인젝터 핸디형 스팀다리미 VIR-002WH","8809487308072","발주가능","정상","0","1","0","23024","0","0","0","","NO","0.778"
"20260825","CE","Living Appliance","스팀다리미","보아르","VF107","12579597","보아르 스티머인젝터 핸디형 스팀다리미 VIR-002WH","8809487308072","발주가능","정상","0","1","17","23024","0","0","0","","NO","0.778"
"20260825","CE","Living Appliance","스팀다리미","보아르","VF107","50153946","보아르 미니 여행용 트래블스티머 다리미 화이트 VIR-008WH","8809822425020","발주가능","정상","0","1","17","19065","0","0","0","","NO","0.778"
"20260825","CE","Living Appliance","스팀다리미","보아르","FC","50153946","보아르 미니 여행용 트래블스티머 다리미 화이트 VIR-008WH","8809822425020","발주가능","정상","0","0","1","19065","0","0","0","","NO","0.778"
"20260825","CE","Living Appliance","스팀다리미","오아","VF107","11511332","오아 아이로너 터보 핸디형 살균 스팀다리미 빠른예열 OA-DA001 화이트","8809487306917","발주가능","정상","4","1","9","24242","1","1","0","","NO","0.778"
"20260825","CE","Living Appliance","스팀청소기","보아르","VF107","22119013","보아르 워시 B 핸디 살균 스팀 청소기","8809822420803","발주가능","정상","2","0","4","59021","1","1","0","","NO","0.768"
"20260825","CE","Living Appliance","스팀청소기","보아르","FC","22119013","보아르 워시 B 핸디 살균 스팀 청소기","8809822420803","발주가능","정상","0","0","0","59021","1","1","0","","NO","0.768"
"20260825","CE","Living Appliance","스팀청소기","보아르","VF107","59070986","보아르 미스팀클링 고온수 패브릭 쇼파 스팀 습식 청소기 화이트 VSCL-003WH","8809822426317","발주가능","정상","0","1","113","109027","0","0","0","","NO","0.768"
"20260825","CE","Living Appliance","스팀청소기","보아르","FC","59070986","보아르 미스팀클링 고온수 패브릭 쇼파 스팀 습식 청소기 화이트 VSCL-003WH","8809822426317","발주가능","정상","0","0","0","109027","0","0","0","","NO","0.768"
"20260825","CE","Living Appliance","의류/신발관리기","보아르","VF107","50723598","보아르 슈즈쏙 신발 건조기 휴대용 운동화 소독 살균 관리 냄새제거","8809822425341","발주가능","정상","264","28","432","24303","0.5323","1","0","","NO","0.669"
"20260825","CE","Living Appliance","의류/신발관리기","보아르","FC","50723598","보아르 슈즈쏙 신발 건조기 휴대용 운동화 소독 살균 관리 냄새제거","8809822425341","발주가능","정상","0","0","5","24303","0.5323","1","0","","NO","0.669"
"20260825","CE","Living Appliance","의류/신발관리기","보아르","VF107","75077119","보아르 슈트쏙 미니 의류관리기 휴대용 살균 소형 건조기 화이트 VCDM-002WH","8800367920513","발주가능","정상","0","1","120","31301","0","0","0","","NO","0.669"
"20260825","CE","Living Appliance","의류/신발관리기","보아르","FC","75077119","보아르 슈트쏙 미니 의류관리기 휴대용 살균 소형 건조기 화이트 VCDM-002WH","8800367920513","발주가능","정상","0","0","1","31301","0","0","0","","NO","0.669"
"20260825","CE","Living Appliance","진공청소기","보아르","FC","16806254","보아르 포스W 무선 물걸레 진공 청소기 블랙 VCL-018BK","8809487309628","발주가능","정상","0","0","0","157755","1","1","0","","NO","0.866"
"20260825","CE","Living Appliance","진공청소기","보아르","VF107","16806254","보아르 포스W 무선 물걸레 진공 청소기 블랙 VCL-018BK","8809487309628","발주가능","정상","4","0","5","157755","1","1","0","","NO","0.866"
"20260825","CE","Living Appliance","침구청소기","보아르","VF107","17579394","보아르 딥슬립클링 UV살균 듀얼진동 침구청소기 딥슬립클링 VCL-021WH","8809487309956","발주가능","정상","5","1","34","30333","1","1","0","","NO","0.786"
"20260825","CE","Living Appliance","침구청소기","보아르","FC","17579394","보아르 딥슬립클링 UV살균 듀얼진동 침구청소기 딥슬립클링 VCL-021WH","8809487309956","발주가능","정상","0","0","1","30333","1","1","0","","NO","0.786"
"20260825","CE","Living Appliance","침구청소기","보아르","VF107","50154913","보아르 스위프클링 살균 핸디 침구 매트리스 침대 청소기 화이트 VCL-034WH","8809822424986","발주가능","정상","5","0","11","29115","1","1","0","","NO","0.786"
"20260825","CE","Living Appliance","침구청소기","보아르","VF107","63396496","보아르 하티클링 침구 청소기 듀얼 브러시 열풍 UV 살균 패브릭 쇼파 침대 화이트 VBVC-005WH","8809822427314","발주가능","정상","8","1","11","84664","1","1","0","","NO","0.786"
"20260825","CE","Living Appliance","침구청소기","보아르","FC","63396496","보아르 하티클링 침구 청소기 듀얼 브러시 열풍 UV 살균 패브릭 쇼파 침대 화이트 VBVC-005WH","8809822427314","발주가능","정상","0","0","1","84664","1","1","0","","NO","0.786"
"20260825","CE","Living Appliance","침구청소기","보아르","VF107","72683872","보아르 워터클링 패브릭 쇼파 무선 습식 청소기 화이트 VCVC-022WH","8809822429974","발주가능","정상","0","2","35","90145","0","0","0","","NO","0.786"
"20260825","CE","Living Appliance","침구청소기","보아르","FC","72683872","보아르 워터클링 패브릭 쇼파 무선 습식 청소기 화이트 VCVC-022WH","8809822429974","발주가능","정상","0","0","0","90145","0","0","0","","NO","0.786"
"20260825","CE","Living Appliance","침구청소기","오아","VF107","40501253","보아르 컴포트클링 무선 UV 살균 침구청소기 아이보리 VCL-035IV","8809822424016","발주가능","정상","0","2","40","66391","0","0","0","","NO","0.786"
"20260825","CE","Living Appliance","핸디/스틱청소기","보아르","VF107","12673237","보아르 포스D14 셀프 스탠딩 무선 청소기, VCL-004WH, 화이트","8809487307457","발주가능","정상","4","1","14","66391","0.5","1","0","","NO","0.818"
"20260825","CE","Living Appliance","핸디/스틱청소기","보아르","VF107","17579662","보아르 포스 D12 미니 진공 핸디 무선 청소기 + 3종 브러시 VCL-022BK","8809822420063","발주가능","정상","0","0","3","59691","0","0","0","","NO","0.818"
"20260825","CE","Living Appliance","핸디/스틱청소기","보아르","FC","24832169","보아르 워시스핀 무선 욕실 청소기 VCL-030WH 화이트","8809822421503","발주가능","정상","0","0","2","12974","0.6923","1","0","","NO","0.818"
"20260825","CE","Living Appliance","핸디/스틱청소기","보아르","VF107","24832169","보아르 워시스핀 무선 욕실 청소기 VCL-030WH 화이트","8809822421503","발주가능","정상","9","4","19","12974","0.6923","1","0","","NO","0.818"
"20260825","CE","Living Appliance","핸디/스틱청소기","보아르","VF107","42519088","보아르 포스A 유선 핸디 진공 청소기 화이트 VCL-039WH","8809822424450","발주가능","정상","3","1","16","36424","1","1","0","","NO","0.818"
"20260825","CE","Living Appliance","핸디/스틱청소기","보아르","FC","42519088","보아르 포스A 유선 핸디 진공 청소기 화이트 VCL-039WH","8809822424450","발주가능","정상","0","0","0","36424","1","1","0","","NO","0.818"
"20260825","CE","Living Appliance","핸디/스틱청소기","보아르","VF107","53297446","보아르 포스N25 핸디 핸드 원룸 진공 무선청소기 화이트 VCVC-007WH","8809822425372","발주가능","정상","0","1","4","84055","0","0","0","","NO","0.818"
"20260825","CE","Living Appliance","핸디/스틱청소기","보아르","VF107","60615380","보아르 포스C 무선 핸디 원룸 셀프스탠딩 자취방 진공 청소기 화이트 VCVC-008WH","8809822426645","발주가능","정상","0","1","3","66391","0","0","0","","NO","0.818"
"20260825","CE","Living Appliance","핸디/스틱청소기","오아","VF107","12126317","box_오아 클린스틱 핸디형 BLDC 스틱 무선청소기 OA-CL010, 화이트","8809487307549","발주가능","정상","9","1","21","44951","1","1","0","","NO","0.818"
"20260825","CE","Living Appliance","핸디/스틱청소기","오아","FC","12126317","box_오아 클린스틱 핸디형 BLDC 스틱 무선청소기 OA-CL010, 화이트","8809487307549","발주가능","정상","0","0","0","44951","1","1","0","","NO","0.818"
"20260825","CE","Living Appliance","핸디/스틱청소기","오아","FC","15795597","오아 클린스틱 핸디형 무선청소기, 블랙","8809487309239","발주가능","정상","0","0","1","44951","0","0","0","","NO","0.818"
"20260825","CE","Living Appliance","핸디/스틱청소기","오아","VF107","15795597","오아 클린스틱 핸디형 무선청소기, 블랙","8809487309239","발주가능","정상","0","0","4","44951","0","0","0","","NO","0.818"
"20260825","CE","Living Appliance","핸디/스틱청소기","오아","FC","27056005","보아르 워시스핀C 무선 충전식 욕실 청소기 VCL-031WH","8809822421923","발주가능","정상","0","0","1","15105","1","1","0","","NO","0.818"
"20260825","CE","Living Appliance","핸디/스틱청소기","오아","VF107","27056005","보아르 워시스핀C 무선 충전식 욕실 청소기 VCL-031WH","8809822421923","발주가능","정상","8","9","64","15105","1","1","0","","NO","0.818"
"20260825","CE","Living Appliance","핸디/스틱청소기","오아","VF107","39239709","오아 무선 에어건S 초강력 미니 먼지제거 청소기 OCL-033WH","8809822423811","발주가능","정상","0","1","18","40687","0","0","0","","NO","0.818"
"20260825","CE","Living Appliance","핸디/스틱청소기","오아","VF107","53967042","보아르 파워스핀 소형 미니 화장실 무선 욕실청소기 화이트 VCVC-010WH","8809822425594","발주가능","정상","0","1","42","48118","0","0","0","","NO","0.818"
"20260825","CE","Living Appliance","핸디/스틱청소기","오아","FC","53967042","보아르 파워스핀 소형 미니 화장실 무선 욕실청소기 화이트 VCVC-010WH","8809822425594","발주가능","정상","0","0","0","48118","0","0","0","","NO","0.818"
"20260825","CE","Living Appliance","핸디/스틱청소기","오아","VF107","55356212","오아 클린스톰 무선 미니 BLDC 차량용 핸디 진공 청소기 블랙 OCVC-005BK","8809822425686","발주가능","정상","0","1","4","46900","0","0","0","","NO","0.818"
"20260825","CE","Living Appliance","핸디/스틱청소기","오아","FC","56667264","오아 미니 핸디 무선 진공 소형 스틱 청소기 화이트 OCVC-006WH","8809822425945","발주가능","정상","0","0","0","38860","0","0","0","","YES","0.818"
"20260825","CE","Living Appliance","핸디/스틱청소기","오아","VF107","66896364","오아 스톰젯 무선 미니 초강력 터보 에어건 컴퓨터 청소 캠핑용 가정용 메탈그레이 OCVC-008MG","8809822427925","발주가능","정상","2","1","7","36485","1","1","0","","NO","0.818"
"20260825","CE","Seasonal Appliance","USB/휴대용선풍기","오아","VF107","15004955","오아 타프 실링팬 캠핑용 천장형 BLDC 무선 선풍기, OFN-037WH, 화이트","8809487309284","발주가능","정상","0","8","127","21196","0","0","0","","NO","0.725"
"20260825","CE","Seasonal Appliance","USB/휴대용선풍기","오아","FC","15004955","오아 타프 실링팬 캠핑용 천장형 BLDC 무선 선풍기, OFN-037WH, 화이트","8809487309284","발주가능","정상","0","0","4","21196","0","0","0","","NO","0.725"
"20260825","CE","Seasonal Appliance","USB/휴대용선풍기","오아","VF107","15462868","오아 바디팬 휴대용 넥밴드 목풍기 목걸이 목 바디 허리 걸이 선풍기 화이트 OFN-038WH","8809487309390","발주가능","정상","0","0","20","18151","0","0","0","","NO","0.725"
"20260825","CE","Seasonal Appliance","USB/휴대용선풍기","오아","FC","15462868","오아 바디팬 휴대용 넥밴드 목풍기 목걸이 목 바디 허리 걸이 선풍기 화이트 OFN-038WH","8809487309390","발주가능","정상","0","0","16","18151","0","0","0","","NO","0.725"
"20260825","CE","Seasonal Appliance","USB/휴대용선풍기","오아","VF107","15462869","오아 바디팬 휴대용 넥밴드 목풍기 목걸이 목 바디 허리 걸이 선풍기 네이비 OFN-038NV","8809487309406","발주가능","정상","0","2","13","18151","0","0","0","","NO","0.725"
"20260825","CE","Seasonal Appliance","USB/휴대용선풍기","오아","FC","15462869","오아 바디팬 휴대용 넥밴드 목풍기 목걸이 목 바디 허리 걸이 선풍기 네이비 OFN-038NV","8809487309406","발주가능","정상","0","0","3","18151","0","0","0","","NO","0.725"
"20260825","CE","Seasonal Appliance","USB/휴대용선풍기","오아","VF107","25321996","오아 넥쿨러 프로 BLDC 휴대용 넥밴드 목걸이 넥풍기 목 선풍기, 베이지, OFN-043BE","8809822421336","발주가능","정상","0","4","75","20039","0","0","0","","NO","0.725"
"20260825","CE","Seasonal Appliance","USB/휴대용선풍기","오아","FC","25321996","오아 넥쿨러 프로 BLDC 휴대용 넥밴드 목걸이 넥풍기 목 선풍기, 베이지, OFN-043BE","8809822421336","발주가능","정상","0","1","1","20039","0","0","0","","NO","0.725"
"20260825","CE","Seasonal Appliance","USB/휴대용선풍기","오아","FC","25321998","오아 넥쿨러 프로 BLDC 휴대용 넥밴드 목걸이 넥풍기 목 선풍기 화이트, OFN-043WH","8809822421329","발주가능","정상","0","2","3","20039","0","0","0","","NO","0.725"
"20260825","CE","Seasonal Appliance","USB/휴대용선풍기","오아","VF107","25321998","오아 넥쿨러 프로 BLDC 휴대용 넥밴드 목걸이 넥풍기 목 선풍기 화이트, OFN-043WH","8809822421329","발주가능","정상","0","2","52","20039","0","0","0","","NO","0.725"
"20260825","CE","Seasonal Appliance","USB/휴대용선풍기","오아","FC","34330469","오아 라운드 핸디팬 무선 휴대용 USB 초경량 미니 손 선풍기 베이지 OFN-046BE","8809822422357","발주가능","정상","0","0","0","10233","0","0","0","","NO","0.725"
"20260825","CE","Seasonal Appliance","USB/휴대용선풍기","오아","VF107","34330469","오아 라운드 핸디팬 무선 휴대용 USB 초경량 미니 손 선풍기 베이지 OFN-046BE","8809822422357","발주가능","정상","0","0","28","10233","0","0","0","","NO","0.725"
"20260825","CE","Seasonal Appliance","USB/휴대용선풍기","오아","VF107","34331612","오아 반디팬 미니 무선 휴대용 USB 충전식 초경량 저소음 핸디 손 선풍기 화이트 F0211","8809822422579","발주가능","정상","0","0","51","9015","0","0","0","","NO","0.725"
"20260825","CE","Seasonal Appliance","USB/휴대용선풍기","오아","FC","34331612","오아 반디팬 미니 무선 휴대용 USB 충전식 초경량 저소음 핸디 손 선풍기 화이트 F0211","8809822422579","발주가능","정상","0","0","5","9015","0","0","0","","NO","0.725"
"20260825","CE","Seasonal Appliance","USB/휴대용선풍기","오아","FC","34352694","오아 꿀벌팬 미니 무선 휴대용 USB 충전식 저소음 핸디 손 선풍기 화이트 OFN-051WH","8809822422654","일시중단","무매출","0","0","1","8209","0","0","0","","NO","0.725"
"20260825","CE","Seasonal Appliance","USB/휴대용선풍기","오아","VF107","34352694","오아 꿀벌팬 미니 무선 휴대용 USB 충전식 저소음 핸디 손 선풍기 화이트 OFN-051WH","8809822422654","일시중단","무매출","0","0","10","8209","0","0","0","","NO","0.725"
"20260825","CE","Seasonal Appliance","USB/휴대용선풍기","오아","FC","35137369","오아 라운드 멀티팬 휴대용 미니 소형 문어발 탁상용 아기 유모차 선풍기","8809822422647","발주가능","정상","0","0","46","15556","0","0","0","","NO","0.725"
"20260825","CE","Seasonal Appliance","USB/휴대용선풍기","오아","VF107","35137369","오아 라운드 멀티팬 휴대용 미니 소형 문어발 탁상용 아기 유모차 선풍기","8809822422647","발주가능","정상","0","22","154","15556","0","0","0","","NO","0.725"
"20260825","CE","Seasonal Appliance","USB/휴대용선풍기","오아","VF107","43571360","오아 콤비팬 휴대용 BLDC 미니 손 선풍기 핸디 핸드 탁상 책상 손풍기 화이트, OFN-059WH","8809822424689","발주불가","단종","0","0","18","11165","0","0","0","","NO","0.725"
"20260825","CE","Seasonal Appliance","USB/휴대용선풍기","오아","VF107","43571361","오아 콤비팬 휴대용 BLDC 미니 손 선풍기 핸디 핸드 탁상 책상 손풍기 베이지, OFN-059BE","8809822424696","일시중단","단종예정","0","0","62","10842","0","0","0","","NO","0.725"
"20260825","CE","Seasonal Appliance","USB/휴대용선풍기","오아","FC","43571361","오아 콤비팬 휴대용 BLDC 미니 손 선풍기 핸디 핸드 탁상 책상 손풍기 베이지, OFN-059BE","8809822424696","일시중단","단종예정","0","0","1","10842","0","0","0","","NO","0.725"
"20260825","CE","Seasonal Appliance","USB/휴대용선풍기","오아","FC","45349063","오아 스퀘어프로 BLDC 무선 미니 탁상용 벽걸이 선풍기 화이트 OFN-056WH","8809822424887","발주불가","단종","0","0","0","20039","0","0","0","","YES","0.725"
"20260825","CE","Seasonal Appliance","USB/휴대용선풍기","오아","VF107","46191377","오아 슈퍼젯 핸디팬 미니 무선 휴대용 핸디 핸드 손 선풍기 USB 야외용 캠핑 초강력 손풍기 블랙 OFN-062BK","8809822424900","발주가능","정상","0","1","53","18151","0","0","0","","NO","0.725"
"20260825","CE","Seasonal Appliance","USB/휴대용선풍기","오아","FC","46191377","오아 슈퍼젯 핸디팬 미니 무선 휴대용 핸디 핸드 손 선풍기 USB 야외용 캠핑 초강력 손풍기 블랙 OFN-062BK","8809822424900","발주가능","정상","0","0","5","18151","0","0","0","","NO","0.725"
"20260825","CE","Seasonal Appliance","USB/휴대용선풍기","오아","FC","46550390","오아 터보젯 휴대용 BLDC 초강력 미니 핸디 핸드 손풍기 손 선풍기","8809822424917","발주가능","정상","0","0","2","30333","0","0","0","","NO","0.725"
"20260825","CE","Seasonal Appliance","USB/휴대용선풍기","오아","VF107","46550390","오아 터보젯 휴대용 BLDC 초강력 미니 핸디 핸드 손풍기 손 선풍기","8809822424917","발주가능","정상","0","0","38","30333","0","0","0","","NO","0.725"
"20260825","CE","Seasonal Appliance","USB/휴대용선풍기","오아","VF107","46671749","오아 에어쿨 핸디 휴대용 미니 급속 냉각 에어컨 손 선풍기 핸드 손풍기 화이트 OFN-055WH","8809822424672","발주가능","정상","0","4","32","15715","0","0","0","","NO","0.725"
"20260825","CE","Seasonal Appliance","USB/휴대용선풍기","오아","FC","46671749","오아 에어쿨 핸디 휴대용 미니 급속 냉각 에어컨 손 선풍기 핸드 손풍기 화이트 OFN-055WH","8809822424672","발주가능","정상","0","0","5","15715","0","0","0","","NO","0.725"
"20260825","CE","Seasonal Appliance","USB/휴대용선풍기","오아","VF107","46962408","오아 울트라젯 휴대용 미니 무선 손 선풍기 초강력 저소음 핸디 핸드 캠핑 에어건 손풍기 블랙 OFN-063BK","8809822424931","발주가능","정상","0","2","29","54209","0","0","0","","NO","0.725"
"20260825","CE","Seasonal Appliance","USB/휴대용선풍기","오아","FC","46962408","오아 울트라젯 휴대용 미니 무선 손 선풍기 초강력 저소음 핸디 핸드 캠핑 에어건 손풍기 블랙 OFN-063BK","8809822424931","발주가능","정상","0","0","1","54209","0","0","0","","NO","0.725"
"20260825","CE","Seasonal Appliance","USB/휴대용선풍기","오아","FC","58716097","오아 아이스볼트맥스 휴대용 미니 급속 냉각 핸디 선풍기 베이지 OPFN-007BE","8809822426591","발주가능","정상","0","0","47","18151","0","0","0","","NO","0.725"
"20260825","CE","Seasonal Appliance","USB/휴대용선풍기","오아","VF107","58716097","오아 아이스볼트맥스 휴대용 미니 급속 냉각 핸디 선풍기 베이지 OPFN-007BE","8809822426591","발주가능","정상","0","23","854","18151","0","0","0","","NO","0.725"
"20260825","CE","Seasonal Appliance","USB/휴대용선풍기","오아","FC","58722261","오아 아이스볼트 휴대용 미니 급속 냉각 아이스 에어컨 선풍기 핸디 베이지 OPFN-005BE","8809822426607","발주가능","정상","0","0","2","16994","0","0","0","","NO","0.725"
"20260825","CE","Seasonal Appliance","USB/휴대용선풍기","오아","VF107","58722261","오아 아이스볼트 휴대용 미니 급속 냉각 아이스 에어컨 선풍기 핸디 베이지 OPFN-005BE","8809822426607","발주가능","정상","0","2","132","16994","0","0","0","","NO","0.725"
"20260825","CE","Seasonal Appliance","USB/휴대용선풍기","오아","FC","58730204","오아 윈드볼트 휴대용 미니 저소음 강력 선풍기 핸디 베이지 OPFN-006BE","8809822426584","발주가능","정상","0","0","10","15166","0","0","0","","NO","0.725"
"20260825","CE","Seasonal Appliance","USB/휴대용선풍기","오아","VF107","58730204","오아 윈드볼트 휴대용 미니 저소음 강력 선풍기 핸디 베이지 OPFN-006BE","8809822426584","발주가능","정상","0","0","24","15166","0","0","0","","NO","0.725"
"20260825","CE","Seasonal Appliance","USB/휴대용선풍기","오아","FC","59924956","오아 컴팩트쿨 휴대용 미니 핸디 냉각 손 선풍기화이트 OPFN-010WH","8809822426706","발주불가","단종","0","0","0","21196","0","0","0","","YES","0.725"
"20260825","CE","Seasonal Appliance","USB/휴대용선풍기","오아","VF107","60015061","오아 레트로 핸디팬 휴대용 미니 손 선풍기 베이지 OPFN-008BE","8809822426560","발주불가","단종","0","0","10","10842","0","0","0","","NO","0.725"
"20260825","CE","Seasonal Appliance","USB/휴대용선풍기","오아","FC","60015061","오아 레트로 핸디팬 휴대용 미니 손 선풍기 베이지 OPFN-008BE","8809822426560","발주불가","단종","0","0","2","10842","0","0","0","","NO","0.725"
"20260825","CE","Seasonal Appliance","USB/휴대용선풍기","오아","VF107","60023938","오아 컬러젯 휴대용 미니 손 선풍기 아이보리 OPFN-009IV","8809822426553","발주불가","단종","0","0","81","16933","0","0","0","","NO","0.725"
"20260825","CE","Seasonal Appliance","USB/휴대용선풍기","오아","VF107","60024864","오아 핸디썸 라이트 휴대용 초강력 무선 미니 손 선풍기 베이지 OPFN-004BE","8809822426638","발주가능","정상","0","0","29","16933","0","0","0","","NO","0.725"
"20260825","CE","Seasonal Appliance","USB/휴대용선풍기","오아","VF107","60025950","오아 핸디썸 휴대용 초강력 무선 미니 손 선풍기 화이트 OPFN-003BE","8809822426805","발주가능","정상","0","0","16","39469","0","0","0","","NO","0.725"
"20260825","CE","Seasonal Appliance","USB/휴대용선풍기","오아","FC","71156871","오아 아이스 넥밴드 냉각패드 선풍기 포그밀크 OMFN-005FM","8809822429776","발주가능","정상","0","0","3","18212","0","0","0","","NO","0.725"
"20260825","CE","Seasonal Appliance","USB/휴대용선풍기","오아","VF107","71156871","오아 아이스 넥밴드 냉각패드 선풍기 포그밀크 OMFN-005FM","8809822429776","발주가능","정상","0","0","194","18212","0","0","0","","NO","0.725"
"20260825","CE","Seasonal Appliance","USB/휴대용선풍기","오아","VF107","71173111","오아 아이스볼트 미스트 100단 냉각 미니 핸디 휴대용 선풍기 혼합색상 OPFN-012FM","8809822429820","발주가능","정상","0","11","263","24242","0","0","0","","NO","0.725"
"20260825","CE","Seasonal Appliance","USB/휴대용선풍기","오아","FC","71173111","오아 아이스볼트 미스트 100단 냉각 미니 핸디 휴대용 선풍기 혼합색상 OPFN-012FM","8809822429820","발주가능","정상","0","1","7","24242","0","0","0","","NO","0.725"
"20260825","CE","Seasonal Appliance","USB/휴대용선풍기","오아","VF107","71947627","오아 아이스 볼트 폴드 100단 냉각 휴대용 접이식 목걸이형 선풍기 포그밀크 OPFN-011FM","8809822429813","발주가능","정상","0","4","202","21257","0","0","0","","NO","0.725"
"20260825","CE","Seasonal Appliance","USB/휴대용선풍기","오아","FC","71947627","오아 아이스 볼트 폴드 100단 냉각 휴대용 접이식 목걸이형 선풍기 포그밀크 OPFN-011FM","8809822429813","발주가능","정상","0","1","9","21257","0","0","0","","NO","0.725"
"20260825","CE","Seasonal Appliance","USB/휴대용선풍기","오아","VF107","72300747","오아 바디팬 맥스 휴대용 미니 목걸이 허리 선풍기 포그밀크 OMFN-006FM","8809822429899","발주가능","정상","0","2","61","18151","0","0","0","","NO","0.725"
"20260825","CE","Seasonal Appliance","USB/휴대용선풍기","오아","FC","72300747","오아 바디팬 맥스 휴대용 미니 목걸이 허리 선풍기 포그밀크 OMFN-006FM","8809822429899","발주가능","정상","0","0","2","18151","0","0","0","","NO","0.725"
"20260825","CE","Seasonal Appliance","USB/휴대용선풍기","오아","VF107","72614935","오아 라운드 핸디 맥스 빅팬 무선 휴대용 탁상용 선풍기 코지피치 OPFN-015ZP","8809822429790","발주가능","정상","0","0","76","15166","0","0","0","","NO","0.725"
"20260825","CE","Seasonal Appliance","USB/휴대용선풍기","오아","VF107","72614936","오아 라운드 핸디 맥스 빅팬 무선 휴대용 탁상용 선풍기 클라우디블루 OPFN-015CB","8809822429806","발주가능","정상","0","0","51","15166","0","0","0","","NO","0.725"
"20260825","CE","Seasonal Appliance","USB/휴대용선풍기","오아","VF107","72614937","오아 라운드 핸디 맥스 빅팬 무선 휴대용 탁상용 선풍기 포그밀크 OPFN-015FM","8809822429783","발주가능","정상","0","0","61","15166","0","0","0","","NO","0.725"
"20260825","CE","Seasonal Appliance","USB/휴대용선풍기","오아","FC","72699935","오아 에어쿨 핸디 맥스 휴대용 미니 냉각 손 선풍기 포그밀크 OPFN-013FM","8809822429684","발주가능","정상","0","1","40","14365","0","0","0","","NO","0.725"
"20260825","CE","Seasonal Appliance","USB/휴대용선풍기","오아","VF107","72699935","오아 에어쿨 핸디 맥스 휴대용 미니 냉각 손 선풍기 포그밀크 OPFN-013FM","8809822429684","발주가능","정상","0","1","322","14365","0","0","0","","NO","0.725"
"20260825","CE","Seasonal Appliance","USB/휴대용선풍기","오아","FC","72699936","오아 에어쿨 핸디 맥스 휴대용 미니 냉각 손 선풍기 코튼핑크 OPFN-013CP","8809822429691","발주가능","정상","0","2","67","14365","0","0","0","","NO","0.725"
"20260825","CE","Seasonal Appliance","USB/휴대용선풍기","오아","VF107","72699936","오아 에어쿨 핸디 맥스 휴대용 미니 냉각 손 선풍기 코튼핑크 OPFN-013CP","8809822429691","발주가능","정상","0","0","411","14365","0","0","0","","NO","0.725"
"20260825","CE","Seasonal Appliance","USB/휴대용선풍기","오아","FC","72828733","오아 컴팩트쿨맥스 휴대용 미니 핸디 급속 냉각 손 선풍기 클라우디블루 OPFN-014CB","8809822429745","발주가능","정상","0","3","71","15619","0","0","0","","NO","0.725"
"20260825","CE","Seasonal Appliance","USB/휴대용선풍기","오아","VF107","72828733","오아 컴팩트쿨맥스 휴대용 미니 핸디 급속 냉각 손 선풍기 클라우디블루 OPFN-014CB","8809822429745","발주가능","정상","0","4","480","15619","0","0","0","","NO","0.725"
"20260825","CE","Seasonal Appliance","USB/휴대용선풍기","오아","FC","72828734","오아 컴팩트쿨맥스 휴대용 미니 핸디 급속 냉각 손 선풍기 포그밀크 OPFN-014FM","8809822429738","발주가능","정상","0","2","79","15619","0","0","0","","NO","0.725"
"20260825","CE","Seasonal Appliance","USB/휴대용선풍기","오아","VF107","72828734","오아 컴팩트쿨맥스 휴대용 미니 핸디 급속 냉각 손 선풍기 포그밀크 OPFN-014FM","8809822429738","발주가능","정상","0","21","180","15619","0","0","0","","NO","0.725"
"20260825","CE","Seasonal Appliance","가습기","보아르","FC","65566244","보아르 듀이아쿠아 자연기화식 가습기 대용량 8L 자동건조 UV살균 자동습도조절 통세척","8809822427826","발주가능","정상","0","0","1","96845","0","0","0","","NO","0.704"
"20260825","CE","Seasonal Appliance","가습기","보아르","VF107","65566244","보아르 듀이아쿠아 자연기화식 가습기 대용량 8L 자동건조 UV살균 자동습도조절 통세척","8809822427826","발주가능","정상","0","1","53","96845","0","0","0","","NO","0.704"
"20260825","CE","Seasonal Appliance","가습기","보아르","VF107","65566541","보아르 더글라스 가열식 가습기 아기 무드등 대용량 물멍","8809822427949","일시중단","시즌오프","0","0","2","90755","0","0","0","","NO","0.704"
"20260825","CE","Seasonal Appliance","가습기","오아","VF107","3636925","오아 안개 500 미니 초음파 탁상용 가습기","8809487303978","발주가능","정상","0","0","17","23024","0","0","0","","NO","0.704"
"20260825","CE","Seasonal Appliance","가습기","오아","FC","3636926","오아 무드 1000 미니 초음파 탁상용 가습기","8809487302049","발주가능","정상","0","0","1","24242","0","0","0","","NO","0.704"
"20260825","CE","Seasonal Appliance","가습기","오아","VF107","3636926","오아 무드 1000 미니 초음파 탁상용 가습기","8809487302049","발주가능","정상","0","1","289","24242","0","0","0","","NO","0.704"
"20260825","CE","Seasonal Appliance","가습기","오아","FC","3636927","오아 무드 500 미니 초음파 탁상용 가습기","8809487302032","발주가능","정상","0","0","2","19978","1","1","0","","NO","0.704"
"20260825","CE","Seasonal Appliance","가습기","오아","VF107","3636927","오아 무드 500 미니 초음파 탁상용 가습기","8809487302032","발주가능","정상","4","2","5","19978","1","1","0","","NO","0.704"
"20260825","CE","Seasonal Appliance","가습기","오아","VF107","9567647","오아 안개 1000 미니 초음파 탁상용 가습기","8809487305927","발주가능","정상","1","1","5","26739","1","1","0","","NO","0.704"
"20260825","CE","Seasonal Appliance","가습기","오아","VF107","10855225","오아 듀얼미스트 미니 휴대용 초음파 탁상용 무선 가습기 500ml","8809487306849","발주가능","정상","0","13","541","18151","0","0","0","","NO","0.704"
"20260825","CE","Seasonal Appliance","가습기","오아","FC","10855225","오아 듀얼미스트 미니 휴대용 초음파 탁상용 무선 가습기 500ml","8809487306849","발주가능","정상","0","0","1","18151","0","0","0","","NO","0.704"
"20260825","CE","Seasonal Appliance","가습기","오아","VF107","11092035","오아 에어워셔 공기청정 자연 기화식 가습기 2L","8809487307013","발주가능","정상","0","0","3","56036","0","0","0","","NO","0.704"
"20260825","CE","Seasonal Appliance","가습기","오아","VF107","13004238","오아 엠젯 대용량 자동습도조절 복합식 가습기 ","8809487306979","발주가능","정상","0","0","4","65173","0","0","0","","NO","0.704"
"20260825","CE","Seasonal Appliance","가습기","오아","VF107","13100374","오아 센스S 미니 휴대용 초음파 탁상용 무선 가습기 ","8809487308355","발주가능","정상","0","1","2","19856","0","0","0","","NO","0.704"
"20260825","CE","Seasonal Appliance","가습기","오아","VF107","19213859","오아 타워 대용량 자동습도조절 UV살균 초음파 16L 가습기","8809822420230","발주가능","정상","0","0","3","77355","0","0","0","","NO","0.704"
"20260825","CE","Seasonal Appliance","가습기","오아","VF107","20341619","오아 도트 플러스 UV 대용량 복합식 자동습도조절 가습기 5L OHM-063WH","8809822420247","일시중단","시즌오프","0","0","3","59082","0","0","0","","NO","0.704"
"20260825","CE","Seasonal Appliance","가습기","오아","VF107","29266932","오아 IOT 플러스 무드등 미니 초음파 탁상용 가습기 1.5L","8809822422043","발주가능","정상","0","0","3","34596","0","0","0","","NO","0.704"
"20260825","CE","Seasonal Appliance","가습기","오아","VF107","38407975","오아 플렌티 큐브 무선 듀얼 미니 초음파 탁상용 가습기 2L OHM-073WH","8809822423576","일시중단","시즌오프","0","0","2","27287","0","0","0","","NO","0.704"
"20260825","CE","Seasonal Appliance","가습기","오아","VF107","38417027","오아 캡슐 미니 휴대용 초음파 탁상용 USB 가습기 OHM-079WH","8809822423736","발주가능","정상","1","0","3","10842","1","1","0","","NO","0.704"
"20260825","CE","Seasonal Appliance","가습기","오아","FC","38490170","오아 스퀘어 미니 휴대용 초음파 탁상용 무선 가습기-화이트 ","8809822423125","발주가능","정상","0","0","1","13278","0","0","0","","NO","0.704"
"20260825","CE","Seasonal Appliance","가습기","오아","VF107","38490170","오아 스퀘어 미니 휴대용 초음파 탁상용 무선 가습기-화이트 ","8809822423125","발주가능","정상","0","0","38","13278","0","0","0","","NO","0.704"
"20260825","CE","Seasonal Appliance","가습기","오아","VF107","38490171","오아 스퀘어 미니 휴대용 초음파 탁상용 무선 가습기 베이지 OHM-068BE","8809822423132","발주가능","정상","9","0","9","13278","1","1","0","","YES","0.704"
"20260825","CE","Seasonal Appliance","가습기","오아","FC","38490171","오아 스퀘어 미니 휴대용 초음파 탁상용 무선 가습기 베이지 OHM-068BE","8809822423132","발주가능","정상","0","0","0","13278","1","1","0","","YES","0.704"
"20260825","CE","Seasonal Appliance","가습기","오아","VF107","38545387","오아 플렌티 브릭 대용량 통세척 초음파 가습기 4L OHM-069WH","8809822423705","발주가능","정상","2","0","4","24242","1","1","0","","NO","0.704"
"20260825","CE","Seasonal Appliance","가습기","오아","VF107","38659485","오아 플렌티 무드 미니 통세척 초음파 가습기 OHM-071WH","8809822423620","발주가능","정상","0","0","4","32769","0","0","0","","NO","0.704"
"20260825","CE","Seasonal Appliance","가습기","오아","VF107","39228155","오아 베이직 대용량 통세척 초음파 가습기  4.5L","8809822423873","발주가능","정상","1","0","5","27287","1","1","0","","NO","0.704"
"20260825","CE","Seasonal Appliance","가습기","오아","FC","39228155","오아 베이직 대용량 통세척 초음파 가습기  4.5L","8809822423873","발주가능","정상","0","0","0","27287","1","1","0","","NO","0.704"
"20260825","CE","Seasonal Appliance","가습기","오아","VF107","39278162","오아 듀얼포그 미니 휴대용 초음파 탁상용 무선 가습기 ","8809822423323","발주가능","정상","0","0","6","18212","0","0","0","","NO","0.704"
"20260825","CE","Seasonal Appliance","가습기","오아","FC","39415252","오아 플렌티 올스텐 스팀 대용량 가열식 가습기 3L","8809822422937","발주가능","정상","0","0","1","65782","0","0","0","","NO","0.704"
"20260825","CE","Seasonal Appliance","가습기","오아","VF107","39415252","오아 플렌티 올스텐 스팀 대용량 가열식 가습기 3L","8809822422937","발주가능","정상","0","0","102","65782","0","0","0","","NO","0.704"
"20260825","CE","Seasonal Appliance","가습기","오아","FC","40852278","오아 플렌티 플렛 4L 자동습도조절 접이식 대용량 초음파 가습기 OHM-076WH","8809822423989","발주가능","정상","0","0","8","36424","0","0","0","","NO","0.704"
"20260825","CE","Seasonal Appliance","가습기","오아","VF107","40852278","오아 플렌티 플렛 4L 자동습도조절 접이식 대용량 초음파 가습기 OHM-076WH","8809822423989","발주가능","정상","0","1","30","36424","0","0","0","","NO","0.704"
"20260825","CE","Seasonal Appliance","가습기","오아","VF107","51689222","오아 라운드 미니 듀얼 무선 초음파 탁상용 휴대용 가습기 베이지 OUHU-012BE","8809822425648","일시중단","시즌오프","0","0","20","18755","0","0","0","","NO","0.704"
"20260825","CE","Seasonal Appliance","가습기","오아","FC","51689222","오아 라운드 미니 듀얼 무선 초음파 탁상용 휴대용 가습기 베이지 OUHU-012BE","8809822425648","일시중단","시즌오프","0","0","1","18755","0","0","0","","NO","0.704"
"20260825","CE","Seasonal Appliance","가습기","오아","FC","51898514","오아 듀얼미스트 미니 휴대용 탁상용 무선가습기 베이지  OA-HM048_1","8809822422067","발주가능","정상","0","0","1","18151","0","0","0","","NO","0.704"
"20260825","CE","Seasonal Appliance","가습기","오아","VF107","51898514","오아 듀얼미스트 미니 휴대용 탁상용 무선가습기 베이지  OA-HM048_1","8809822422067","발주가능","정상","0","3","18","18151","0","0","0","","NO","0.704"
"20260825","CE","Seasonal Appliance","가습기","오아","VF107","52613211","오아 스퀘어 에어워셔 온풍 기화식 가습기 화이트 OHM-080NV","8809822424306","발주가능","정상","0","0","7","60300","0","0","0","","NO","0.704"
"20260825","CE","Seasonal Appliance","가습기","오아","VF107","53052265","오아 글라스팀 대용량 가열식 무드등 물멍 스텐 가습기 001WH 화이트","8809822425792","발주가능","정상","0","1","2","59082","0","0","0","","NO","0.704"
"20260825","CE","Seasonal Appliance","가습기","오아","VF107","65933937","오아 듀얼 무선 미니 가습기 클라우디블루 OUHU-015CB","8809822428250","발주가능","정상","0","1","106","24242","0","0","0","","NO","0.704"
"20260825","CE","Seasonal Appliance","가습기","오아","VF107","65934564","오아 듀얼 미스트맥스 무선 미니 가습기 차콜스톤 OUHU-015CS","8809822428267","발주가능","정상","0","1","104","24242","0","0","0","","NO","0.704"
"20260825","CE","Seasonal Appliance","가습기","오아","FC","65935700","오아 듀얼 미스트맥스 무선 미니 가습기 포그밀크 OUHU-015FM","8809822428274","발주가능","정상","0","0","2","24242","0","0","0","","NO","0.704"
"20260825","CE","Seasonal Appliance","가습기","오아","VF107","65935700","오아 듀얼 미스트맥스 무선 미니 가습기 포그밀크 OUHU-015FM","8809822428274","발주가능","정상","0","2","97","24242","0","0","0","","NO","0.704"
"20260825","CE","Seasonal Appliance","가습기","오아","VF107","66046959","오아 퓨어탱크 대용량 초음파 가습기 사무실 거실 원룸 무소음 가정용 청소편한 통세척 화이트 OUHU-013WH","8809822427840","발주가능","정상","0","0","3","39530","0","0","0","","NO","0.704"
"20260825","CE","Seasonal Appliance","가습기","오아","VF107","67630646","오아 뮤직씽크 미니 휴대용 초음파 가습기 사무실 책상 탁상용 듀얼 필터 음성인식 무드등 화이트 OUHU-010WH","8809822425655","발주가능","정상","0","0","3","23085","0","0","0","","NO","0.704"
"20260825","CE","Seasonal Appliance","계절가전 액세서리","보아르","VF107","12218847","보아르 모아 스마트 13L 집진 필터","8809487307532","발주가능","정상","0","0","14","9380","0","0","0","","NO","0.213"
"20260825","CE","Seasonal Appliance","계절가전 액세서리","보아르","VF107","15838517","보아르 모아 파워 제습기 16L 활성탄 필터 VO-ET026","8809487307846","발주가능","정상","0","0","6","9380","0","0","0","","NO","0.213"
"20260825","CE","Seasonal Appliance","계절가전 액세서리","보아르","VF107","16171214","보아르 모아 파워제습기 6L 필터 VO-ET025","8809487307839","발주가능","정상","0","0","10","8771","0","0","0","","NO","0.213"
"20260825","CE","Seasonal Appliance","계절가전 액세서리","오아","FC","39006854","도트 가습기 전용필터","8809487307228","발주가능","정상","0","0","1","4203","0","0","0","","NO","0.213"
"20260825","CE","Seasonal Appliance","계절가전 액세서리","오아","VF107","39006854","도트 가습기 전용필터","8809487307228","발주가능","정상","0","0","3","4203","0","0","0","","NO","0.213"
"20260825","CE","Seasonal Appliance","계절가전 액세서리","오아","VF107","39006855","엠젯 복합식 가습기 전용필터","8809487307259","발주가능","정상","0","0","12","4203","0","0","0","","NO","0.213"
"20260825","CE","Seasonal Appliance","계절가전 액세서리","오아","VF107","39006857","도트 플러스 가습기 전용필터","8809487308423","발주가능","정상","0","0","4","4203","0","0","0","","NO","0.213"
"20260825","CE","Seasonal Appliance","계절가전 액세서리","오아","VF107","51883980","오아 플렌티 에어워셔 4L 필터 1개 OHHU-A002","8809822425501","발주가능","정상","0","0","4","11207","0","0","0","","NO","0.213"
"20260825","CE","Seasonal Appliance","계절가전 액세서리","오아","VF107","52578670","오아 스퀘어 에어워셔 온풍 기화식 가습기 전용 필터 1개 OHHU-A003","8809822425617","발주가능","정상","0","0","18","8466","0","0","0","","NO","0.213"
"20260825","CE","Seasonal Appliance","공기청정기","보아르","FC","10084594","보아르 휘겔리 공기청정기 화이트","8809487306108","발주불가","단종","0","0","0","61473","0","0","0","","YES","0.717"
"20260825","CE","Seasonal Appliance","공기청정기","오아","FC","10324264","오아 퓨어  미니 공기청정기","8809487306146","발주가능","정상","0","0","4","21196","0","0","0","","NO","0.717"
"20260825","CE","Seasonal Appliance","공기청정기","오아","VF107","10324264","오아 퓨어  미니 공기청정기","8809487306146","발주가능","정상","0","3","26","21196","0","0","0","","NO","0.717"
"20260825","CE","Seasonal Appliance","공기청정기","오아","VF107","49473587","오아 O2 미니 원룸 소형 탁상용 공기청정기 아이보리 OA-AP001","8809822425105","발주가능","정상","1","1","8","21196","1","1","0","","NO","0.717"
"20260825","CE","Seasonal Appliance","공기청정기액세서리","보아르","VF107","11192163","보아르 그린에어 공기청정기 교체용 필터","8809487306757","발주가능","정상","0","1","13","13035","1","1","0","","NO","0.645"
"20260825","CE","Seasonal Appliance","공기청정기액세서리","보아르","VF107","11192165","보아르 클린에어 공기청정기 교체용 필터","8809487306658","발주가능","정상","0","0","3","14862","0","0","0","","NO","0.645"
"20260825","CE","Seasonal Appliance","공기청정기액세서리","보아르","VF107","11192167","보아르 휘겔리 공기청정기 교체용 필터","8809487306122","발주가능","정상","1","0","5","11816","1","1","0","","NO","0.645"
"20260825","CE","Seasonal Appliance","공기청정기액세서리","보아르","VF107","11291291","보아르 모아M1000 필터","8809487306139","발주가능","정상","0","2","7","8162","0","0","0","","NO","0.645"
"20260825","CE","Seasonal Appliance","공기청정기액세서리","보아르","VF107","12091621","보아르 V에어46 공기청정기 프리미엄 필터","8809487307280","발주가능","정상","1","1","3","23998","1","1","0","","NO","0.645"
"20260825","CE","Seasonal Appliance","공기청정기액세서리","보아르","VF107","12143581","보아르 클린에어 공기청정기 완전필터 시리즈 스탠다드 프리미엄 펫팸 필터, 펫팸 필터 E0149","8809487307396","발주가능","정상","0","0","2","14862","0","0","0","","NO","0.645"
"20260825","CE","Seasonal Appliance","공기청정기액세서리","보아르","VF107","12143584","보아르 휘겔리 공기청정기 완전필터 시리즈 스탠다드 프리미엄 펫팸 필터, 펫팸 필터 E0151","8809487307419","발주가능","정상","1","0","4","11816","1","1","0","","NO","0.645"
"20260825","CE","Seasonal Appliance","공기청정기액세서리","보아르","VF107","15812678","보아르  v에어43 공기청정기 필터 VET-063-APOWH","8809487307907","발주가능","정상","0","0","5","20953","0","0","0","","NO","0.645"
"20260825","CE","Seasonal Appliance","공기청정기액세서리","오아","VF107","11192166","오아 퓨어 공기청정기 교체용 필터","8809487306214","발주가능","정상","2","0","11","5421","1","1","0","","NO","0.645"
"20260825","CE","Seasonal Appliance","모기/해충 퇴치기","오아","VF107","59199875","오아 제로버그 전기 포충기 휴대용 가정용 캠핑 모기 퇴치기 OIST-001WH","8809822426027","발주가능","정상","0","0","55","24242","0","0","0","","NO","0.674"
"20260825","CE","Seasonal Appliance","모기/해충 퇴치기","오아","FC","59199875","오아 제로버그 전기 포충기 휴대용 가정용 캠핑 모기 퇴치기 OIST-001WH","8809822426027","발주가능","정상","0","0","0","24242","0","0","0","","NO","0.674"
"20260825","CE","Seasonal Appliance","서큘레이터","오아","FC","12029130","오아 메가에어 써큘레이터 스탠드 선풍기 리모컨 공기순환기","8809487307471","발주가능","정상","0","1","0","66391","0","0","0","","YES","0.824"
"20260825","CE","Seasonal Appliance","서큘레이터","오아","VF107","25665354","오아 모노 에어 BLDC 리모컨 써큘레이터 스탠드형 선풍기","8809822421299","발주가능","정상","0","0","9","59082","0","0","0","","NO","0.824"
"20260825","CE","Seasonal Appliance","서큘레이터","오아","VF107","34464589","오아 라운드PRO 무선 스탠드 선풍기 써큘레이터 리모컨 공기순환기 베이지 OFN-045BE","8809822422418","발주가능","정상","0","1","28","78573","0","0","0","","NO","0.824"
"20260825","CE","Seasonal Appliance","서큘레이터","오아","FC","34464589","오아 라운드PRO 무선 스탠드 선풍기 써큘레이터 리모컨 공기순환기 베이지 OFN-045BE","8809822422418","발주가능","정상","0","0","3","78573","0","0","0","","NO","0.824"
"20260825","CE","Seasonal Appliance","서큘레이터","오아","FC","60084208","오아 라운드PRO 무선 스탠드 선풍기 써큘레이터 리모컨 공기순환기 카키 OFN-045KH","8809822426980","발주가능","정상","0","0","1","78573","0","0","0","","NO","0.824"
"20260825","CE","Seasonal Appliance","서큘레이터","오아","VF107","60084208","오아 라운드PRO 무선 스탠드 선풍기 써큘레이터 리모컨 공기순환기 카키 OFN-045KH","8809822426980","발주가능","정상","0","3","36","78573","0","0","0","","NO","0.824"
"20260825","CE","Seasonal Appliance","스탠드형선풍기","보아르","FC","59759466","보아르 마일드 에어 무선 스탠드 선풍기 써큘레이터 리모컨 공기순환기","8809822426362","발주가능","정상","0","0","1","102327","0","0","0","","NO","0.731"
"20260825","CE","Seasonal Appliance","스탠드형선풍기","보아르","VF107","59759466","보아르 마일드 에어 무선 스탠드 선풍기 써큘레이터 리모컨 공기순환기","8809822426362","발주가능","정상","0","0","122","102327","0","0","0","","NO","0.731"
"20260825","CE","Seasonal Appliance","스탠드형선풍기","보아르","FC","74550323","보아르 엘레어PRO 저소음 BLDC 무풍 2in1 날개없는 선풍기 VSFN-003WH","8800367920001","발주가능","정상","0","0","1","109027","0","0","0","","NO","0.731"
"20260825","CE","Seasonal Appliance","스탠드형선풍기","보아르","VF107","74550323","보아르 엘레어PRO 저소음 BLDC 무풍 2in1 날개없는 선풍기 VSFN-003WH","8800367920001","발주가능","정상","0","0","334","109027","0","0","0","","NO","0.731"
"20260825","CE","Seasonal Appliance","스탠드형선풍기","오아","FC","70770186","오아 보이스팬 AI 음성인식 BLDC 8단 풍속 리모컨 스탠드 선풍기 OSFN-003FM","8809822429844","발주가능","정상","0","0","0","42027","0","0","0","","NO","0.731"
"20260825","CE","Seasonal Appliance","스탠드형선풍기","오아","VF107","70770186","오아 보이스팬 AI 음성인식 BLDC 8단 풍속 리모컨 스탠드 선풍기 OSFN-003FM","8809822429844","발주가능","정상","0","0","242","42027","0","0","0","","NO","0.731"
"20260825","CE","Seasonal Appliance","스탠드형선풍기","오아","FC","71291488","오아 베이직 5엽 날개 키높이 스탠드 선풍기 OSFN-001SC","8809822429608","발주가능","정상","0","0","9","25028","0","0","0","","NO","0.731"
"20260825","CE","Seasonal Appliance","스탠드형선풍기","오아","VF107","71291488","오아 베이직 5엽 날개 키높이 스탠드 선풍기 OSFN-001SC","8809822429608","발주가능","정상","0","2","125","25028","0","0","0","","NO","0.731"
"20260825","CE","Seasonal Appliance","스탠드형선풍기","오아","FC","72182444","오아 메가에어라이트 BLDC 8단풍속 무드등 리모컨 스탠드 써큘레이터 OCCU-001SC","8809822429905","발주가능","정상","0","0","2","59082","0","0","0","","NO","0.731"
"20260825","CE","Seasonal Appliance","스탠드형선풍기","오아","VF107","72182444","오아 메가에어라이트 BLDC 8단풍속 무드등 리모컨 스탠드 써큘레이터 OCCU-001SC","8809822429905","발주가능","정상","0","1","46","59082","0","0","0","","NO","0.731"
"20260825","CE","Seasonal Appliance","에어워셔","오아","VF107","51684787","오아 플렌티 에어워셔 4L 기화식 가습기 OHM-077IV","8809822424504","발주가능","정상","0","0","9","71873","0","0","0","","NO","0.773"
"20260825","CE","Seasonal Appliance","온풍기","오아","FC","65656468","보아르 모노라운드 히터 화이트 VHET-001WH","8809822427857","발주가능","정상","0","0","1","66391","0","0","0","","NO","0.717"
"20260825","CE","Seasonal Appliance","온풍기","오아","VF107","65656468","보아르 모노라운드 히터 화이트 VHET-001WH","8809822427857","발주가능","정상","0","0","53","66391","0","0","0","","NO","0.717"
"20260825","CE","Seasonal Appliance","온풍기","오아","VF107","65657039","보아르 플라미오 히터 불멍 전기 가정용 온풍기 아이보리 VHET-002IV","8809822428038","일시중단","시즌오프","0","0","6","121209","0","0","0","","NO","0.717"
"20260825","CE","Seasonal Appliance","욕실가전 엑세서리","오아","FC","51989601","오아 클린이워터B D F Z 전용 5종 팁세트 1세트 OET-067-OROWH","8809487308317","발주가능","정상","0","0","1","5421","1","1","0","","NO","0.806"
"20260825","CE","Seasonal Appliance","욕실가전 엑세서리","오아","VF107","51989601","오아 클린이워터B D F Z 전용 5종 팁세트 1세트 OET-067-OROWH","8809487308317","발주가능","정상","90","13","218","5421","1","1","0","","NO","0.806"
"20260825","CE","Seasonal Appliance","욕실가전 엑세서리","오아","VF107","55381383","오아 클린이워터P 전용 제트팁2P 구성품 1세트 OORL-A012WH","8809822425532","발주가능","정상","7","1","8","3289","1","1","0","","NO","0.806"
"20260825","CE","Seasonal Appliance","욕실가전 엑세서리","오아","FC","55384739","오아 클린이포터블 전용 제트팁 2P 구성품 1세트 OET-069-OROWH","8809487308379","발주가능","정상","0","1","1","3289","0","0","0","","YES","0.806"
"20260825","CE","Seasonal Appliance","욕실가전 엑세서리","오아","VF107","55609278","오아 클린이워터P 전용 5종팁세트 구성품 1세트 OORL-A011WH","8809822425525","일시중단","시즌오프","0","0","2","5725","0","0","0","","NO","0.806"
"20260825","CE","Seasonal Appliance","이동식 에어컨","보아르","FC","60530655","보아르 에어로센 이동식 에어컨 실외기 없는 이동형 미니 소형 작은 방 일체형 제습기 에어콘","8809822426928","발주가능","정상","0","0","6","200391","0","0","0","","NO","0.808"
"20260825","CE","Seasonal Appliance","이동식 에어컨","보아르","VF107","60530655","보아르 에어로센 이동식 에어컨 실외기 없는 이동형 미니 소형 작은 방 일체형 제습기 에어콘","8809822426928","발주가능","정상","0","3","61","200391","0","0","0","","NO","0.808"
"20260825","CE","Seasonal Appliance","전기손난로/발난로","오아","VF107","29280326","오아 풋터치형 2단 스퀘어 미니 각도조절 회전 발난로  화이트 OHT-016WH","8809822421916","발주가능","정상","0","1","54","18212","0","0","0","","NO","0.740"
"20260825","CE","Seasonal Appliance","전기손난로/발난로","오아","VF107","38412071","오아 풋터치형 2단 스퀘어 미니 각도조절 회전 발난로 베이지 OHT-016BE","8809822421909","발주가능","정상","0","0","47","18212","0","0","0","","NO","0.740"
"20260825","CE","Seasonal Appliance","전기손난로/발난로","오아","FC","38412101","오아 쏙핸디난로 USB 충전식 보조배터리 케이블 겸 휴대용 손난로 화이트 OHW-003WH","8809822423538","일시중단","시즌오프","0","0","2","17438","0","0","0","","NO","0.740"
"20260825","CE","Seasonal Appliance","전기손난로/발난로","오아","VF107","38412101","오아 쏙핸디난로 USB 충전식 보조배터리 케이블 겸 휴대용 손난로 화이트 OHW-003WH","8809822423538","일시중단","시즌오프","0","0","15","17438","0","0","0","","NO","0.740"
"20260825","CE","Seasonal Appliance","전기손난로/발난로","오아","FC","52581507","오아 미니 볼록 핸디난로 휴대용 충전식 손난로 보조배터리 베이지 OHWM-001IV","8809822425570","일시중단","시즌오프","0","0","12","17438","0","0","0","","NO","0.740"
"20260825","CE","Seasonal Appliance","전기손난로/발난로","오아","VF107","52581507","오아 미니 볼록 핸디난로 휴대용 충전식 손난로 보조배터리 베이지 OHWM-001IV","8809822425570","일시중단","시즌오프","0","0","1","17438","0","0","0","","NO","0.740"
"20260825","CE","Seasonal Appliance","전기손난로/발난로","오아","VF107","66850322","오아 캔디 핸디 미니 휴대용 USB 충전식 양면발열 손난로 대용량 보조배터리 베이지 OHWM-002BE","8809822427956","발주가능","정상","1","0","3","13948","1","1","0","","NO","0.740"
"20260825","CE","Seasonal Appliance","전기손난로/발난로","오아","FC","66864708","오아 캔디 핸디 난로 미니 휴대용 USB 충전식 양면발열 핫팩 손난로 대용량 보조배터리 민트 OHWM-002MT","8809822427963","일시중단","시즌오프","0","0","1","15619","0","0","0","","NO","0.740"
"20260825","CE","Seasonal Appliance","전기손난로/발난로","오아","VF107","66864708","오아 캔디 핸디 난로 미니 휴대용 USB 충전식 양면발열 핫팩 손난로 대용량 보조배터리 민트 OHWM-002MT","8809822427963","일시중단","시즌오프","0","0","12","15619","0","0","0","","NO","0.740"
"20260825","CE","Seasonal Appliance","전기요","오아","VF107","38676914","오아 포그밍 전기담요 전자파 안심 EMF 전기요 네이비 130 x 180","8809822423248","일시중단","시즌오프","0","2","87","42027","0","0","0","","NO","0.683"
"20260825","CE","Seasonal Appliance","전기요","오아","VF107","52872566","오아 포그밍L 전기 무릎 온열 담요 캠핑 휴대용 전기요 네이비 1800X1300 OEBK-002NV","8809822425747","일시중단","시즌오프","0","0","20","48300","0","0","0","","NO","0.683"
"20260825","CE","Seasonal Appliance","전기요","오아","FC","52872566","오아 포그밍L 전기 무릎 온열 담요 캠핑 휴대용 전기요 네이비 1800X1300 OEBK-002NV","8809822425747","일시중단","시즌오프","0","0","1","48300","0","0","0","","NO","0.683"
"20260825","CE","Seasonal Appliance","전기요","오아","VF107","65179405","오아 포그밍L 온열 전기담요 OEBK-002BE 베이지 1800 x 1300 mm","8809822428007","발주가능","정상","0","2","31","48118","0","0","0","","NO","0.683"
"20260825","CE","Seasonal Appliance","전기요","오아","FC","65181042","오아 포그밍L 코듀 전기 무릎 온열 담요 캠핑 휴대용 전기요 1800*1300 OEBK-002LA","8809822427994","일시중단","시즌오프","0","0","1","60300","0","0","0","","NO","0.683"
"20260825","CE","Seasonal Appliance","전기요","오아","VF107","65181042","오아 포그밍L 코듀 전기 무릎 온열 담요 캠핑 휴대용 전기요 1800*1300 OEBK-002LA","8809822427994","일시중단","시즌오프","0","2","1","60300","0","0","0","","NO","0.683"
"20260825","CE","Seasonal Appliance","전기히터","보아르","VF107","10929274","보아르 미니멀 전기히터 미니 난로 그린","8809487306726","발주가능","정상","0","0","3","21866","0","0","0","","NO","0.699"
"20260825","CE","Seasonal Appliance","전기히터","보아르","FC","10929274","보아르 미니멀 전기히터 미니 난로 그린","8809487306726","발주가능","정상","0","0","0","21866","0","0","0","","NO","0.699"
"20260825","CE","Seasonal Appliance","전기히터","보아르","VF107","66607099","보아르 웜시스 타워형 히터 리모컨 PTC 온풍기 가정용 사무실 전기 히터 화이트 VHET-004WH","8809822428144","발주가능","정상","0","0","53","60300","0","0","0","","NO","0.699"
"20260825","CE","Seasonal Appliance","전기히터","오아","VF107","55369678","오아 오버스퀘어 오방난로 사무실 전기 히터 가정용 스토브 화이트 OHT-019WH","8809822425471","일시중단","시즌오프","0","0","11","42575","0","0","0","","NO","0.699"
"20260825","CE","Seasonal Appliance","제습기","보아르","FC","8668649","보아르 모아 600 미니 제습기 소형 원룸 화장실 드레스룸 옷방 욕실 300ml VO-DH001","8809487305767","발주가능","정상","0","0","0","33439","0","0","0","","NO","0.556"
"20260825","CE","Seasonal Appliance","제습기","보아르","VF107","8668649","보아르 모아 600 미니 제습기 소형 원룸 화장실 드레스룸 옷방 욕실 300ml VO-DH001","8809487305767","발주가능","정상","0","5","116","33439","0","0","0","","NO","0.556"
"20260825","CE","Seasonal Appliance","제습기","보아르","FC","10155238","보아르 모아1000 미니 공기청정 제습기 소형 원룸 화장실 드레스룸 옷방 욕실","8809487306092","발주가능","정상","0","0","0","55200","0","0","0","","NO","0.556"
"20260825","CE","Seasonal Appliance","제습기","보아르","VF107","10155238","보아르 모아1000 미니 공기청정 제습기 소형 원룸 화장실 드레스룸 옷방 욕실","8809487306092","발주가능","정상","0","6","44","55200","0","0","0","","NO","0.556"
"20260825","CE","Seasonal Appliance","제습기","보아르","VF107","10816066","보아르 파인F2000 소형 원룸 욕실 옷장 미니 제습기 VO-DH004","8809487306610","발주가능","정상","0","3","39","56645","0","0","0","","NO","0.556"
"20260825","CE","Seasonal Appliance","제습기","보아르","FC","10816066","보아르 파인F2000 소형 원룸 욕실 옷장 미니 제습기 VO-DH004","8809487306610","발주가능","정상","0","0","1","56645","0","0","0","","NO","0.556"
"20260825","CE","Seasonal Appliance","제습기","보아르","FC","11765770","보아르 모아 스마트 13L 대용량 공기청정 최대 27L 제습기 가정용 저소음","8809487307433","발주가능","정상","0","0","0","144964","0","0","0","","NO","0.556"
"20260825","CE","Seasonal Appliance","제습기","보아르","VF107","11765770","보아르 모아 스마트 13L 대용량 공기청정 최대 27L 제습기 가정용 저소음","8809487307433","발주가능","정상","0","1","8","144964","0","0","0","","NO","0.556"
"20260825","CE","Seasonal Appliance","제습기","보아르","FC","12038103","보아르 모아 파워 6L 공기청정 제습기 가정용 소형 저소음","8809487307631","발주가능","정상","0","0","0","96236","0","0","0","","NO","0.556"
"20260825","CE","Seasonal Appliance","제습기","보아르","VF107","12038103","보아르 모아 파워 6L 공기청정 제습기 가정용 소형 저소음","8809487307631","발주가능","정상","0","2","11","96236","0","0","0","","NO","0.556"
"20260825","CE","Seasonal Appliance","제습기","보아르","VF107","12095120","보아르 모아 파워 대용량 제습기 16L 공기청정","8809487307624","발주가능","정상","0","0","12","157145","0","0","0","","NO","0.556"
"20260825","CE","Seasonal Appliance","제습기","보아르","VF107","15757638","보아르 모아 스마트 12L 대용량 공기청정 최대 23L 제습기 가정용 저소음","8809487309567","발주가능","정상","0","0","14","126691","0","0","0","","NO","0.556"
"20260825","CE","Seasonal Appliance","제습기","보아르","FC","15757638","보아르 모아 스마트 12L 대용량 공기청정 최대 23L 제습기 가정용 저소음","8809487309567","발주가능","정상","0","0","0","126691","0","0","0","","NO","0.556"
"20260825","CE","Seasonal Appliance","제습기","보아르","FC","60541171","보아르 모아 S2000 미니 제습기 실리카겔 블랙 500ml VPDH-004BK","8809822427017","일시중단","무매출","0","0","1","62100","0","0","0","","NO","0.556"
"20260825","CE","Seasonal Appliance","제습기","보아르","VF107","60541171","보아르 모아 S2000 미니 제습기 실리카겔 블랙 500ml VPDH-004BK","8809822427017","일시중단","무매출","0","0","52","62100","0","0","0","","NO","0.556"
"20260825","CE","Seasonal Appliance","제습기","보아르","VF107","60541542","보아르 모아 S2000 미니 제습기 화이트 실리카겔 (일일제습량500ml)  VPDH-004WH","8809822427000","발주불가","단종","0","1","0","60300","0","0","0","","YES","0.556"
"20260825","CE","Seasonal Appliance","제습기","오아","VF107","36635604","보아르 모아S1200 미니제습기 저소음 무드등 소형 원룸 옷장 화장실 미니 습기제거","8809822422791","발주가능","정상","0","0","109","33439","0","0","0","","NO","0.556"
"20260825","CE","Seasonal Appliance","제습기","오아","VF107","46801171","보아르 모아S3200 공기청정 미니 제습기 무드등 원룸 드레스룸 습기 제거 650ml VDE-009WH","8809822424979","발주가능","정상","0","1","47","58473","0","0","0","","NO","0.556"
"20260825","CE","Seasonal Appliance","제습기","오아","FC","46801171","보아르 모아S3200 공기청정 미니 제습기 무드등 원룸 드레스룸 습기 제거 650ml VDE-009WH","8809822424979","발주가능","정상","0","0","2","58473","0","0","0","","NO","0.556"
"20260825","CE","Seasonal Appliance","타워형선풍기","보아르","FC","72417582","보아르 퓨어링 공기청정 날개없는 선풍기 무풍 무엽 공기순환기 VSFN-002WH","8809822428854","발주가능","정상","0","0","0","182118","0","0","0","","NO","0.782"
"20260825","CE","Seasonal Appliance","타워형선풍기","보아르","VF107","72417582","보아르 퓨어링 공기청정 날개없는 선풍기 무풍 무엽 공기순환기 VSFN-002WH","8809822428854","발주가능","정상","0","1","39","182118","0","0","0","","NO","0.782"
"20260825","CE","Seasonal Appliance","탁상용선풍기","보아르","FC","60019261","보아르 엘레어 날개없는 선풍기 BLDC 저소음 무풍 날없는 아기방 화이트 VSFN-001WH","8809822426751","발주가능","정상","0","0","1","84055","0","0","0","","NO","0.748"
"20260825","CE","Seasonal Appliance","탁상용선풍기","보아르","VF107","60019261","보아르 엘레어 날개없는 선풍기 BLDC 저소음 무풍 날없는 아기방 화이트 VSFN-001WH","8809822426751","발주가능","정상","0","2","116","84055","0","0","0","","NO","0.748"
"20260825","CE","Seasonal Appliance","탁상용선풍기","오아","FC","23200603","오아 스퀘어 미니 탁상용 무선 휴대용 USB BLDC 선풍기 화이트","8809822421343","발주가능","정상","0","1","4","12121","0","0","0","","NO","0.748"
"20260825","CE","Seasonal Appliance","탁상용선풍기","오아","VF107","23200603","오아 스퀘어 미니 탁상용 무선 휴대용 USB BLDC 선풍기 화이트","8809822421343","발주가능","정상","0","11","492","12121","0","0","0","","NO","0.748"
"20260825","CE","Seasonal Appliance","탁상용선풍기","오아","FC","23200605","오아 스퀘어 미니 탁상용 무선 캠핑 휴대용 USB 선풍기 베이지 ","8809822421350","발주가능","정상","0","0","7","12121","0","0","0","","NO","0.748"
"20260825","CE","Seasonal Appliance","탁상용선풍기","오아","VF107","23200605","오아 스퀘어 미니 탁상용 무선 캠핑 휴대용 USB 선풍기 베이지 ","8809822421350","발주가능","정상","0","23","466","12121","0","0","0","","NO","0.748"
"20260825","CE","Seasonal Appliance","탁상용선풍기","오아","FC","34318450","오아 라운드 무선 초강력 BLDC 모터 휴대용 충전식 저소음 캠핑 탁상형 선풍기 베이지 OFN-048BE","8809822422500","발주가능","정상","0","0","0","29115","0","0","0","","NO","0.748"
"20260825","CE","Seasonal Appliance","탁상용선풍기","오아","VF107","34318450","오아 라운드 무선 초강력 BLDC 모터 휴대용 충전식 저소음 캠핑 탁상형 선풍기 베이지 OFN-048BE","8809822422500","발주가능","정상","0","6","126","29115","0","0","0","","NO","0.748"
"20260825","CE","Seasonal Appliance","탁상용선풍기","오아","VF107","34320928","오아 라운드 미니 탁상용 무선 휴대용 USB BLDC 선풍기 화이트","8809822422401","발주가능","정상","0","3","40","14557","0","0","0","","NO","0.748"
"20260825","CE","Seasonal Appliance","탁상용선풍기","오아","FC","34320928","오아 라운드 미니 탁상용 무선 휴대용 USB BLDC 선풍기 화이트","8809822422401","발주가능","정상","0","1","1","14557","0","0","0","","NO","0.748"
"20260825","CE","Seasonal Appliance","탁상용선풍기","오아","VF107","34320929","오아 라운드 미니 탁상용 무선 휴대용 USB BLDC 선풍기 베이지","8809822422364","발주가능","정상","0","2","59","14557","0","0","0","","NO","0.748"
"20260825","CE","Seasonal Appliance","탁상용선풍기","오아","FC","34320929","오아 라운드 미니 탁상용 무선 휴대용 USB BLDC 선풍기 베이지","8809822422364","발주가능","정상","0","0","18","14557","0","0","0","","NO","0.748"
"20260825","CE","Seasonal Appliance","탁상용선풍기","오아","VF107","44996967","오아 턴에어 미니 탁상팬 선풍기 화이트 OFN-058WH","8809822424795","발주가능","정상","0","0","3","18151","0","0","0","","NO","0.748"
"20260825","CE","Seasonal Appliance","탁상용선풍기","오아","FC","44996967","오아 턴에어 미니 탁상팬 선풍기 화이트 OFN-058WH","8809822424795","발주가능","정상","0","0","1","18151","0","0","0","","NO","0.748"
"20260825","CE","Seasonal Appliance","탁상용선풍기","오아","FC","45573288","오아 턴에어Pro 미니 탁상용 무선 선풍기 서큘레이터 화이트 OFN-061WH","8809822424764","발주가능","정상","0","0","4","27348","0","0","0","","NO","0.748"
"20260825","CE","Seasonal Appliance","탁상용선풍기","오아","VF107","45573288","오아 턴에어Pro 미니 탁상용 무선 선풍기 서큘레이터 화이트 OFN-061WH","8809822424764","발주가능","정상","0","3","19","27348","0","0","0","","NO","0.748"
"20260825","CE","Seasonal Appliance","탁상용선풍기","오아","FC","45701215","오아 턴에어 탁상용 무선 소형 저소음 서큘레이터 선풍기 OFN-060WH 화이트","8809822424870","발주가능","정상","0","0","0","24242","0","0","0","","NO","0.748"
"20260825","CE","Seasonal Appliance","탁상용선풍기","오아","VF107","45701215","오아 턴에어 탁상용 무선 소형 저소음 서큘레이터 선풍기 OFN-060WH 화이트","8809822424870","발주가능","정상","0","0","10","24242","0","0","0","","NO","0.748"
"20260825","CE","Seasonal Appliance","탁상용선풍기","오아","VF107","58610450","오아 에어링 무선 탁상용 미니 선풍기 USB 저소음 아이보리 OMFN-004IV","8809822426621","발주가능","정상","5","1","11","24242","1","1","0","","NO","0.748"
"20260825","CE","Seasonal Appliance","탁상용선풍기","오아","FC","59836396","오아 레트로 탁상팬 소형 무선 탁상용 선풍기 OMFN-003BE","8809822426577","발주불가","단종","0","0","1","24242","0","0","0","","NO","0.748"
"20260825","CE","Seasonal Appliance","탁상용선풍기","오아","VF107","59836396","오아 레트로 탁상팬 소형 무선 탁상용 선풍기 OMFN-003BE","8809822426577","발주불가","단종","0","1","9","24242","0","0","0","","NO","0.748"
"20260825","Food","Drinks","에너지음료","삼대오백","VF107","57689954","바이퍼 에너지그린 제로음료, 355ml, 6개","R227857890001","발주가능","정상","0","15","472","5016","0","0","0","","NO","0.348"
"20260825","Food","Drinks","에너지음료","삼대오백","FC","57689954","바이퍼 에너지그린 제로음료, 355ml, 6개","R227857890001","발주가능","정상","0","0","0","5016","0","0","0","","NO","0.348"
"20260825","Food","Drinks","에너지음료","삼대오백","VF107","57706716","삼대오백 바이퍼 그린 제로음료 24개 355ml","8809822426775","발주가능","정상","0","33","794","16853","0","0","0","","NO","0.348"
"20260825","Food","Drinks","에너지음료","삼대오백","FC","57706716","삼대오백 바이퍼 그린 제로음료 24개 355ml","8809822426775","발주가능","정상","0","0","2","16853","0","0","0","","NO","0.348"
"20260825","Food","Drinks","에너지음료","삼대오백","FC","76259571","삼대오백 바이퍼 버닝 옐로우 355ml 6개입","R256279640001","발주가능","정상","0","0","1","4855","1","1","0","","NO","0.348"
"20260825","Food","Drinks","에너지음료","삼대오백","VF107","76259571","삼대오백 바이퍼 버닝 옐로우 355ml 6개입","R256279640001","발주가능","정상","24","6","87","4855","1","1","0","","NO","0.348"
"20260825","Food","Drinks","에너지음료","삼대오백","VF107","76379081","삼대오백 바이퍼 펌프 레드 ZERO 탄산음료 355ml 24개","18800367920299","발주가능","정상","25","15","94","16309","1","1","0","","NO","0.348"
"20260825","Food","Drinks","에너지음료","삼대오백","FC","76379081","삼대오백 바이퍼 펌프 레드 ZERO 탄산음료 355ml 24개","18800367920299","발주가능","정상","0","0","0","16309","1","1","0","","NO","0.348"
"20260825","Food","Drinks","에너지음료","스프라이트","FC","76259573","삼대오백 바이퍼 버닝 옐로우  355ml 24개입","18800367920428","발주가능","정상","0","0","0","16309","0","0","0","","NO","0.348"
"20260825","Food","Drinks","에너지음료","스프라이트","VF107","76259573","삼대오백 바이퍼 버닝 옐로우  355ml 24개입","18800367920428","발주가능","정상","0","5","57","16309","0","0","0","","NO","0.348"
"20260825","Food","Healthy food","건강환","삼대오백","VF107","39415106","뉴트리커먼 삼대오백 국내산 브로콜리 정제 15g 1통 30정","8809822423590","발주가능","정상","0","1","119","7623","0","0","0","","NO","0.551"
"20260825","Food","Healthy food","건강환","삼대오백","FC","39415106","뉴트리커먼 삼대오백 국내산 브로콜리 정제 15g 1통 30정","8809822423590","발주가능","정상","0","0","2","7623","0","0","0","","NO","0.551"
"20260825","Food","Healthy food","건강환","삼대오백","VF107","39415107","뉴트리커먼 삼대오백 국내산 브로콜리 정제 15g 3통 30정","R202418720002","발주가능","정상","0","1","9","14291","0","0","0","","NO","0.551"
"20260825","Food","Healthy food","기타건강식품","뉴트리커먼","VF107","37212522","뉴트리커먼 삼대오백 카페인  27g 1박스 30정","8809822423101","발주가능","정상","100","30","305","5809","1","1","0","","NO","0.713"
"20260825","Food","Healthy food","기타건강식품","뉴트리커먼","FC","37212522","뉴트리커먼 삼대오백 카페인  27g 1박스 30정","8809822423101","발주가능","정상","0","2","2","5809","1","1","0","","NO","0.713"
"20260825","Food","Healthy food","기타건강식품","삼대오백","VF107","39594464","뉴트리커먼 삼대오백 혈당조절 바나바잎 추출물 정제 영양제 15g 3박스 30정","R202418690001","발주가능","정상","0","0","5","13461","0","0","0","","NO","0.713"
"20260825","Food","Healthy food","기타건강식품","삼대오백","VF107","39594465","뉴트리커먼 삼대오백 혈당조절 바나바잎 추출물 정제 영양제 15g 1박스 30정","8809822423729","발주가능","정상","0","2","9","4776","0","0","0","","NO","0.713"
"20260825","Food","Healthy food","기타건강식품","삼대오백","VF107","44332145","삼대오백 블랙마카 2000 132g 120정 1개","8809822424948","발주가능","정상","48","14","162","11216","1","1","0","","NO","0.713"
"20260825","Food","Healthy food","기타한방재료","브랜드없음","VF107","31788847","삼대오백 에너지 통 흑마늘 1통 500g","8809822422166","발주가능","정상","96","17","210","10983","1","1","0","","NO","0.921"
"20260825","Food","Healthy food","기타한방재료","브랜드없음","FC","31788847","삼대오백 에너지 통 흑마늘 1통 500g","8809822422166","발주가능","정상","0","0","2","10983","1","1","0","","NO","0.921"
"20260825","Food","Healthy food","기타한방재료","삼대오백","VF107","34717523","삼대오백 에너지 통 흑마늘 선물세트 2통 500g","8809822422630","발주가능","정상","0","1","16","23577","0","0","0","","NO","0.921"
"20260825","Food","Healthy food","기타한방재료","삼대오백","VF107","47743965","삼대오백 에너지 통 흑마늘 500g 2세트","R213199980001","발주가능","정상","0","0","49","22433","0","0","0","","NO","0.921"
"20260825","Food","Healthy food","밀크시슬","뉴트리커먼","FC","36526245","삼대오백 실리마린 밀크씨슬 12g 1개 30정","8809822423286","발주가능","정상","0","0","1","5833","0","0","0","","NO","0.752"
"20260825","Food","Healthy food","밀크시슬","뉴트리커먼","VF107","36526245","삼대오백 실리마린 밀크씨슬 12g 1개 30정","8809822423286","발주가능","정상","0","0","26","5833","0","0","0","","NO","0.752"
"20260825","Food","Healthy food","밀크시슬","뉴트리커먼","VF107","36569891","삼대오백 실리마린 밀크씨슬 3박스 선물세트 1세트 90정","R015611320001","발주가능","정상","0","0","2","17136","0","0","0","","NO","0.752"
"20260825","Food","Healthy food","밀크시슬","브랜드없음","VF107","36526246","삼대오백 실리마린 밀크씨슬 12g 2개 30정","R015611290002","발주가능","정상","0","1","4","10800","0","0","0","","NO","0.752"
"20260825","Food","Healthy food","비타민","삼대오백","VF107","40839658","뉴트리커먼 삼대오백 올인원 멀티비타민 30g 1박스 30정","8809822424009","발주가능","정상","24","6","77","5382","1","1","0","","NO","0.735"
"20260825","Food","Healthy food","비타민","삼대오백","VF107","40839660","뉴트리커먼 삼대오백 올인원 멀티비타민 30g 3박스 30정","R204170800002","발주가능","정상","0","0","5","16146","0","0","0","","NO","0.735"
"20260825","Food","Healthy food","비타민","삼대오백","FC","69522682","삼대오백 올인원 멀티비타민 대용량 100정 100g 1개","8809822428786","발주가능","정상","0","0","0","9764","0","0","0","","NO","0.735"
"20260825","Food","Healthy food","비타민","삼대오백","VF107","69522682","삼대오백 올인원 멀티비타민 대용량 100정 100g 1개","8809822428786","발주가능","정상","0","22","156","9764","0","0","0","","NO","0.735"
"20260825","Food","Healthy food","야채즙","삼대오백","VF107","70400051","삼대오백 비트루트 액상스틱 15p 300g 1개","8809822428632","발주가능","정상","0","4","52","10855","0","0","0","","NO","0.673"
"20260825","Food","Healthy food","오메가/피쉬오일","삼대오백","VF107","36074175","삼대오백 알티지 rTG 오메가3 30.6g 1박스 30ml 30캡슐","8809822422876","발주가능","정상","0","13","198","7036","0","0","0","","NO","0.754"
"20260825","Food","Healthy food","오메가/피쉬오일","삼대오백","VF107","36074176","삼대오백 알티지 rTG 오메가3 30.6g 2박스 60ml 60캡슐","R015457600002","발주가능","정상","0","2","53","10800","0","0","0","","NO","0.754"
"20260825","Food","Healthy food","유산균","삼대오백","VF107","46672233","삼대오백 프로바이오틱스 사과식이섬유 유산균 15g 30캡슐 1박스","8809822424788","발주가능","정상","24","12","157","6989","1","1","0","","NO","0.778"
"20260825","Food","Healthy food","유산균","삼대오백","FC","46672233","삼대오백 프로바이오틱스 사과식이섬유 유산균 15g 30캡슐 1박스","8809822424788","발주가능","정상","0","1","0","6989","1","1","0","","NO","0.778"
"20260825","Food","Healthy food","칼슘/마그네슘/아연","삼대오백","VF107","40978593","삼대오백 마그네슘 33g 1박스 30정","8809822423996","발주가능","정상","48","12","198","5291","1","1","0","","NO","0.713"
"20260825","Food","Healthy food","칼슘/마그네슘/아연","삼대오백","FC","40978593","삼대오백 마그네슘 33g 1박스 30정","8809822423996","발주가능","정상","0","1","4","5291","1","1","0","","NO","0.713"
"20260825","Food","Healthy food","프로폴리스","삼대오백","VF107","46672804","삼대오백 아연 항산화 프로폴리스 올인원 18g 30캡슐 1개","8809822423903","발주가능","정상","0","5","67","6989","0","0","0","","NO","0.749"
"20260825","Food","Healthy food","헬스보충식품","N_A","VF107","61895601","삼대오백 L글루타민 300 파우더 분말 700g 1개","8809822427642","발주가능","정상","0","11","46","23577","0","0","0","","NO","0.725"
"20260825","Food","Healthy food","헬스보충식품","뉴트리커먼","VF107","38260513","뉴트리커먼 삼대오백 아르기닌 2박스 선물세트 660g 1세트 660ml 30포","R016084550001","일시중단","무매출","0","0","15","25350","0","0","0","","NO","0.725"
"20260825","Food","Healthy food","헬스보충식품","브랜드없음","FC","29177025","삼대오백 헬스부스터 에너지 드링크 15포 70g","8809359455415","발주가능","정상","0","0","1","11759","0","0","0","","NO","0.725"
"20260825","Food","Healthy food","헬스보충식품","브랜드없음","VF107","29177025","삼대오백 헬스부스터 에너지 드링크 15포 70g","8809359455415","발주가능","정상","0","9","50","11759","0","0","0","","NO","0.725"
"20260825","Food","Healthy food","헬스보충식품","삼대오백","VF107","27777400","삼대오백 프로 헬스부스터 프리워크아웃 카페인 선택형 에너지 드링크 1박스 15개입","8809822421763","발주가능","정상","14","4","36","13532","1","1","0","","NO","0.725"
"20260825","Food","Healthy food","헬스보충식품","삼대오백","VF107","29177026","삼대오백 헬스부스터 에너지 드링크 30포 70g","8809822421084","발주가능","정상","16","2","32","23518","1","1","0","","NO","0.725"
"20260825","Food","Healthy food","헬스보충식품","삼대오백","VF107","30533083","삼대오백 프로 헬스부스터 프리워크아웃 프로1 30포 70g pro2 30팩","8809822422074","일시중단","무매출","0","0","16","27064","0","0","0","","NO","0.725"
"20260825","Food","Healthy food","헬스보충식품","삼대오백","FC","32310447","삼대오백 크레아틴 모노 하이드레이트 2통 300g","8809822422425","발주가능","정상","0","0","1","23518","1","1","0","","NO","0.725"
"20260825","Food","Healthy food","헬스보충식품","삼대오백","VF107","32310447","삼대오백 크레아틴 모노 하이드레이트 2통 300g","8809822422425","발주가능","정상","40","42","196","23518","1","1","0","","NO","0.725"
"20260825","Food","Healthy food","헬스보충식품","삼대오백","FC","32324919","삼대오백 크레아틴 모노 하이드레이트 1통 300g","8809502630812","발주가능","정상","0","0","28","9764","1","1","0","","NO","0.725"
"20260825","Food","Healthy food","헬스보충식품","삼대오백","VF107","32324919","삼대오백 크레아틴 모노 하이드레이트 1통 300g","8809502630812","발주가능","정상","960","415","2784","9764","1","1","0","","NO","0.725"
"20260825","Food","Healthy food","헬스보충식품","삼대오백","VF107","34175359","뉴트리커먼 삼대오백 아르기닌 6300 2박스 15개입","8809487309458","발주가능","정상","0","2","78","20618","0","0","0","","NO","0.725"
"20260825","Food","Healthy food","헬스보충식품","삼대오백","VF107","39653739","삼대오백 티로신 BCAA 프로 아미노산 글루타민 대용량 헬스보충제 피치 500g 1개","8809822423941","발주가능","정상","72","3","153","19441","1","1","0","","NO","0.725"
"20260825","Food","Healthy food","헬스보충식품","삼대오백","VF107","39751867","삼대오백 티로신 BCAA 프로 아미노산 글루타민 대용량 헬스보충제 워터멜론 500g 1개","8809822423972","발주가능","정상","0","2","14","19441","0","0","0","","NO","0.725"
"20260825","Food","Healthy food","헬스보충식품","삼대오백","VF107","39858391","삼대오백 티로신 BCAA 프로 아미노산 글루타민 대용량 헬스보충제 블루머슬에이드 500g 1개","8809822423965","발주가능","정상","0","3","51","19441","0","0","0","","NO","0.725"
"20260825","Food","Healthy food","헬스보충식품","삼대오백","VF107","39935461","뉴트리커먼 삼대오백 티로신 BCAA 프로 아미노산 글루타민 대용량 헬스보충제  퍼플그레이프 500g 1개","8809822423958","발주가능","정상","0","11","74","19441","0","0","0","","NO","0.725"
"20260825","Food","Healthy food","헬스보충식품","삼대오백","FC","40584589","삼대오백 글리세롤 펌프 20g x 15개, 2박스","R203940580001","발주가능","정상","0","0","0","10309","0","0","0","","NO","0.725"
"20260825","Food","Healthy food","헬스보충식품","삼대오백","VF107","40584589","삼대오백 글리세롤 펌프 20g x 15개, 2박스","R203940580001","발주가능","정상","0","16","222","10309","0","0","0","","NO","0.725"
"20260825","Food","Healthy food","헬스보충식품","삼대오백","VF107","40584590","삼대오백 글리세롤 펌프 20g x 15개, 1박스","8809822424214","발주가능","정상","72","38","220","6736","1","1","0","","NO","0.725"
"20260825","Food","Healthy food","헬스보충식품","삼대오백","FC","40584590","삼대오백 글리세롤 펌프 20g x 15개, 1박스","8809822424214","발주가능","정상","0","0","4","6736","1","1","0","","NO","0.725"
"20260825","Food","Healthy food","헬스보충식품","삼대오백","VF107","40772346","삼대오백 월드클래스 펌프 헬스부스터 프리워크아웃 에너지 드링크 오렌지 80g 15개입 80ml","8809822424207","발주가능","정상","0","11","69","16486","0","0","0","","NO","0.725"
"20260825","Food","Healthy food","헬스보충식품","삼대오백","VF107","40774967","삼대오백 월드클레스 펌프 헬스부스터 프리워크아웃 에너지 드링크 오렌지 80g 2박스(총 30개입)","R203985260001","발주가능","정상","0","1","16","32736","0","0","0","","NO","0.725"
"20260825","Food","Healthy food","헬스보충식품","삼대오백","VF107","40992472","삼대오백 퓨어 인시즌 카보린 플레인 헬스보충식품 1kg 1개","8809822423897","발주가능","정상","48","7","149","23577","1","1","0","","NO","0.725"
"20260825","Food","Healthy food","헬스보충식품","삼대오백","FC","40992472","삼대오백 퓨어 인시즌 카보린 플레인 헬스보충식품 1kg 1개","8809822423897","발주가능","정상","0","1","0","23577","1","1","0","","NO","0.725"
"20260825","Food","Healthy food","헬스보충식품","삼대오백","VF107","41013274","삼대오백 퓨어 인시즌 카보린 순수 탄수화물 체리레몬향, 1kg, 1개","8809822423880","발주가능","정상","0","4","60","23577","0","0","0","","NO","0.725"
"20260825","Food","Healthy food","헬스보충식품","삼대오백","FC","41013274","삼대오백 퓨어 인시즌 카보린 순수 탄수화물 체리레몬향, 1kg, 1개","8809822423880","발주가능","정상","0","0","0","23577","0","0","0","","NO","0.725"
"20260825","Food","Healthy food","헬스보충식품","삼대오백","VF107","41393086","삼대오백 프리워크아웃 월드클래스 분말 오렌지 헬스부스터 300g 2개","R204532000001","일시중단","무매출","0","2","3","32973","0","0","0","","NO","0.725"
"20260825","Food","Healthy food","헬스보충식품","삼대오백","FC","41393087","삼대오백 프리워크아웃 월드클래스 분말 오렌지 헬스부스터 300g 1개","8809822424191","발주가능","정상","0","0","3","16486","0","0","0","","NO","0.725"
"20260825","Food","Healthy food","헬스보충식품","삼대오백","VF107","41393087","삼대오백 프리워크아웃 월드클래스 분말 오렌지 헬스부스터 300g 1개","8809822424191","발주가능","정상","0","6","59","16486","0","0","0","","NO","0.725"
"20260825","Food","Healthy food","헬스보충식품","삼대오백","FC","42505675","뉴트리커먼 삼대오백 크레아퓨어 크레아틴 모노 하이드레이트 대용량 700g 1개","8809822424429","발주불가","단종","0","1","1","34936","0","0","0","","YES","0.725"
"20260825","Food","Healthy food","헬스보충식품","삼대오백","VF107","43511875","삼대오백 L테아닌 릴렉스 스트레스 15g 30캡슐 1박스","8809822424603","발주가능","정상","0","0","0","5364","0","0","0","","YES","0.725"
"20260825","Food","Healthy food","헬스보충식품","삼대오백","VF107","47734266","삼대오백 프리워크아웃 월드클래스 헬스부스터 분말 레몬 300g 1개","8809822425228","발주가능","정상","96","14","198","16853","1","1","0","","NO","0.725"
"20260825","Food","Healthy food","헬스보충식품","삼대오백","FC","47734266","삼대오백 프리워크아웃 월드클래스 헬스부스터 분말 레몬 300g 1개","8809822425228","발주가능","정상","0","0","1","16853","1","1","0","","NO","0.725"
"20260825","Food","Healthy food","헬스보충식품","삼대오백","VF107","47734307","삼대오백 프리워크아웃 월드클래스 헬스부스터 분말 망고 300g 1개","8809822425204","발주가능","정상","48","17","130","16853","1","1","0","","NO","0.725"
"20260825","Food","Healthy food","헬스보충식품","삼대오백","FC","47734307","삼대오백 프리워크아웃 월드클래스 헬스부스터 분말 망고 300g 1개","8809822425204","발주가능","정상","0","0","0","16853","1","1","0","","NO","0.725"
"20260825","Food","Healthy food","헬스보충식품","삼대오백","FC","48253690","삼대오백 프리워크아웃 월드클래스 헬스부스터 분말 포도 300g 1개","8809822425211","발주가능","정상","0","0","0","16853","0","0","0","","YES","0.725"
"20260825","Food","Healthy food","헬스보충식품","삼대오백","VF107","48253690","삼대오백 프리워크아웃 월드클래스 헬스부스터 분말 포도 300g 1개","8809822425211","발주가능","정상","0","0","0","16853","0","0","0","","YES","0.725"
"20260825","Food","Healthy food","헬스보충식품","삼대오백","FC","49118515","삼대오백 프리워크아웃 월드클래스 헬스부스터 분말 레몬 700g 1개","8809822425259","발주가능","정상","0","0","1","33762","0","0","0","","NO","0.725"
"20260825","Food","Healthy food","헬스보충식품","삼대오백","VF107","49118515","삼대오백 프리워크아웃 월드클래스 헬스부스터 분말 레몬 700g 1개","8809822425259","발주가능","정상","0","5","153","33762","0","0","0","","NO","0.725"
"20260825","Food","Healthy food","헬스보충식품","삼대오백","VF107","49246488","삼대오백 프리워크아웃 월드클래스 헬스부스터 분말 망고 700g   1개","8809822425266","발주가능","정상","0","4","57","33762","0","0","0","","NO","0.725"
"20260825","Food","Healthy food","헬스보충식품","삼대오백","FC","49246488","삼대오백 프리워크아웃 월드클래스 헬스부스터 분말 망고 700g   1개","8809822425266","발주가능","정상","0","0","0","33762","0","0","0","","NO","0.725"
"20260825","Food","Healthy food","헬스보충식품","삼대오백","VF107","49246675","삼대오백 프리워크아웃 월드클래스 헬스부스터 분말 오렌지 700g 1개","8809822425242","발주가능","정상","0","0","60","33762","0","0","0","","NO","0.725"
"20260825","Food","Healthy food","헬스보충식품","삼대오백","FC","49247101","삼대오백 프리워크아웃 월드클래스 헬스부스터 분말 포도 700g   1개","8809822425273","발주가능","정상","0","0","1","33762","0","0","0","","NO","0.725"
"20260825","Food","Healthy food","헬스보충식품","삼대오백","VF107","49247101","삼대오백 프리워크아웃 월드클래스 헬스부스터 분말 포도 700g   1개","8809822425273","발주가능","정상","0","18","186","33762","0","0","0","","NO","0.725"
"20260825","Food","Healthy food","헬스보충식품","삼대오백","VF107","50425564","삼대오백 L글루타민 300 파우더 분말 300g   1개","8809822425563","발주가능","정상","48","17","102","13339","1","1","0","","NO","0.725"
"20260825","Food","Healthy food","헬스보충식품","삼대오백","FC","50425564","삼대오백 L글루타민 300 파우더 분말 300g   1개","8809822425563","발주가능","정상","0","0","0","13339","1","1","0","","NO","0.725"
"20260825","Food","Healthy food","헬스보충식품","삼대오백","VF107","50425565","삼대오백 L글루타민 300 파우더 분말 300g   2개","R217396900002","발주가능","정상","0","0","9","24242","0","0","0","","NO","0.725"
"20260825","Food","Healthy food","헬스보충식품","삼대오백","VF107","55275145","삼대오백 EAA 아미노산 요구르트맛 300g   1개","8809822426041","발주가능","정상","192","58","429","16486","1","1","0","","NO","0.725"
"20260825","Food","Healthy food","헬스보충식품","삼대오백","FC","55275145","삼대오백 EAA 아미노산 요구르트맛 300g   1개","8809822426041","발주가능","정상","0","0","3","16486","1","1","0","","NO","0.725"
"20260825","Food","Healthy food","헬스보충식품","삼대오백","VF107","55276087","삼대오백 EAA 아미노산 매실맛 300g   1개","8809822426034","발주가능","정상","288","57","508","16486","1","1","0","","NO","0.725"
"20260825","Food","Healthy food","헬스보충식품","삼대오백","FC","55276087","삼대오백 EAA 아미노산 매실맛 300g   1개","8809822426034","발주가능","정상","0","1","3","16486","1","1","0","","NO","0.725"
"20260825","Food","Healthy food","헬스보충식품","삼대오백","FC","58171870","삼대오백 퓨어 오프시즌 카보린 순수 탄수화물 고구마 1000g 1개","8809822426546","발주가능","정상","0","0","3","26532","0","0","0","","NO","0.725"
"20260825","Food","Healthy food","헬스보충식품","삼대오백","VF107","58171870","삼대오백 퓨어 오프시즌 카보린 순수 탄수화물 고구마 1000g 1개","8809822426546","발주가능","정상","0","3","22","26532","0","0","0","","NO","0.725"
"20260825","Food","Healthy food","헬스보충식품","삼대오백","VF107","58204817","삼대오백 퓨어 오프시즌 카보린 순수 탄수화물 곡물 1000g,1개","8809822426539","발주가능","정상","0","2","27","23577","0","0","0","","NO","0.725"
"20260825","Food","Healthy food","헬스보충식품","삼대오백","FC","60513424","삼대오백 EAA 아미노산 매실맛 700g 1개","8809822427277","발주가능","정상","0","0","1","37168","0","0","0","","NO","0.725"
"20260825","Food","Healthy food","헬스보충식품","삼대오백","VF107","60513424","삼대오백 EAA 아미노산 매실맛 700g 1개","8809822427277","발주가능","정상","0","7","117","37168","0","0","0","","NO","0.725"
"20260825","Food","Healthy food","헬스보충식품","삼대오백","VF107","60513558","삼대오백 EAA 아미노산 크림소다향 700g 1개","8809822427253","발주가능","정상","0","3","87","37168","0","0","0","","NO","0.725"
"20260825","Food","Healthy food","헬스보충식품","삼대오백","FC","60513558","삼대오백 EAA 아미노산 크림소다향 700g 1개","8809822427253","발주가능","정상","0","0","1","37168","0","0","0","","NO","0.725"
"20260825","Food","Healthy food","헬스보충식품","삼대오백","VF107","60514547","삼대오백 EAA 아미노산 요구르트 700g 1개","8809822427260","발주가능","정상","0","19","130","37168","0","0","0","","NO","0.725"
"20260825","Food","Healthy food","헬스보충식품","삼대오백","FC","60514547","삼대오백 EAA 아미노산 요구르트 700g 1개","8809822427260","발주가능","정상","0","0","0","37168","0","0","0","","NO","0.725"
"20260825","Food","Healthy food","헬스보충식품","삼대오백","FC","64150024","삼대오백 크레아퓨어 크레아틴 120정 1개 144g","8809822427864","발주가능","정상","0","1","0","13532","0","0","0","","NO","0.725"
"20260825","Food","Healthy food","헬스보충식품","삼대오백","VF107","64150024","삼대오백 크레아퓨어 크레아틴 120정 1개 144g","8809822427864","발주가능","정상","0","7","84","13532","0","0","0","","NO","0.725"
"20260825","Food","Healthy food","헬스보충식품","삼대오백","VF107","65374721","삼대오백 EAA 아미노산 체리맛 300g 1개","8809822428298","발주가능","정상","60","7","102","16486","1","1","0","","NO","0.725"
"20260825","Food","Healthy food","헬스보충식품","삼대오백","FC","65374722","삼대오백 EAA 아미노산 체리맛 700g 1개","8809822428335","발주가능","정상","0","0","2","37168","0","0","0","","NO","0.725"
"20260825","Food","Healthy food","헬스보충식품","삼대오백","VF107","65374722","삼대오백 EAA 아미노산 체리맛 700g 1개","8809822428335","발주가능","정상","0","3","41","37168","0","0","0","","NO","0.725"
"20260825","Food","Healthy food","헬스보충식품","삼대오백","VF107","65375214","삼대오백 EAA 블루베리 300g 1개","8809822428304","발주가능","정상","60","18","196","16486","1","1","0","","NO","0.725"
"20260825","Food","Healthy food","헬스보충식품","삼대오백","FC","65375214","삼대오백 EAA 블루베리 300g 1개","8809822428304","발주가능","정상","0","0","1","16486","1","1","0","","NO","0.725"
"20260825","Food","Healthy food","헬스보충식품","삼대오백","VF107","65375216","삼대오백 EAA 블루베리 700g 1개","8809822428311","발주가능","정상","0","2","43","37168","0","0","0","","NO","0.725"
"20260825","Food","Healthy food","헬스보충식품","삼대오백","FC","65376151","삼대오백 EAA 알로에맛 300g 1개","8809822428281","발주가능","정상","0","0","2","16486","1","1","0","","NO","0.725"
"20260825","Food","Healthy food","헬스보충식품","삼대오백","VF107","65376151","삼대오백 EAA 알로에맛 300g 1개","8809822428281","발주가능","정상","48","24","161","16486","1","1","0","","NO","0.725"
"20260825","Food","Healthy food","헬스보충식품","삼대오백","VF107","65376152","삼대오백 EAA 알로에맛 700g 1개","8809822428328","발주가능","정상","0","2","64","37168","0","0","0","","NO","0.725"
"20260825","Food","Healthy food","헬스보충식품","삼대오백","FC","65376152","삼대오백 EAA 알로에맛 700g 1개","8809822428328","발주가능","정상","0","0","1","37168","0","0","0","","NO","0.725"
"20260825","Food","Healthy food","헬스보충식품","삼대오백","FC","66398640","삼대오백 크레아퓨어 크레아틴 모노 하이드레이트 300g 1개","8809822428045","발주가능","정상","0","0","0","17668","0","0","0","","YES","0.725"
"20260825","Food","Healthy food","헬스보충식품","삼대오백","VF107","68512634","삼대오백 크레아틴 모노 하이드레이트 정제 144g  120정 1개","8809822428564","발주가능","정상","264","91","832","9764","1","1","0","","NO","0.725"
"20260825","Food","Healthy food","헬스보충식품","삼대오백","FC","68512634","삼대오백 크레아틴 모노 하이드레이트 정제 144g  120정 1개","8809822428564","발주가능","정상","0","0","3","9764","1","1","0","","NO","0.725"
"20260825","Food","Healthy food","헬스보충식품","삼대오백","VF107","68581392","삼대오백 글리세롤 글리펌프 워터멜론 300g 15회분 1개","8809822429394","발주가능","정상","72","5","128","5400","1","1","0","","NO","0.725"
"20260825","Food","Healthy food","헬스보충식품","삼대오백","FC","68581392","삼대오백 글리세롤 글리펌프 워터멜론 300g 15회분 1개","8809822429394","발주가능","정상","0","0","0","5400","1","1","0","","NO","0.725"
"20260825","Food","Healthy food","헬스보충식품","삼대오백","FC","68596451","삼대오백 글리세롤 글리펌프 초코바나나 300g 15회분 1개","8809822429417","발주가능","정상","0","0","1","5400","0","0","0","","NO","0.725"
"20260825","Food","Healthy food","헬스보충식품","삼대오백","VF107","68596451","삼대오백 글리세롤 글리펌프 초코바나나 300g 15회분 1개","8809822429417","발주가능","정상","0","9","148","5400","0","0","0","","NO","0.725"
"20260825","Food","Healthy food","헬스보충식품","삼대오백","VF107","71495764","삼대오백 크레아퓨어 크레아틴 츄어블 레몬맛 2g 90정 180g 1개","8809822429981","발주가능","정상","0","7","0","16309","0","0","0","","YES","0.725"
"20260825","Food","Healthy food","헬스보충식품","삼대오백","FC","71495764","삼대오백 크레아퓨어 크레아틴 츄어블 레몬맛 2g 90정 180g 1개","8809822429981","발주가능","정상","0","0","1","16309","0","0","0","","YES","0.725"
"20260825","Food","Healthy food","헬스보충식품","삼대오백","FC","73352598","삼대오백 크레아퓨어 크레아틴 츄어블 레몬맛   18정 1개","8809822429677","발주가능","정상","0","0","0","8127","0","0","0","","YES","0.725"
"20260825","Food","Healthy food","헬스보충식품","오아","FC","37245159","삼대오백 아르기닌 6300  330g 1박스 15포","8809487309246","발주가능","정상","0","0","1","10737","0","0","0","","NO","0.725"
"20260825","Food","Healthy food","헬스보충식품","오아","VF107","37245159","삼대오백 아르기닌 6300  330g 1박스 15포","8809487309246","발주가능","정상","0","10","365","10737","0","0","0","","NO","0.725"
"20260825","Food","Healthy food","홍삼","뉴트리커먼","VF107","29549561","뉴트리커먼 홍삼정 진액 면역증강 진세노사이드 20mg 30포 10g","8809822420124","발주가능","정상","0","1","6","22395","0","0","0","","NO","0.799"
"20260825","Food","Snacks","시리얼","삼대오백","FC","74922935","삼대오백 저당 그래놀라 청크 오리지널 200g 1개","8800367920087","발주가능","정상","0","0","1","7036","0","0","0","","NO","0.781"
"20260825","Food","Snacks","시리얼","삼대오백","VF107","74922935","삼대오백 저당 그래놀라 청크 오리지널 200g 1개","8800367920087","발주가능","정상","0","1","24","7036","0","0","0","","NO","0.781"
"20260825","HPC","Body Care","바디로션/크림/오일","삼대오백","VF107","41910661","삼대오백 마그네슘 리커버리 웜업크림 발열 마사지 핫크림 오리지널 1개 100ml","R205259560001","발주가능","정상","0","3","56","11759","0","0","0","","NO","0.772"
"20260825","HPC","Body Care","바디로션/크림/오일","삼대오백","VF107","41910663","삼대오백 마그네슘 리커버리 웜업크림 발열 마사지 핫크림 오리지널 2개 100ml","R205259570002","발주가능","정상","0","1","12","23518","0","0","0","","NO","0.772"
"20260825","HPC","Body Care","바디로션/크림/오일","삼대오백","VF107","66792779","삼대오백 마그네슘 리커버리 웜업 핫크림 프로 100ml 1개","8809822428243","발주가능","정상","24","5","53","12491","1","1","0","","NO","0.772"
"20260825","HPC","Health Care","기타 호흡/수면/건강용품","보아르","VF107","37173787","보아르 허니즈 백색소음기 수유등 무선 무드등","8809822422944","발주가능","정상","11","5","27","21364","1","1","0","","NO","0.723"
"20260825","HPC","Health Care","기타 호흡/수면/건강용품","보아르","FC","37173787","보아르 허니즈 백색소음기 수유등 무선 무드등","8809822422944","발주가능","정상","0","0","3","21364","1","1","0","","NO","0.723"
"20260825","HPC","Health Care","렌즈세척기","오아","FC","59082806","오아 클리어 무선 초음파 렌즈세척기 아이보리 1개","8809822425587","발주가능","정상","0","0","3","19740","0","0","0","","NO","0.250"
"20260825","HPC","Health Care","렌즈세척기","오아","VF107","59082806","오아 클리어 무선 초음파 렌즈세척기 아이보리 1개","8809822425587","발주가능","정상","0","0","3","19740","0","0","0","","NO","0.250"
"20260825","HPC","Health Care","렌즈세척용기/렌즈용품","오아","FC","58987730","오아 UV 듀얼 초음파 살균 렌즈세척기 아이보리 1개","8809822426171","발주가능","정상","0","0","2","23940","0","0","0","","NO","0.812"
"20260825","HPC","Health Care","렌즈세척용기/렌즈용품","오아","VF107","58987730","오아 UV 듀얼 초음파 살균 렌즈세척기 아이보리 1개","8809822426171","발주가능","정상","0","7","101","23940","0","0","0","","NO","0.812"
"20260825","HPC","Health Care","약통/구급함","삼대오백","VF107","68993861","삼대오백 트랜스폼 캡슐박스 조립형 알약 케이스 블랙 1개 FREE","8809822428472","발주가능","정상","0","0","14","5400","0","0","0","","NO","0.692"
"20260825","Home","Bath Acc. & Household Cleaning","욕실 디스펜서","N_A","FC","62575565","오아 버블 디스펜서 핸드워시 자동 손 세정기 화이트 1개","8809822426508","발주가능","정상","0","0","0","16853","1","1","0","","NO","0.552"
"20260825","Home","Bath Acc. & Household Cleaning","욕실 디스펜서","N_A","VF107","62575565","오아 버블 디스펜서 핸드워시 자동 손 세정기 화이트 1개","8809822426508","발주가능","정상","0","1","29","16853","1","1","0","","NO","0.552"
"20260825","Home","Bath Acc. & Household Cleaning","욕실 디스펜서","오아","VF107","64270608","오아 젤디스펜서 주방세제 거품비누 손세정기 화이트","8809822427536","발주가능","정상","0","1","1","28451","0","0","0","","NO","0.552"
"20260825","Home","Bath Acc. & Household Cleaning","욕실 디스펜서","오아","VF107","69279032","오아 젤디스펜서 주방세제 젤타입 물비누 핸드워시 손세정기 실버 1개","8809822428618","발주가능","정상","0","1","4","28451","1","1","0","","NO","0.552"
"20260825","Home","Bath Acc. & Household Cleaning","욕실 디스펜서","오아","FC","69279032","오아 젤디스펜서 주방세제 젤타입 물비누 핸드워시 손세정기 실버 1개","8809822428618","발주가능","정상","0","0","0","28451","1","1","0","","NO","0.552"
"20260825","Home","Bath Acc. & Household Cleaning","휴지통","보아르","VF107","45342904","보아르 컴플릿 20L 자동 센서 쓰레기통 냄새차단","8809822424719","발주가능","정상","0","7","60","30847","0","0","0","","NO","0.745"
"20260825","Home","Bath Acc. & Household Cleaning","휴지통","보아르","VF107","56663811","보아르 컴플릿D 20L 자동 쓰레기통 스마트 센서 종량제 휴지통 베이지 205*282*497mm","8809822425679","발주가능","정상","0","1","8","37091","0","0","0","","NO","0.745"
"20260825","Home","Bath Acc. & Household Cleaning","휴지통","보아르","VF107","63346456","보아르 컴플릿 10L 자동 센서 쓰레기통 냄새차단 베이지 220x150x340mm","8809822427246","발주가능","정상","0","0","3","19671","1","1","0","","NO","0.745"
"20260825","Home","Furniture & Storage","탁상거울","오아","VF107","5359040","오아 블링 LED 화장 탁상 거울 스탠드 블링 화이트","8809487303855","발주가능","정상","0","1","33","21000","1","1","0","","NO","0.637"
"20260825","Home","Furniture & Storage","탁상거울","오아","VF107","61044622","오아 뷰티 LED 무선 탁상 조명 화장대 메이크업 거울 화이트","8809822426324","발주가능","정상","0","0","4","11759","1","1","0","","NO","0.637"
"20260825","Home","Home Deco","무드등/수면등","오아","VF107","8837870","오아 이지탭 램프 무드등 무선 LED 수면등 취침등 수유등","8809487305491","발주가능","정상","0","1","5","18373","1","1","0","","NO","0.751"
"20260825","Home","Home Deco","무드등/수면등","오아","VF107","34991467","오아 미케 무드등 화이트","8809822422531","일시중단","무매출","0","0","4","22395","0","0","0","","NO","0.751"
"20260825","Home","Home Deco","무드등/수면등","오아","FC","36811023","오아 디머무드등 무선 LED 화이트","8809822422753","발주불가","단종","0","0","1","25455","0","0","0","","NO","0.751"
"20260825","Home","Home Deco","무드등/수면등","오아","VF107","36811023","오아 디머무드등 무선 LED 화이트","8809822422753","발주불가","단종","0","0","1","25455","0","0","0","","NO","0.751"
"20260825","Home","Home Deco","벽시계","오아","VF107","34348663","오아 우드 LED 시계 R 우드","8809822422555","발주가능","정상","0","1","3","38636","1","1","0","","NO","0.888"
"20260825","Home","Home Deco","벽시계","오아","FC","34348663","오아 우드 LED 시계 R 우드","8809822422555","발주가능","정상","0","0","0","38636","1","1","0","","NO","0.888"
"20260825","Home","Home Deco","벽시계","오아","VF107","34535085","오아 우드 LED 시계 S 우드","8809822422548","발주가능","정상","0","0","3","38636","1","1","0","","NO","0.888"
"20260825","Home","Home Deco","벽시계","오아","VF107","42265154","오아 모던 온,습도 무소음 오브제 인테리어 LED시계 R 패브릭","8809822424542","발주가능","정상","0","11","134","44259","0","0","0","","NO","0.888"
"20260825","Home","Home Deco","벽시계","오아","FC","42265154","오아 모던 온,습도 무소음 오브제 인테리어 LED시계 R 패브릭","8809822424542","발주가능","정상","0","0","2","44259","0","0","0","","NO","0.888"
"20260825","Home","Home Deco","벽시계","오아","VF107","42373723","오아 벽시계 볼드클락 화이트","8809822423798","발주가능","정상","0","1","2","11340","1","1","0","","NO","0.888"
"20260825","Home","Home Deco","벽시계","오아","FC","48105600","오아 모던 LED 벽시계 S 무소음 디지털 인테리어 탁상 벽걸이 시계 베이지","8809822424559","발주가능","정상","0","0","0","47214","1","1","0","","NO","0.888"
"20260825","Home","Home Deco","벽시계","오아","VF107","48105600","오아 모던 LED 벽시계 S 무소음 디지털 인테리어 탁상 벽걸이 시계 베이지","8809822424559","발주가능","정상","0","1","33","47214","1","1","0","","NO","0.888"
"20260825","Home","Home Deco","벽시계","오아","VF107","52390638","오아 모던 미니 LED 시계 디지털 베이지","8809822425624","발주가능","정상","0","0","6","32382","0","0","0","","NO","0.888"
"20260825","Home","Home Deco","벽시계","오아","VF107","64114088","오아 포인트클락 인테리어 거실 원형 저소음 디자인 벽시계 화이트","8809822427239","발주가능","정상","0","0","32","13532","0","0","0","","NO","0.888"
"20260825","Home","Home Deco","벽시계","오아","VF107","64753996","오아 캘린더 LED 벽시계 디지털 무소음 인테리어 전자 거실 온습도 시계","8809822427093","발주가능","정상","5","0","10","123500","1","1","0","","NO","0.888"
"20260825","Home","Home Deco","벽시계","오아","FC","64753996","오아 캘린더 LED 벽시계 디지털 무소음 인테리어 전자 거실 온습도 시계","8809822427093","발주가능","정상","0","0","1","123500","1","1","0","","NO","0.888"
"20260825","Home","Home Deco","벽시계","오아","VF107","64789478","오아 무선 모던 LED 시계 R 요일 온습도 원형 벽시계 베이지","8809822426799","발주가능","정상","30","8","75","53964","1","1","0","","NO","0.888"
"20260825","Home","Home Deco","벽시계","오아","FC","64789478","오아 무선 모던 LED 시계 R 요일 온습도 원형 벽시계 베이지","8809822426799","발주가능","정상","0","0","2","53964","1","1","0","","NO","0.888"
"20260825","Home","Home Deco","벽시계","오아","VF107","71030052","오아 데이클락 LED 벽시계 온습도 무소음 디지털 벽걸이 시계 거실 사무실 인테리어 데이클락 M01628 베이지","8809822428540","발주가능","정상","50","12","51","46230","0.625","1","0","","NO","0.888"
"20260825","Home","Home Deco","벽시계","오아","FC","71030052","오아 데이클락 LED 벽시계 온습도 무소음 디지털 벽걸이 시계 거실 사무실 인테리어 데이클락 M01628 베이지","8809822428540","발주가능","정상","0","0","3","46230","0.625","1","0","","NO","0.888"
"20260825","Home","Home Deco","인테리어스탠드","오아","VF107","27303665","오아 무드스탠드 장스탠드 OLA-002BK 블랙","8809822420209","발주가능","정상","48","15","120","31091","1","1","0","","NO","0.740"
"20260825","Home","Home Deco","인테리어스탠드","오아","FC","27303665","오아 무드스탠드 장스탠드 OLA-002BK 블랙","8809822420209","발주가능","정상","0","0","1","31091","1","1","0","","NO","0.740"
"20260825","Home","Home Deco","인테리어스탠드","오아","VF107","67268341","오아 플로비 LED 단 스탠드 테이블 램프 침대 침실 미니 버섯 무선 조명 탁상 무드등 에메랄드그린","8809822428373","발주가능","정상","0","0","4","26532","0","0","0","","NO","0.740"
"20260825","Home","Home Deco","인테리어스탠드","오아","VF107","67268348","오아 플로비 LED 단 스탠드 테이블 램프 침대 침실 미니 버섯 무선 조명 탁상 무드등 선샤인옐로우","8809822428380","발주가능","정상","0","0","4","26532","0","0","0","","NO","0.740"
"20260825","Home","Home Deco","인테리어스탠드","오아","VF107","67268349","오아 플로비 LED 단 스탠드 테이블 램프 침대 침실 미니 버섯 무선 조명 탁상 무드등 버블핑크","8809822428397","발주가능","정상","0","0","7","26532","0","0","0","","NO","0.740"
"20260825","Home","Home Deco","인테리어스탠드","오아","VF107","67268350","오아 플로비 LED 단 스탠드 테이블 램프 침대 침실 미니 버섯 무선 조명 탁상 무드등 피치오렌지","8809822428403","발주가능","정상","0","0","3","26532","0","0","0","","NO","0.740"
"20260825","Home","Home Deco","인테리어스탠드","오아","FC","67272046","오아 크로멜 LED 무드등 수면등 테이블 인테리어 침실 무선 탁상 조명 실버","8809822428168","발주가능","정상","0","0","2","22395","0","0","0","","NO","0.740"
"20260825","Home","Home Deco","인테리어스탠드","오아","VF107","67272047","오아 크로멜 LED 무드등 수면등 테이블 인테리어 침실 무선 탁상 조명 블랙","8809822428151","발주가능","정상","0","0","14","22395","0","0","0","","NO","0.740"
"20260825","Home","Home Deco","인테리어스탠드","오아","FC","67272047","오아 크로멜 LED 무드등 수면등 테이블 인테리어 침실 무선 탁상 조명 블랙","8809822428151","발주가능","정상","0","0","1","22395","0","0","0","","NO","0.740"
"20260825","Home","Home Deco","인테리어스탠드","오아","VF107","67988468","오아 포터블램프H 단스탠드 침실 조명 데스크 램프 무드등 스탠드 블랙","8809822426430","발주가능","정상","0","0","3","17940","0","0","0","","NO","0.740"
"20260825","Home","Home Deco","인테리어스탠드","오아","VF107","67989839","오아 포터블램프S 단스탠드 침실 조명 데스크 램프 무드등 스탠드 블랙","8809822426447","발주가능","정상","0","1","1","17940","0","0","0","","NO","0.740"
"20260825","Home","Home Deco","캔들워머","오아","VF107","22441147","오아 무드워머 타이머 캔들워머 높이조절 빛조절 무드등 할로겐전구 향초워머 화이트","8809822420148","발주가능","정상","0","1","11","26940","1","1","0","","NO","0.717"
"20260825","Home","Home Deco","탁상시계","오아","VF107","52362395","오아 모던 미니 LED 무소음 탁상 무선 알람 시계 화이트","8809822425143","발주가능","정상","0","0","42","8805","0","0","0","","NO","0.772"
"20260825","Home","Home Deco","학생스탠드","오아","FC","5462299","오아 플라이트 데스크 램프 무선 LED 침대 독서등 USB 스탠드 조명, 화이트","8809487303633","발주가능","정상","0","0","3","19027","1","1","0","","NO","0.806"
"20260825","Home","Home Deco","학생스탠드","오아","VF107","5462299","오아 플라이트 데스크 램프 무선 LED 침대 독서등 USB 스탠드 조명, 화이트","8809487303633","발주가능","정상","16","5","32","19027","1","1","0","","NO","0.806"
"20260825","Home","Home Deco","학생스탠드","오아","VF107","16303007","오아 충전식 LED 무선 무드센서등","8809487309222","발주가능","정상","0","1","88","12807","0","0","0","","NO","0.806"
"20260825","Home","Home Deco","학생스탠드","오아","FC","16303007","오아 충전식 LED 무선 무드센서등","8809487309222","발주가능","정상","0","0","0","12807","0","0","0","","NO","0.806"
"20260825","Home","Home Deco","학생스탠드","오아","VF107","61923953","오아 윙즈스탠드 LED 와이드 스탠드 침대 책상 모션감지 조명등 화이트","8809822427062","발주가능","정상","0","0","3","45845","1","1","0","","NO","0.806"
"20260825","Home","Tools & Home Improvement","기타가전부품/코드류","오아","VF107","59058036","오아 포켓터 해외 여행용 멀티 220v 어댑터 돼지코 멀티탭 110v 플러그 1개","8809822426515","발주가능","정상","0","1","5","18964","1","1","0","","NO","0.627"
"20260825","Kitchen","Feeding Accessories","젖병소독기","보아르","FC","37161537","보아르 아가맘마 쪽쪽이 살균기 베이지 VST-008BE","8809822423026","발주가능","정상","0","0","7","21764","0","0","0","","NO","0.729"
"20260825","Kitchen","Feeding Accessories","젖병소독기","보아르","VF107","37161537","보아르 아가맘마 쪽쪽이 살균기 베이지 VST-008BE","8809822423026","발주가능","정상","0","23","450","21764","0","0","0","","NO","0.729"
"20260825","Kitchen","Feeding Accessories","젖병소독기","보아르","VF107","64846264","보아르 아가퓨어 젖병 소독기 대용량 8K 스테인리스 UV-C LED 램프 99.9% 살균 화이트 VSTZ-004WH","8809822427604","발주가능","정상","1","0","3","157273","1","1","0","","NO","0.729"
"20260825","Kitchen","Feeding Accessories","젖병소독기","보아르","FC","64846264","보아르 아가퓨어 젖병 소독기 대용량 8K 스테인리스 UV-C LED 램프 99.9% 살균 화이트 VSTZ-004WH","8809822427604","발주가능","정상","0","0","1","157273","1","1","0","","NO","0.729"
"20260825","Kitchen","Food Storage","기타저장용기","브랜드없음","FC","35921362","삼대오백 필박스 프로틴 보관용기 통, 블랙 1개","8809822422197","발주가능","정상","0","0","2","3191","0","0","0","","NO","0.840"
"20260825","Kitchen","Food Storage","기타저장용기","브랜드없음","VF107","35921362","삼대오백 필박스 프로틴 보관용기 통, 블랙 1개","8809822422197","발주가능","정상","0","5","371","3191","0","0","0","","NO","0.840"
"20260825","Kitchen","Food Storage","기타저장용기","삼대오백","FC","66299335","삼대오백 올인원 필박스 휴대용 프로틴소분통 1개 BLACK FREE","8809822428359","발주가능","정상","0","0","0","3764","1","1","0","","NO","0.840"
"20260825","Kitchen","Food Storage","기타저장용기","삼대오백","VF107","66299335","삼대오백 올인원 필박스 휴대용 프로틴소분통 1개 BLACK FREE","8809822428359","발주가능","정상","0","13","276","3764","1","1","0","","NO","0.840"
"20260825","Kitchen","Food Storage","기타저장용기","삼대오백","VF107","66299336","삼대오백 올인원 필박스 휴대용 프로틴소분통 1개 WHITE FREE","8809822428342","발주가능","정상","0","3","133","3764","1","1","0","","NO","0.840"
"20260825","Kitchen","Food Storage","보온/보냉텀블러","보아르","FC","53569741","보아르 투웨이 텀블러 1.18L 대용량 손잡이 스텐 보온 보냉 블랙","8809822425174","발주가능","정상","0","0","0","12845","0","0","0","","NO","0.700"
"20260825","Kitchen","Food Storage","보온/보냉텀블러","보아르","VF107","53569741","보아르 투웨이 텀블러 1.18L 대용량 손잡이 스텐 보온 보냉 블랙","8809822425174","발주가능","정상","0","3","122","12845","0","0","0","","NO","0.700"
"20260825","Kitchen","Food Storage","보온/보냉텀블러","보아르","VF107","60380162","보아르 투웨이 텀블러 1.18L 대용량 손잡이 스텐 보온 보냉 핑크","8809822426898","발주가능","정상","0","2","56","12845","0","0","0","","NO","0.700"
"20260825","Kitchen","Food Storage","보온/보냉텀블러","보아르","FC","60450424","보아르 투웨이 텀블러 1.18L 대용량 손잡이 스텐 보온 보냉 민트","8809822426881","발주가능","정상","0","0","1","12845","0","0","0","","NO","0.700"
"20260825","Kitchen","Food Storage","보온/보냉텀블러","보아르","VF107","60450424","보아르 투웨이 텀블러 1.18L 대용량 손잡이 스텐 보온 보냉 민트","8809822426881","발주가능","정상","0","18","159","12845","0","0","0","","NO","0.700"
"20260825","Kitchen","Food Storage","보온/보냉텀블러","보아르","VF107","73316683","보아르 투웨이 폴든 텀블러 팝업 스트로우 대용량 텀블러 735ml 핑크 1개","8809822429387","발주가능","정상","0","0","77","21235","0","0","0","","NO","0.700"
"20260825","Kitchen","Food Storage","보온/보냉텀블러","보아르","VF107","73316684","보아르 투웨이 폴든 텀블러 팝업 스트로우 대용량 텀블러 735ml 민트 1개","8809822429370","발주가능","정상","0","3","107","21235","0","0","0","","NO","0.700"
"20260825","Kitchen","Food Storage","보온/보냉텀블러","보아르","VF107","73316685","보아르 투웨이 폴든 텀블러 팝업 스트로우 대용량 텀블러 735ml 아이보리 1개","8809822429363","발주가능","정상","0","0","35","21235","0","0","0","","NO","0.700"
"20260825","Kitchen","Food Storage","쉐이커","MASSIVE","VF107","64000598","엠엑시브 쉐이커 프리미엄 보틀 블랙 1개 1200ml","R238954100001","발주가능","정상","0","2","21","3764","0","0","0","","NO","0.673"
"20260825","Kitchen","Food Storage","쉐이커","브랜드없음","VF107","35887472","삼대오백 쉐이커 보틀 800ml + 필박스 + 파우더깔때기 핑크 800ml","8809822423224","발주가능","정상","0","0","8","7623","0","0","0","","NO","0.673"
"20260825","Kitchen","Food Storage","쉐이커","브랜드없음","VF107","35887473","삼대오백 쉐이커 보틀 800ml + 필박스 + 파우더깔때기 화이트 800ml","8809822423217","발주가능","정상","0","1","11","7623","0","0","0","","NO","0.673"
"20260825","Kitchen","Food Storage","쉐이커","브랜드없음","VF107","35887474","삼대오백 쉐이커 보틀 800ml + 필박스 + 파우더깔때기 블랙 800ml","8809822423194","발주가능","정상","0","6","108","7623","1","1","0","","NO","0.673"
"20260825","Kitchen","Food Storage","쉐이커","브랜드없음","FC","35887474","삼대오백 쉐이커 보틀 800ml + 필박스 + 파우더깔때기 블랙 800ml","8809822423194","발주가능","정상","0","0","1","7623","1","1","0","","NO","0.673"
"20260825","Kitchen","Food Storage","쉐이커","브랜드없음","VF107","35887475","삼대오백 쉐이커 보틀 800ml + 필박스 + 파우더깔때기 블루 800ml","8809822423200","발주가능","정상","0","1","22","7623","1","1","0","","NO","0.673"
"20260825","Kitchen","Food Storage","쉐이커","삼대오백","VF107","28262232","삼대오백 쉐이커 보틀 클래식  블랙 800ml","8809822421947","발주가능","정상","2250","260","6602","2673","1","1","0","","NO","0.673"
"20260825","Kitchen","Food Storage","쉐이커","삼대오백","FC","28262232","삼대오백 쉐이커 보틀 클래식  블랙 800ml","8809822421947","발주가능","정상","0","2","39","2673","1","1","0","","NO","0.673"
"20260825","Kitchen","Food Storage","쉐이커","삼대오백","VF107","28262233","삼대오백 쉐이커 보틀 클래식  블루 800ml","8809822421954","발주가능","정상","0","24","540","2673","1","1","0","","NO","0.673"
"20260825","Kitchen","Food Storage","쉐이커","삼대오백","FC","28262233","삼대오백 쉐이커 보틀 클래식  블루 800ml","8809822421954","발주가능","정상","0","0","6","2673","1","1","0","","NO","0.673"
"20260825","Kitchen","Food Storage","쉐이커","삼대오백","VF107","28262234","삼대오백 쉐이커 보틀 클래식  화이트 800ml","8809822421978","발주가능","정상","0","48","1402","2673","1","1","0","","NO","0.673"
"20260825","Kitchen","Food Storage","쉐이커","삼대오백","FC","28262234","삼대오백 쉐이커 보틀 클래식  화이트 800ml","8809822421978","발주가능","정상","0","1","1","2673","1","1","0","","NO","0.673"
"20260825","Kitchen","Food Storage","쉐이커","삼대오백","FC","28262235","삼대오백 쉐이커 보틀 클래식  핑크 800ml","8809822421961","발주가능","정상","0","0","1","2673","1","1","0","","NO","0.673"
"20260825","Kitchen","Food Storage","쉐이커","삼대오백","VF107","28262235","삼대오백 쉐이커 보틀 클래식  핑크 800ml","8809822421961","발주가능","정상","0","8","313","2673","1","1","0","","NO","0.673"
"20260825","Kitchen","Food Storage","쉐이커","삼대오백","VF107","42054545","뉴트리커먼 삼대오백 프리미엄 클래식 쉐이커 보틀 옐로우블랙 1개 800ml","8809822424269","발주가능","정상","0","21","441","2673","1","1","0","","NO","0.673"
"20260825","Kitchen","Food Storage","쉐이커","삼대오백","FC","42054545","뉴트리커먼 삼대오백 프리미엄 클래식 쉐이커 보틀 옐로우블랙 1개 800ml","8809822424269","발주가능","정상","0","0","10","2673","1","1","0","","NO","0.673"
"20260825","Kitchen","Food Storage","쉐이커","삼대오백","VF107","42828891","뉴트리커먼 삼대오백 프리미엄 클래식 미니 쉐이커 보틀 블랙 1개 600ml","8809822424405","발주가능","정상","144","50","816","2127","1","1","0","","NO","0.673"
"20260825","Kitchen","Food Storage","쉐이커","삼대오백","FC","42828891","뉴트리커먼 삼대오백 프리미엄 클래식 미니 쉐이커 보틀 블랙 1개 600ml","8809822424405","발주가능","정상","0","0","2","2127","1","1","0","","NO","0.673"
"20260825","Kitchen","Food Storage","쉐이커","삼대오백","VF107","42828892","뉴트리커먼 삼대오백 프리미엄 클래식 미니 쉐이커 보틀 화이트 1개 600ml","8809822424412","발주가능","정상","0","18","452","2127","1","1","0","","NO","0.673"
"20260825","Kitchen","Food Storage","쉐이커","삼대오백","FC","42828892","뉴트리커먼 삼대오백 프리미엄 클래식 미니 쉐이커 보틀 화이트 1개 600ml","8809822424412","발주가능","정상","0","1","3","2127","1","1","0","","NO","0.673"
"20260825","Kitchen","Food Storage","쉐이커","삼대오백","FC","63459482","삼대오백 쉐이커 보틀 클래식 블루 1개 1000ml","8809822427758","발주가능","신규","0","0","0","0","0","0","0","","YES","0.673"
"20260825","Kitchen","Food Storage","쉐이커","삼대오백","FC","63566710","삼대오백 쉐이커 보틀 클래식 화이트 1개 1000ml","8809822427741","발주가능","신규","0","0","0","0","0","0","0","","YES","0.673"
"20260825","Kitchen","Food Storage","쉐이커","삼대오백","FC","63884854","삼대오백 쉐이커 프리미엄 보틀 블루 1개 1200ml","R238954180001","발주가능","정상","0","0","0","3764","0","0","0","","NO","0.673"
"20260825","Kitchen","Food Storage","쉐이커","삼대오백","VF107","63884854","삼대오백 쉐이커 프리미엄 보틀 블루 1개 1200ml","R238954180001","발주가능","정상","0","17","247","3764","0","0","0","","NO","0.673"
"20260825","Kitchen","Food Storage","쉐이커","삼대오백","VF107","63996689","삼대오백 쉐이커 프리미엄 보틀 화이트 1개 1200ml","R238953790001","발주가능","정상","0","16","504","3764","1","1","0","","NO","0.673"
"20260825","Kitchen","Food Storage","쉐이커","삼대오백","FC","63996689","삼대오백 쉐이커 프리미엄 보틀 화이트 1개 1200ml","R238953790001","발주가능","정상","0","0","0","3764","1","1","0","","NO","0.673"
"20260825","Kitchen","Food Storage","쉐이커","삼대오백","FC","64001139","삼대오백 쉐이커 프리미엄 보틀 블랙 1개 1200ml","R238954150001","발주가능","정상","0","0","1","3764","1","1","0","","NO","0.673"
"20260825","Kitchen","Food Storage","쉐이커","삼대오백","VF107","64001139","삼대오백 쉐이커 프리미엄 보틀 블랙 1개 1200ml","R238954150001","발주가능","정상","150","80","1554","3764","1","1","0","","NO","0.673"
"20260825","Kitchen","Food Storage","쉐이커","삼대오백","VF107","69264307","삼대오백 에센셜 트라이탄 쉐이커 보틀 에메랄드 그린 1개 600ml","8809822428762","발주가능","정상","0","5","209","8127","1","1","0","","NO","0.673"
"20260825","Kitchen","Food Storage","쉐이커","삼대오백","FC","69264307","삼대오백 에센셜 트라이탄 쉐이커 보틀 에메랄드 그린 1개 600ml","8809822428762","발주가능","정상","0","0","0","8127","1","1","0","","NO","0.673"
"20260825","Kitchen","Food Storage","쉐이커","삼대오백","VF107","69264308","삼대오백 에센셜 트라이탄 쉐이커 보틀 클리어 블랙 1개 600ml","8809822428755","발주가능","정상","0","5","158","8127","1","1","0","","NO","0.673"
"20260825","Kitchen","Food Storage","쉐이커","삼대오백","FC","69264308","삼대오백 에센셜 트라이탄 쉐이커 보틀 클리어 블랙 1개 600ml","8809822428755","발주가능","정상","0","0","1","8127","1","1","0","","NO","0.673"
"20260825","Kitchen","Food Storage","쉐이커","삼대오백","VF107","69264309","삼대오백 에센셜 트라이탄 쉐이커 보틀 클리어 화이트 1개 600ml","8809822428779","발주가능","정상","0","23","427","8127","1","1","0","","NO","0.673"
"20260825","Kitchen","Food Storage","쉐이커","삼대오백","FC","69264309","삼대오백 에센셜 트라이탄 쉐이커 보틀 클리어 화이트 1개 600ml","8809822428779","발주가능","정상","0","0","0","8127","1","1","0","","NO","0.673"
"20260825","Kitchen","Food Storage","텀블러/콜드컵","보아르","VF107","53564659","보아르 투웨이 텀블러 1.18L 대용량 손잡이 스텐 보온 보냉 레인보우","8809822425150","발주가능","정상","0","5","204","12845","0","0","0","","NO","0.815"
"20260825","Kitchen","Food Storage","텀블러/콜드컵","보아르","VF107","53583387","보아르 투웨이 텀블러 1.18L 대용량 손잡이 스텐 보온 보냉 아이보리","8809822425167","발주가능","정상","0","6","44","12845","1","1","0","","NO","0.815"
"20260825","Kitchen","Food Storage","텀블러/콜드컵","보아르","FC","53583387","보아르 투웨이 텀블러 1.18L 대용량 손잡이 스텐 보온 보냉 아이보리","8809822425167","발주가능","정상","0","0","0","12845","1","1","0","","NO","0.815"
"20260825","Kitchen","Tools & Gadgets","깔대기/깔때기","브랜드없음","FC","35725666","삼대오백 파우더 깔때기 블랙 1세트 Free","8809822422203","발주가능","정상","0","0","0","2895","1","1","0","","YES","0.679"
"20260825","Kitchen","Tools & Gadgets","깔대기/깔때기","브랜드없음","VF107","35725666","삼대오백 파우더 깔때기 블랙 1세트 Free","8809822422203","발주가능","정상","15","0","15","2895","1","1","0","","YES","0.679"
"20260825","Kitchen","Tools & Gadgets","도마","보아르","VF107","39384055","보아르 스텐316 양면도마 퓨어스탠 그레이 455 *310*12","8809822423507","발주가능","정상","2","0","2","20465","1","1","0","","YES","0.772"
"20260825","Leisure","Baby Safety","유모차 쿨시트","보아르","VF107","62221331","보아르 아가윈디 유모차 통풍 쿨 시트 2세대 듀얼팬 아기 쿨링 유모차 라이너 화이트 1개","8809822427581","발주가능","정상","0","0","30","43727","0","0","0","","NO","0.781"
"20260825","Leisure","Baby Safety","유모차 쿨시트","보아르","FC","62221331","보아르 아가윈디 유모차 통풍 쿨 시트 2세대 듀얼팬 아기 쿨링 유모차 라이너 화이트 1개","8809822427581","발주가능","정상","0","0","2","43727","0","0","0","","NO","0.781"
"20260825","Leisure","Car Charger & Others","차량용 무선충전거치대","오아","FC","10694343","오아 와이더F2 FOD센서 15W 차량용 핸드폰 고속무선 충전 거치대","8809487306627","발주가능","정상","0","0","1","17885","0","0","0","","NO","0.718"
"20260825","Leisure","Car Charger & Others","차량용 무선충전거치대","오아","VF107","10694343","오아 와이더F2 FOD센서 15W 차량용 핸드폰 고속무선 충전 거치대","8809487306627","발주가능","정상","0","0","15","17885","0","0","0","","NO","0.718"
"20260825","Leisure","Car Charger & Others","차량용 무선충전거치대","오아","VF107","10814871","오아 와이더F3 FOD센서 차량용 핸드폰 고속 무선 충전 거치대 OA-CG035","8809487306740","발주가능","정상","0","0","8","18800","0","0","0","","NO","0.718"
"20260825","Leisure","Car Charger & Others","차량용 무선충전거치대","오아","VF107","31792560","오아 와이더C 쿨링팬 15W 차량용 핸드폰 무선충전거치대 블랙 1개","8809822422128","발주가능","정상","0","0","18","21468","0","0","0","","NO","0.718"
"20260825","Leisure","Car Charger & Others","차량용 무선충전거치대","오아","VF107","56479851","오아 퀵착M Qi2 맥세이프 차량용 휴대폰 무선 충전 냉각쿨링 거치대 블랙 OVCH-004BK","8809822425976","발주가능","정상","0","0","8","23873","0","0","0","","NO","0.718"
"20260825","Leisure","Car Electronics","차량용청소기","오아","VF107","15825326","오아 클린벨 다용도 무선 핸디 청소기 블랙 오아 클린벨 OCL-019BK","8809487309260","발주가능","정상","6","0","6","28455","1","1","0","","YES","0.728"
"20260825","Leisure","Car Electronics","차량용청소기","오아","VF107","26375455","오아 클린듀얼 BLDC 차량용 멀티 에어건 무선청소기","8809822421558","발주가능","정상","0","3","14","50000","0","0","0","","NO","0.728"
"20260825","Leisure","Car Electronics","차량용청소기","오아","FC","26375455","오아 클린듀얼 BLDC 차량용 멀티 에어건 무선청소기","8809822421558","발주가능","정상","0","0","1","50000","0","0","0","","NO","0.728"
"20260825","Leisure","Car Electronics","차량용청소기","오아","VF107","40185196","오아 클린프로  BLDC 멀티 에어건 무선 차량용 청소기 블랙 OCL-038BK","8809822424283","발주가능","정상","0","1","3","44091","0","0","0","","NO","0.728"
"20260825","Leisure","Car Electronics","차량용청소기","오아","FC","40185196","오아 클린프로  BLDC 멀티 에어건 무선 차량용 청소기 블랙 OCL-038BK","8809822424283","발주가능","정상","0","0","2","44091","0","0","0","","NO","0.728"
"20260825","Leisure","Car Electronics","차량용청소기","오아","VF107","42803850","오아 클린건 접이식 차량용 무선 에어건 청소기 화이트 OCL-037WH","8809822424436","발주가능","정상","0","2","14","24118","0","0","0","","NO","0.728"
"20260825","Leisure","Dog Supply","유모차","오아","VF107","39651008","오아 팻츠 애견 애완동물 원터치 접이식  3in1 유모차 베이지","8809822423378","발주가능","정상","4","2","48","121364","1","1","0","","NO","0.673"
"20260825","Leisure","Dog Supply","유모차","오아","FC","39651008","오아 팻츠 애견 애완동물 원터치 접이식  3in1 유모차 베이지","8809822423378","발주가능","정상","0","0","1","121364","1","1","0","","NO","0.673"
"20260825","Leisure","Exercise & Fitness","기타헬스소품","MASSIVE","FC","64406582","매시브 헬스 가죽벨트용 더스트백 블랙 더스트백(20 x 20 x 10 cm), 스트랩(115.5cm) 1개","8809822427345","발주가능","정상","0","0","1","4309","0","0","0","","NO","0.719"
"20260825","Leisure","Exercise & Fitness","기타헬스소품","MASSIVE","VF107","64406582","매시브 헬스 가죽벨트용 더스트백 블랙 더스트백(20 x 20 x 10 cm), 스트랩(115.5cm) 1개","8809822427345","발주가능","정상","0","0","4","4309","0","0","0","","NO","0.719"
"20260825","Leisure","Exercise & Fitness","스포츠 보호대","MASSIVE","VF107","64412328","매시브 네오프렌 팔꿈치 보호대 밴드 블랙 1세트 XL(37x7.5cm)","8809822427178","발주가능","정상","1","0","1","17945","1","1","0","","YES","0.627"
"20260825","Leisure","Exercise & Fitness","스포츠 보호대","MASSIVE","FC","64412936","매시브 네오프렌 팔꿈치 보호대 밴드 블랙 2개 1세트 L(32x7.5cm)","8809822427185","발주가능","정상","0","0","2","10577","0","0","0","","NO","0.627"
"20260825","Leisure","Exercise & Fitness","스포츠 보호대","MASSIVE","VF107","64412936","매시브 네오프렌 팔꿈치 보호대 밴드 블랙 2개 1세트 L(32x7.5cm)","8809822427185","발주가능","정상","0","0","8","10577","0","0","0","","NO","0.627"
"20260825","Leisure","Exercise & Fitness","스포츠 보호대","MASSIVE","VF107","64413029","매시브 네오프렌 팔꿈치 보호대 (고리형) L 블랙 1세트 43.5x6cm","8809822427161","발주가능","정상","0","2","4","9395","0","0","0","","NO","0.627"
"20260825","Leisure","Exercise & Fitness","스포츠 보호대","MASSIVE","VF107","67959441","매시브 폴리 니랩 무릎스트랩 헬스보호대 2개입 1세트 블랙 1개 스트랩(94.5 x 8 cm), 슬리브(16 x 19 x 23.5 cm)","8809822426461","발주가능","정상","0","0","4","16309","0","0","0","","NO","0.627"
"20260825","Leisure","Exercise & Fitness","스포츠 보호대","N_A","VF107","76233452","MXSSIVE 하이퍼 폴리 팔꿈치 롱스트랩 헬스보호대 블랙 1세트 Free","8809822428960","발주가능","정상","12","0","12","16309","1","1","0","","YES","0.627"
"20260825","Leisure","Exercise & Fitness","스포츠 보호대","리브리카","FC","59740794","매시브 헬스 손목보호대 2p, 블랙 1세트 Free","8809822425846","발주가능","정상","0","0","0","5580","1","1","0","","YES","0.627"
"20260825","Leisure","Exercise & Fitness","스포츠 보호대","리브리카","VF107","59740794","매시브 헬스 손목보호대 2p, 블랙 1세트 Free","8809822425846","발주가능","정상","20","0","20","5580","1","1","0","","YES","0.627"
"20260825","Leisure","Exercise & Fitness","스포츠 보호대","매시브","VF107","68330496","매시브 하이퍼 폴리 니랩 무릎 롱스트랩 헬스보호대 2개입  블랙 1세트 Free","8809822428199","발주가능","정상","25","0","25","16309","1","1","0","","YES","0.627"
"20260825","Leisure","Exercise & Fitness","스포츠 보호대","엠엑시브","VF107","70464763","MXSSIVE 케이블 멀티 스트랩  블랙 1개 FREE(65.5 x 5 x 5 cm)","8809822429240","발주가능","정상","3","0","3","9764","1","1","0","","YES","0.627"
"20260825","Leisure","Exercise & Fitness","스포츠 보호대","엠엑시브","VF107","70465336","MXSSIVE 타이탄벨트 프로 블랙 1개 S","8809822429226","발주가능","정상","0","0","3","21764","0","0","0","","NO","0.627"
"20260825","Leisure","Exercise & Fitness","스포츠 보호대","엠엑시브","VF107","70465337","MXSSIVE 타이탄벨트 프로 블랙 1개 M","8809822429233","발주가능","정상","1","0","4","21764","1","1","0","","NO","0.627"
"20260825","Leisure","Exercise & Fitness","스포츠 보호대","엠엑시브","FC","74428504","MXSSIVE 타이탄 벨트 오리지널 복압 리프팅 헬스벨트 BLACK S 200g","8809822429202","발주가능","정상","0","0","2","16309","0","0","0","","NO","0.627"
"20260825","Leisure","Exercise & Fitness","스포츠 보호대","엠엑시브","VF107","74428504","MXSSIVE 타이탄 벨트 오리지널 복압 리프팅 헬스벨트 BLACK S 200g","8809822429202","발주가능","정상","0","1","41","16309","0","0","0","","NO","0.627"
"20260825","Leisure","Exercise & Fitness","스포츠 보호대","엠엑시브","FC","74428505","MXSSIVE 타이탄 벨트 오리지널 복압 리프팅 헬스벨트 BLACK M 200g","8809822429219","발주가능","정상","0","0","1","16309","0","0","0","","NO","0.627"
"20260825","Leisure","Exercise & Fitness","스포츠 보호대","엠엑시브","VF107","74428505","MXSSIVE 타이탄 벨트 오리지널 복압 리프팅 헬스벨트 BLACK M 200g","8809822429219","발주가능","정상","0","1","36","16309","0","0","0","","NO","0.627"
"20260825","Leisure","Exercise & Fitness","요가밴드","MASSIVE","VF107","64020187","매시브 루프밴드 라텍스 3종 힙업 스쿼트 필라테스 요가 루프밴드 3종(옐로우,레드,블랙) 1세트 Free","R238304990001","발주가능","정상","0","1","2","9395","0","0","0","","NO","0.638"
"20260825","Leisure","Exercise & Fitness","중량조끼/모래주머니","MASSIVE","VF107","63625387","매시브 헬스 프리미엄 가죽 중량벨트 블랙 FREE(10 x 100 cm) 735g","8809822427086","발주가능","정상","2","0","2","64409","1","1","0","","YES","0.712"
"20260825","Leisure","Exercise & Fitness","중량조끼/모래주머니","MASSIVE","VF107","63627036","매시브 헬스 가죽 벨트 오리지널 블랙 110cm 493g","8809822427079","발주가능","정상","0","0","4","40123","0","0","0","","NO","0.712"
"20260825","Leisure","Exercise & Fitness","헬스스트랩","MASSIVE","VF107","49170124","삼대오백 매시브 그립 헬스 리프팅 스트랩 손목보호대 오리지널 블랙 1세트 S","8809822424832","발주가능","정상","20","2","29","13532","1","1","0","","NO","0.475"
"20260825","Leisure","Exercise & Fitness","헬스스트랩","MASSIVE","FC","49170125","삼대오백 매시브 그립 헬스 리프팅 스트랩 손목보호대 오리지널 블랙 1세트 L","8809822424849","발주가능","정상","0","0","0","13532","1","1","0","","NO","0.475"
"20260825","Leisure","Exercise & Fitness","헬스스트랩","MASSIVE","VF107","49170125","삼대오백 매시브 그립 헬스 리프팅 스트랩 손목보호대 오리지널 블랙 1세트 L","8809822424849","발주가능","정상","15","7","37","13532","1","1","0","","NO","0.475"
"20260825","Leisure","Exercise & Fitness","헬스스트랩","MASSIVE","VF107","49170127","삼대오백 매시브 그립 헬스 리프팅 스트랩 손목보호대 오리지널 블랙 1세트 M","8809822424856","발주가능","정상","64","10","92","13532","1","1","0","","NO","0.475"
"20260825","Leisure","Exercise & Fitness","헬스스트랩","MASSIVE","FC","49170127","삼대오백 매시브 그립 헬스 리프팅 스트랩 손목보호대 오리지널 블랙 1세트 M","8809822424856","발주가능","정상","0","0","3","13532","1","1","0","","NO","0.475"
"20260825","Leisure","Exercise & Fitness","헬스스트랩","MASSIVE","VF107","62271779","매시브 루버 컴팩트 헬스 스트랩 리프팅 그립 손목보호대 블랙 블랙 1세트 2p free","8809822427154","발주가능","정상","10","5","12","5850","1","1","0","","NO","0.475"
"20260825","Leisure","Exercise & Fitness","헬스스트랩","매시브","VF107","59826643","매시브 루버 헬스 스트랩 리프팅 그립 손목보호대 블랙 2개 61.5 x 4 cm","8809822425853","발주가능","정상","15","2","27","5580","1","1","0","","NO","0.475"
"20260825","Leisure","Exercise & Fitness","헬스스트랩","매시브","FC","68327326","매시브 하이퍼 폴리 팔꿈치 롱스트랩 헬스보호대 2개입 블랙 1세트 Free","8809822428205","발주가능","정상","0","0","1","16309","0","0","0","","NO","0.475"
"20260825","Leisure","Exercise & Fitness","헬스스트랩","엠엑시브","VF107","76192851","MXSSIVE 소가죽 리프팅 레더 스트랩  블랙 2p 1세트 59.5 x 4 cm","8809822429271","발주가능","정상","2","0","2","12491","1","1","0","","YES","0.475"
"20260825","Leisure","Outdoor & Camping","랜턴","오아","VF107","41140508","오아 LED 방수 캠핑 C타입 충전 랜턴 럭스라이트 아이보리 1개","8809822424177","발주가능","정상","0","0","1","22567","0","0","0","","NO","0.695"
"20260825","Leisure","Outdoor & Camping","헤드랜턴/손전등","오아","VF107","47220150","오아 듀얼 랜턴 걸이 캠핑 조명 접이식 스탠드 램프 랜턴 거치대 블랙 1개","8809822424481","발주가능","정상","20","6","40","11727","1","1","0","","NO","0.766"
"20260825","Media","Baby Toys","흔들말/붕붕카","보아르","VF107","38455497","보아르 아가홀스 4in1 무소음 아기 붕붕카 흔들말 스프링카 세트 그레이","8809822422883","발주가능","정상","0","9","84","67356","0","0","0","","NO","0.800"
"20260825","Media","Baby Toys","흔들말/붕붕카","보아르","FC","38455497","보아르 아가홀스 4in1 무소음 아기 붕붕카 흔들말 스프링카 세트 그레이","8809822422883","발주가능","정상","0","0","4","67356","0","0","0","","NO","0.800"
