발주번호,발주유형,발주현황,SKU ID,SKU 이름,SKU Barcode,물류센터,입고예정일,발주일,발주수량,확정수량,입고수량,매입유형,면세여부,생산연도,제조일자,유통(소비)기한,매입가,공급가,부가세,총발주 매입금,입고금액,Xdock
143622123,일반,거래처확인요청,13101218,오아 클린이소프트R 자동압력센서 롤링터치 음파 전동 칫솔 블랙,8809487308133,오아 주식회사,2026-09-30,2026-09-29 11:39:23,1,1,0,직매입,N,,,,29346,26678,2668,29346,0,N
143622123,일반,거래처확인요청,12465755,오아 클린이 소프트 자동 압력센서 음파 전동칫솔 블랙,8809487307785,오아 주식회사,2026-09-30,2026-09-29 11:39:23,5,5,0,직매입,N,,,,24656,22415,2241,123280,0,N
143622123,일반,거래처확인요청,12775096,"오아 클린이 소프트 음파 전동칫솔 2세트, VO-OC001(화이트,블랙)",8809487308560,오아 주식회사,2026-09-30,2026-09-29 11:39:23,1,1,0,직매입,N,,,,46632,42393,4239,46632,0,N
143622123,일반,거래처확인요청,12685386,오아 클린이퓨어 Air LED무선 칫솔 살균 건조기,8809487308089,오아 주식회사,2026-09-30,2026-09-29 11:39:23,2,2,0,직매입,N,,,,23316,21196,2120,46632,0,N
143622123,일반,거래처확인요청,12674973,오아 클린이 소프트B 자동 압력센서 음파 전동 칫솔 화이트,8809487308102,오아 주식회사,2026-09-30,2026-09-29 11:39:23,7,7,0,직매입,N,,,,22646,20587,2059,158522,0,N
143622123,일반,거래처확인요청,14134778,오아 클린이 소프트 시리즈 전용 미세모 리필 칫솔모 블랙4ea,8809487308782,오아 주식회사,2026-09-30,2026-09-29 11:39:23,6,6,0,직매입,N,,,,7638,6944,694,45828,0,N
143622123,일반,거래처확인요청,12434130,오아 클린이소프트 전용 프리미엄 리필 칫솔모 블랙 4ea,8809487307815,오아 주식회사,2026-09-30,2026-09-29 11:39:23,91,91,0,직매입,N,,,,5963,5421,542,542633,0,N
143622123,일반,거래처확인요청,12674974,오아 클린이 소프트B 자동 압력센서 음파 전동 칫솔 블랙,8809487308119,오아 주식회사,2026-09-30,2026-09-29 11:39:23,8,8,0,직매입,N,,,,22646,20587,2059,181168,0,N
143622123,일반,거래처확인요청,14473529,오아 유아용 클린이펭귄 블루 + 핑크 음파 전동 칫솔 세트,8809487309314,오아 주식회사,2026-09-30,2026-09-29 11:39:23,1,1,0,직매입,N,,,,15477,14070,1407,15477,0,N
143622094,일반,거래처확인요청,58084222,오아 덴티스윙 좌우 회전 음파 전동칫솔 블랙 1세트 OETB-003WH,8809822426225,오아 주식회사,2026-09-30,2026-09-29 11:39:23,2,2,0,직매입,N,,,,33433,30394,3039,66866,0,N
143622094,일반,거래처확인요청,76374401,오아 올리미 속눈썹 고데기 온열 히팅 뷰러 화이트 OHEC-002WH,8800367920360,오아 주식회사,2026-09-30,2026-09-29 11:39:23,1,1,0,직매입,N,,,,16491,14992,1499,16491,0,N
143622094,일반,거래처확인요청,61760291,보아르 다이닝 저당 밥솥 미니 6인용 스텐 아이보리 VERC-004IV,8809822426614,오아 주식회사,2026-09-30,2026-09-29 11:39:23,6,6,0,직매입,N,,,,59630,54209,5421,357780,0,N
143622094,일반,거래처확인요청,25433097,오아 클린이펭귄 유아 음파 전동칫솔 핑크 OOT-006PK,8809487308515,오아 주식회사,2026-09-30,2026-09-29 11:39:23,1,1,0,직매입,N,,,,8241,7492,749,8241,0,N
143622094,일반,거래처확인요청,51533853,오아 오토셋 웨이브 뿌리 볼륨 봉고데기 화이트 OHA-029BL,8809822424726,오아 주식회사,2026-09-30,2026-09-29 11:39:23,1,1,0,직매입,N,,,,40066,36424,3642,40066,0,N
143622094,일반,거래처확인요청,68934411,오아 포켓롤 해외 여행용 5포트 PD 35W 초고속충전 멀티 어댑터 레몬크림 1개,8809822428830,오아 주식회사,2026-09-30,2026-09-29 11:39:23,2,2,0,직매입,N,,,,25393,23085,2308,50786,0,N
143622094,일반,거래처확인요청,65145714,보아르 위셀 음식물처리기 AI 음식물 쓰레기 가정용 대용량 건조 분쇄기 화이트,8809822427710,오아 주식회사,2026-09-30,2026-09-29 11:39:23,1,1,0,직매입,N,,,,213060,193691,19369,213060,0,N
143622094,일반,거래처확인요청,38157908,오아 슈퍼플로우 여행용 헤어 드라이기 BLDC 저소음 휴대용 미니 수이온 드라이어,8809822422869,오아 주식회사,2026-09-30,2026-09-29 11:39:23,1,1,0,직매입,N,,,,86430,78573,7857,86430,0,N
143622094,일반,거래처확인요청,13644995,보아르 혼요 미니 전기 밥솥 1.2L,8809487308416,오아 주식회사,2026-09-30,2026-09-29 11:39:23,4,4,0,직매입,N,,,,30016,27287,2729,120064,0,N
143622094,일반,거래처확인요청,67191572,오아 무선 휴대용 볼트건 안마기 OMSG-024BK 블랙,8809822427918,오아 주식회사,2026-09-30,2026-09-29 11:39:23,5,5,0,직매입,N,,,,26733,24303,2430,133665,0,N
143622094,일반,거래처확인요청,52874174,오아 포그니 발 온열 찜질기 다크그레이 OMTM-001DG,8809822425518,오아 주식회사,2026-09-30,2026-09-29 11:39:23,11,11,0,직매입,N,,,,26666,24242,2424,293326,0,N
143622094,일반,거래처확인요청,76241042,오아 씬플로우 BLDC 고속 헤어 드라이기 1000W 메탈그레이 ODRY-010MG,8800367920353,오아 주식회사,2026-09-30,2026-09-29 11:39:23,2,2,0,직매입,N,,,,54510,49555,4955,109020,0,N
143622094,일반,거래처확인요청,37843037,오아 클린이컴팩트 OOR-012WH,8809822423095,오아 주식회사,2026-09-30,2026-09-29 11:39:23,4,4,0,직매입,N,,,,25326,23024,2302,101304,0,N
143622094,일반,거래처확인요청,78867502,오아 모근제거기 4in1 바디트리머 각질 제거 전기 제모기 OERZ-003WH 모근제거기,8809822429592,오아 주식회사,2026-09-30,2026-09-29 11:39:23,2,2,0,직매입,N,,,,29601,26910,2691,59202,0,N
143622094,일반,거래처확인요청,60542212,오아 무선S 뿌리 볼륨 미니 휴대용 헤어 고데기 화이트 OSTR-004WH,8809822426867,오아 주식회사,2026-09-30,2026-09-29 11:39:23,7,7,0,직매입,N,,,,19966,18151,1815,139762,0,N
143622094,일반,거래처확인요청,61089339,오아 폴드 Qi2 맥세이프 접이식 3in1 고속 무선 충전 거치대 블랙 1개,8809822426416,오아 주식회사,2026-09-30,2026-09-29 11:39:23,1,1,0,직매입,N,,,,32830,29845,2985,32830,0,N
143622094,일반,거래처확인요청,76375597,오아 컬리미 속눈썹 고데기 온열 히팅 뷰러 화이트 OHEC-003WH,8800367920384,오아 주식회사,2026-09-30,2026-09-29 11:39:23,6,6,0,직매입,N,,,,16491,14992,1499,98946,0,N
143622094,일반,거래처확인요청,76375598,오아 컬리미 속눈썹 고데기 온열 히팅 뷰러 핑크 OHEC-003PK,8800367920391,오아 주식회사,2026-09-30,2026-09-29 11:39:23,3,3,0,직매입,N,,,,16491,14992,1499,49473,0,N
143622094,일반,거래처확인요청,61760141,보아르 모노0.8L 스텐 316 분유 보온 온도조절 전기 주전자 VHEP-003WH,8809822426676,오아 주식회사,2026-09-30,2026-09-29 11:39:23,7,7,0,직매입,N,,,,30016,27287,2729,210112,0,N
143622094,일반,거래처확인요청,62379668,오아 스윙바스 좌우 회전 음파 전동 칫솔 화이트 1개 OORL-016WH,8809822426942,오아 주식회사,2026-09-30,2026-09-29 11:39:23,1,1,0,직매입,N,,,,23383,21257,2126,23383,0,N
143622094,일반,거래처확인요청,70251147,보아르 이지업 텀블렌더 대용량 휴대용 믹서기 무선 과일 블렌더 VBLD-005IV,8809822428625,오아 주식회사,2026-09-30,2026-09-29 11:39:23,17,17,0,직매입,N,,,,30083,27348,2735,511411,0,N
143622094,일반,거래처확인요청,50875168,오아 커버넥 무선 목 어깨 온열 마사지기 베이지 OMSG-010BE,8809822425426,오아 주식회사,2026-09-30,2026-09-29 11:39:23,1,1,0,직매입,N,,,,58826,53478,5348,58826,0,N
143622094,일반,거래처확인요청,32711387,오아 클린이소프트 시리즈 전용 리필 미세모 블랙 2P 1개 OET-078-OTOBK,8809487308768,오아 주식회사,2026-09-30,2026-09-29 11:39:23,5,5,0,직매입,N,,,,4020,3655,365,20100,0,N
143622088,일반,거래처확인요청,63742200,보아르 아가온 분유포트 3000ml 대용량 보온 원터치 출수 분리형 물통 VBNM-002WH,8809822427123,오아 주식회사,2026-09-30,2026-09-29 11:39:23,1,1,0,직매입,N,,,,86430,78573,7857,86430,0,N
143622088,일반,거래처확인요청,38183281,오아 넥스트레쳐 목 마사지기 거북목 스트레칭 EMS 저주파 안마기 OMS-026BE,8809822423330,오아 주식회사,2026-09-30,2026-09-29 11:39:23,9,9,0,직매입,N,,,,26666,24242,2424,239994,0,N
143622088,일반,거래처확인요청,42519088,보아르 포스A 유선 핸디 진공 청소기 화이트 VCL-039WH,8809822424450,오아 주식회사,2026-09-30,2026-09-29 11:39:23,1,1,0,직매입,N,,,,40066,36424,3642,40066,0,N
143622088,일반,거래처확인요청,40771157,보아르 아가맘마 통유리 보온 퓨어 분유포트,8809822423934,오아 주식회사,2026-09-30,2026-09-29 11:39:23,2,2,0,직매입,N,,,,46230,42027,4203,92460,0,N
143622088,일반,거래처확인요청,37244806,오아 볼륨 컬링 티타늄 이지 봉고데기 핑크 OHA-012PK,8809822423118,오아 주식회사,2026-09-30,2026-09-29 11:39:23,2,2,0,직매입,N,,,,26666,24242,2424,53332,0,N
143622088,일반,거래처확인요청,44374810,보아르 아띠랑스 무선 미니 전기포트 올 스텐 커피포트 베이지 VPT-003BE,8809822424597,오아 주식회사,2026-09-30,2026-09-29 11:39:23,18,18,0,직매입,N,,,,25326,23024,2302,455868,0,N
143622088,일반,거래처확인요청,12263163,오아 데일리 고데기 판 볼륨 앞머리 프리볼트 매직기,8809487307372,오아 주식회사,2026-09-30,2026-09-29 11:39:23,5,5,0,직매입,N,,,,33366,30333,3033,166830,0,N
143622088,일반,거래처확인요청,34464589,오아 라운드PRO 무선 스탠드 선풍기 써큘레이터 리모컨 공기순환기 베이지 OFN-045BE,8809822422418,오아 주식회사,2026-09-30,2026-09-29 11:39:23,2,2,0,직매입,N,,,,86430,78573,7857,172860,0,N
143622088,일반,거래처확인요청,35137369,오아 라운드 멀티팬 휴대용 미니 소형 문어발 탁상용 아기 유모차 선풍기,8809822422647,오아 주식회사,2026-09-30,2026-09-29 11:39:23,1,1,0,직매입,N,,,,17112,15556,1556,17112,0,N
143622088,일반,거래처확인요청,50012601,오아 퓨어필워터 휴대용 무선 구강세정기 화이트 OOR-014WH,8809822423460,오아 주식회사,2026-09-30,2026-09-29 11:39:23,2,2,0,직매입,N,,,,24656,22415,2241,49312,0,N
143622088,일반,거래처확인요청,38415503,오아 베이직 판 고데기 5단계 온도조절 헤어 매직기 OHA-023BE,8809822423415,오아 주식회사,2026-09-30,2026-09-29 11:39:23,4,4,0,직매입,N,,,,23316,21196,2120,93264,0,N
143622088,일반,거래처확인요청,38158208,오아 더벨벳 무선 고데기 미니 휴대용 뿌리볼륨 헤어 매직기,8809822422807,오아 주식회사,2026-09-30,2026-09-29 11:39:23,1,1,0,직매입,N,,,,33366,30333,3033,33366,0,N
143622088,일반,거래처확인요청,61929592,보아르 모노1.5L 스텐 316 분유 보온 온도조절 커피 전기 주전자 VHEP-004WH,8809822426904,오아 주식회사,2026-09-30,2026-09-29 11:39:23,5,5,0,직매입,N,,,,36783,33439,3344,183915,0,N
143622088,일반,거래처확인요청,64212381,오아 오토 헤어 웨이브 자동 롤러 볼륨 고데기 36mm 블루 OSTR-003BL,8809822427574,오아 주식회사,2026-09-30,2026-09-29 11:39:23,2,2,0,직매입,N,,,,36783,33439,3344,73566,0,N
143622088,일반,거래처확인요청,61929727,보아르 아가쑥쑥 분유 쉐이커 무선 전동 보온 휴대용 자동 VBTW-002WH,8809822426935,오아 주식회사,2026-09-30,2026-09-29 11:39:23,1,1,0,직매입,N,,,,30083,27348,2735,30083,0,N
143622088,일반,거래처확인요청,39944753,보아르 이지전기포트S 휴대용 접이식 여행용 올스텐 무선 커피포트 VPT-007WH,8809822423781,오아 주식회사,2026-09-30,2026-09-29 11:39:23,1,1,0,직매입,N,,,,40133,36485,3648,40133,0,N
143622088,일반,거래처확인요청,24832169,보아르 워시스핀 무선 욕실 청소기 VCL-030WH 화이트,8809822421503,오아 주식회사,2026-09-30,2026-09-29 11:39:23,5,5,0,직매입,N,,,,14271,12974,1297,71355,0,N
143622088,일반,거래처확인요청,55389336,오아 클린이워터J 전용 제트팁 2P 구성품 1세트 OORL-A01501,8809822425761,오아 주식회사,2026-09-30,2026-09-29 11:39:23,4,4,0,직매입,N,,,,3618,3289,329,14472,0,N
143622088,일반,거래처확인요청,73226632,오아 오마컬 봉고데기 36mm 웨이브 고데기 아이롱 헤어 볼륨 프리볼트 고대기 핑크 OSTR-010PK,8809822429349,오아 주식회사,2026-09-30,2026-09-29 11:39:23,3,3,0,직매입,N,,,,30083,27348,2735,90249,0,N
143622088,일반,거래처확인요청,63396496,보아르 하티클링 침구 청소기 듀얼 브러시 열풍 UV 살균 패브릭 쇼파 침대 화이트 VBVC-005WH,8809822427314,오아 주식회사,2026-09-30,2026-09-29 11:39:23,1,1,0,직매입,N,,,,93130,84664,8466,93130,0,N
143622088,일반,거래처확인요청,64330764,오아 이지 물결 웨이브 볼륨 프리볼트 고데기 블루 OHA-031BL,8809822427451,오아 주식회사,2026-09-30,2026-09-29 11:39:23,3,3,0,직매입,N,,,,30016,27287,2729,90048,0,N
143622088,일반,거래처확인요청,61766007,오아 무빙볼 무선 온열 등 허리 롤링 쿠션 의자 안마기 베이지 OMSG-018BE,8809822426331,오아 주식회사,2026-09-30,2026-09-29 11:39:23,1,1,0,직매입,N,,,,59630,54209,5421,59630,0,N
143622088,일반,거래처확인요청,66778787,오아 미니핏 휴대용 고데기베이지 OSTR-008BE,8809822428113,오아 주식회사,2026-09-30,2026-09-29 11:39:23,2,2,0,직매입,N,,,,17353,15775,1578,34706,0,N
143622088,일반,거래처확인요청,39030281,오아 아기 신생아 체중계 디지털 전자 유아 체중계 키 측정,8809822423644,오아 주식회사,2026-09-30,2026-09-29 11:39:23,9,9,0,직매입,N,,,,26666,24242,2424,239994,0,N
143622088,일반,거래처확인요청,66358440,오아 히트워머 무선 온열 허리 찜질기 복부 배 마사지기 OMTM-004PK 핑크,8809822428069,오아 주식회사,2026-09-30,2026-09-29 11:39:23,8,8,0,직매입,N,,,,21976,19978,1998,175808,0,N
143622088,일반,거래처확인요청,50154913,보아르 스위프클링 살균 핸디 침구 매트리스 침대 청소기 화이트 VCL-034WH,8809822424986,오아 주식회사,2026-09-30,2026-09-29 11:39:23,4,4,0,직매입,N,,,,32026,29115,2911,128104,0,N
143622088,일반,거래처확인요청,39663616,오아 클린이워터S 휴대용 무선 구강세정기 OOR-013WH,8809822423453,오아 주식회사,2026-09-30,2026-09-29 11:39:23,37,37,0,직매입,N,,,,25326,23024,2302,937062,0,N
143622088,일반,거래처확인요청,56667264,오아 미니 핸디 무선 진공 소형 스틱 청소기 화이트 OCVC-006WH,8809822425945,오아 주식회사,2026-09-30,2026-09-29 11:39:23,5,5,0,직매입,N,,,,42746,38860,3886,213730,0,N
143622088,일반,거래처확인요청,12481759,보아르 에이블나인 가정용 캠핑용 자동세척 급속 제빙기 블랙,8809487307594,오아 주식회사,2026-09-30,2026-09-29 11:39:23,1,1,0,직매입,N,,,,95910,87191,8719,95910,0,N
143622088,일반,거래처확인요청,15826960,오아 뷰티 빗 고데기 스트레이트 매직기,8809487309437,오아 주식회사,2026-09-30,2026-09-29 11:39:23,1,1,0,직매입,N,,,,32026,29115,2911,32026,0,N
143622088,일반,거래처확인요청,12757668,오아 디지털 LED 체중계 몸무게 전자 저울 측정기,8809487307747,오아 주식회사,2026-09-30,2026-09-29 11:39:23,3,3,0,직매입,N,,,,13266,12060,1206,39798,0,N
143622088,일반,거래처확인요청,19365568,오아 힐스케어 온열 공기압 손목 발목 마사지기 OMS-016WH,8809822420100,오아 주식회사,2026-09-30,2026-09-29 11:39:23,1,1,0,직매입,N,,,,38190,34718,3472,38190,0,N
143622088,일반,거래처확인요청,18980681,오아 바디스팟W 손목 마사지기 OMS-017BK,8809822420117,오아 주식회사,2026-09-30,2026-09-29 11:39:23,2,2,0,직매입,N,,,,19966,18151,1815,39932,0,N
143622088,일반,거래처확인요청,73893263,보아르 이지 전기포트 M1 접이식 분유포트 휴대용 미니 여행용 프리볼트 온도조절 커피포트 VPEP-006IV,8809822429882,오아 주식회사,2026-09-30,2026-09-29 11:39:23,85,85,0,직매입,N,,,,34362,31238,3124,2920770,0,N
143622088,일반,거래처확인요청,32710937,오아 클린이소프트 시리즈 전용 리필 미세모 화이트 2P 1개 OET-076-OTOWH,8809487308751,오아 주식회사,2026-09-30,2026-09-29 11:39:23,19,19,0,직매입,N,,,,4020,3655,365,76380,0,N
143622088,일반,거래처확인요청,10646862,보아르 하티포트 무선 전기 유리 커피 티 포트,8809487306344,오아 주식회사,2026-09-30,2026-09-29 11:39:23,2,2,0,직매입,N,,,,25393,23085,2308,50786,0,N
143622088,일반,거래처확인요청,64778161,오아 베이직 휴대용 미니 헤어 뿌리 볼륨 빗고데기 블루 OSTR-002BL1,8809822429530,오아 주식회사,2026-09-30,2026-09-29 11:39:23,4,4,0,직매입,N,,,,20033,18212,1821,80132,0,N
143622088,일반,거래처확인요청,34330469,오아 라운드 핸디팬 무선 휴대용 USB 초경량 미니 손 선풍기 베이지 OFN-046BE,8809822422357,오아 주식회사,2026-09-30,2026-09-29 11:39:23,2,2,0,직매입,N,,,,11256,10233,1023,22512,0,N
143622088,일반,거래처확인요청,55384739,오아 클린이포터블 전용 제트팁 2P 구성품 1세트 OET-069-OROWH,8809487308379,오아 주식회사,2026-09-30,2026-09-29 11:39:23,2,2,0,직매입,N,,,,3618,3289,329,7236,0,N
143622088,일반,거래처확인요청,43431417,오아 퀵차지 PD/QC 3.0 고속충전 대용량 보조배터리 10000mAh 화이트 OBA-032WH,8809822424320,오아 주식회사,2026-09-30,2026-09-29 11:39:23,3,3,0,직매입,N,,,,18626,16933,1693,55878,0,N
143622088,일반,거래처확인요청,55462718,오아 슬림에어 BLDC 헤어 고속 미니 드라이어 블랙 ODRY-002BK,8809822425785,오아 주식회사,2026-09-30,2026-09-29 11:39:23,1,1,0,직매입,N,,,,39396,35815,3581,39396,0,N
143622088,일반,거래처확인요청,68880617,오아 넥스트레쳐S 목 마사지기 스트레칭 EMS 저주파 베이지 OMSG-021BE,8809822427697,오아 주식회사,2026-09-30,2026-09-29 11:39:23,2,2,0,직매입,N,,,,33433,30394,3039,66866,0,N
143622088,일반,거래처확인요청,56651667,오아 볼륨업 무선 빗 고데기 휴대용 미니 헤어 뿌리 고데기 화이트 OSTR-001WH,8809822425860,오아 주식회사,2026-09-30,2026-09-29 11:39:23,7,7,0,직매입,N,,,,33366,30333,3033,233562,0,N
143622088,일반,거래처확인요청,42051062,보아르 스테인리스 304 다이닝 토스트기 VDT-001IV,8809822424498,오아 주식회사,2026-09-30,2026-09-29 11:39:23,2,2,0,직매입,N,,,,40133,36485,3648,80266,0,N
143622088,일반,거래처확인요청,19104731,보아르 더온리제로 생수병 전기포트 휴대용 분유포트 여행용 커피포트 VPT-001WH,8809487309345,오아 주식회사,2026-09-30,2026-09-29 11:39:23,8,8,0,직매입,N,,,,46766,42515,4251,374128,0,N
143622088,일반,거래처확인요청,27515992,오아 클린이퓨어ProD화이트 OTS-005WH,8809822421879,오아 주식회사,2026-09-30,2026-09-29 11:39:23,6,6,0,직매입,N,,,,18626,16933,1693,111756,0,N
143622088,일반,거래처확인요청,13373616,오아 디지털 LED 스마트 인바디 체지방 체중계 몸무게 전자 저울 측정기,8809487307730,오아 주식회사,2026-09-30,2026-09-29 11:39:23,10,10,0,직매입,N,,,,16616,15105,1511,166160,0,N
143622088,일반,거래처확인요청,78907465,오아 클린이스쿨 IPX8 좌우회전 어린이 음파 전동 칫솔 클라우디블루 1개 OETB-010CB,8800367920452,오아 주식회사,2026-09-30,2026-09-29 11:39:23,14,14,0,직매입,N,,,,27531,25028,2503,385434,0,N
143622088,일반,거래처확인요청,66417803,보아르 듀얼 히팅 에어프라이어8L 대용량 상하열선 투명 바스켓 에어프라이기 그릴 오븐형 에어후라이기 블랙 VAFR-004BK,8809822427796,오아 주식회사,2026-09-30,2026-09-29 11:39:23,16,16,0,직매입,N,,,,79730,72482,7248,1275680,0,N
143622088,일반,거래처확인요청,75077119,보아르 슈트쏙 미니 의류관리기 휴대용 살균 소형 건조기 화이트 VCDM-002WH,8800367920513,오아 주식회사,2026-09-30,2026-09-29 11:39:23,20,20,0,직매입,N,,,,34431,31301,3130,688620,0,N
143622067,일반,거래처확인요청,50723598,보아르 슈즈쏙 신발 건조기 휴대용 운동화 소독 살균 관리 냄새제거,8809822425341,오아 주식회사,2026-09-30,2026-09-29 11:39:22,356,356,0,직매입,N,,,,26733,24303,2430,9516948,0,N
143622060,일반,거래처확인요청,13195811,오아 듀얼 무릎 마사지기 V2 무선 온열 마사지 찜질 안마기OMS-008BE,8809487308140,오아 주식회사,2026-09-30,2026-09-29 11:39:22,2,2,0,직매입,N,,,,91790,83445,8345,183580,0,N
143622060,일반,거래처확인요청,13745117,오아 슈퍼건 안마기 초소형 휴대용 무선 핸디 전동 마사지건 진동 마사지기 승모근 마사지,8809487308836,오아 주식회사,2026-09-30,2026-09-29 11:39:22,3,3,0,직매입,N,,,,26666,24242,2424,79998,0,N
143622060,일반,거래처확인요청,8122806,오아 아이프로 안마기 무선 눈 마사지기 기계 온열 찜질기,8809487305095,오아 주식회사,2026-09-30,2026-09-29 11:39:22,1,1,0,직매입,N,,,,45560,41418,4142,45560,0,N
143622060,일반,거래처확인요청,10858043,오아 트래블러 여행용 무선 목베개 마사지기 안마기 OA-MA028,8809487306702,오아 주식회사,2026-09-30,2026-09-29 11:39:22,1,1,0,직매입,N,,,,16181,14710,1471,16181,0,N
143622060,일반,거래처확인요청,11229298,오아 눈편한세상 눈 안마기 무선 마사지 기계 온열 찜질기,8809487307204,오아 주식회사,2026-09-30,2026-09-29 11:39:22,1,1,0,직매입,N,,,,23316,21196,2120,23316,0,N
143622055,일반,거래처확인요청,10155238,보아르 모아1000 미니 공기청정 제습기 소형 원룸 화장실 드레스룸 옷방 욕실,8809487306092,오아 주식회사,2026-09-30,2026-09-29 11:39:22,2,2,0,직매입,N,,,,60720,55200,5520,121440,0,N
143622048,일반,거래처확인요청,12673237,"보아르 포스D14 셀프 스탠딩 무선 청소기, VCL-004WH, 화이트",8809487307457,오아 주식회사,2026-09-30,2026-09-29 11:39:22,5,5,0,직매입,N,,,,73030,66391,6639,365150,0,N
143622048,일반,거래처확인요청,14878740,보아르 워터스핀E1 무선 듀얼스핀 자동 물분사 물걸레 청소기,8809487309055,오아 주식회사,2026-09-30,2026-09-29 11:39:22,2,2,0,직매입,N,,,,85090,77355,7735,170180,0,N
143622048,일반,거래처확인요청,17579394,보아르 딥슬립클링 UV살균 듀얼진동 침구청소기 딥슬립클링 VCL-021WH,8809487309956,오아 주식회사,2026-09-30,2026-09-29 11:39:22,5,5,0,직매입,N,,,,33366,30333,3033,166830,0,N
143622048,일반,거래처확인요청,14488275,보아르 워터스핀B1 무선 물걸레 청소기 VCL-014WH,8809487309154,오아 주식회사,2026-09-30,2026-09-29 11:39:22,2,2,0,직매입,N,,,,43416,39469,3947,86832,0,N
143622048,일반,거래처확인요청,17579662,보아르 포스 D12 미니 진공 핸디 무선 청소기 + 3종 브러시 VCL-022BK,8809822420063,오아 주식회사,2026-09-30,2026-09-29 11:39:22,1,1,0,직매입,N,,,,65660,59691,5969,65660,0,N
143622043,일반,거래처확인요청,11291291,보아르 모아M1000 필터,8809487306139,오아 주식회사,2026-09-30,2026-09-29 11:39:22,1,1,0,직매입,N,,,,8978,8162,816,8978,0,N
143622043,일반,거래처확인요청,12143584,"보아르 휘겔리 공기청정기 완전필터 시리즈 스탠다드 프리미엄 펫팸 필터, 펫팸 필터 E0151",8809487307419,오아 주식회사,2026-09-30,2026-09-29 11:39:22,1,1,0,직매입,N,,,,12998,11816,1182,12998,0,N
143622043,일반,거래처확인요청,11192165,보아르 클린에어 공기청정기 교체용 필터,8809487306658,오아 주식회사,2026-09-30,2026-09-29 11:39:22,1,1,0,직매입,N,,,,16348,14862,1486,16348,0,N
143622043,일반,거래처확인요청,10324264,오아 퓨어미니 공기청정기,8809487306146,오아 주식회사,2026-09-30,2026-09-29 11:39:22,2,2,0,직매입,N,,,,23316,21196,2120,46632,0,N
143622042,일반,거래처확인요청,14218803,오아 클린이베어 어린이 음파 전동칫솔 핑크,8809487308492,오아 주식회사,2026-09-30,2026-09-29 11:39:22,4,4,0,직매입,N,,,,16281,14801,1480,65124,0,N
143622042,일반,거래처확인요청,14218802,오아 클린이베어 어린이 음파 전동칫솔 블루,8809487308485,오아 주식회사,2026-09-30,2026-09-29 11:39:22,3,3,0,직매입,N,,,,16281,14801,1480,48843,0,N
143622034,일반,거래처확인요청,14299890,오아 다리360 안마기 다리 종아리 발목 발 마사지기,8809487308577,오아 주식회사,2026-09-30,2026-09-29 11:39:22,1,1,0,직매입,N,,,,118590,107809,10781,118590,0,N
143608071,일반,발주확정,40185196,오아 클린프로BLDC 멀티 에어건 무선 차량용 청소기 블랙 OCL-038BK,8809822424283,오아 주식회사,2026-09-30,2026-09-29 09:39:39,2,2,0,직매입,N,,,,48500,44091,4409,97000,0,N
143608068,일반,거래처확인요청,80514566,삼대오백 에센셜 트라이탄 쉐이커 보틀 클라우드블루 1개 600ml,8800367921343,오아 주식회사,2026-09-30,2026-09-29 09:39:39,2,2,0,직매입,N,,,,8940,8127,813,17880,0,N
143608068,일반,거래처확인요청,80514213,삼대오백 에센셜 트라이탄 쉐이커 보틀 세이지그린 1개 600ml,8800367921336,오아 주식회사,2026-09-30,2026-09-29 09:39:39,2,2,0,직매입,N,,,,8940,8127,813,17880,0,N
143608067,일반,발주확정,69279032,오아 젤디스펜서 주방세제 젤타입 물비누 핸드워시 손세정기 실버 1개,8809822428618,오아 주식회사,2026-09-30,2026-09-29 09:39:39,1,1,0,직매입,N,,,,31296,28451,2845,31296,0,N
143608067,일반,발주확정,63346456,보아르 컴플릿 10L 자동 센서 쓰레기통 냄새차단 베이지 220x150x340mm,8809822427246,오아 주식회사,2026-09-30,2026-09-29 09:39:39,2,2,0,직매입,N,,,,21123,19203,1920,42246,0,N
143608067,일반,발주확정,71030052,오아 데이클락 LED 벽시계 온습도 무소음 디지털 벽걸이 시계 거실 사무실 인테리어 데이클락 M01628 베이지,8809822428540,오아 주식회사,2026-09-30,2026-09-29 09:39:39,10,0,0,직매입,N,,,,50853,46230,4623,508530,0,N
143608067,일반,발주확정,16303007,오아 충전식 LED 무선 무드센서등,8809487309222,오아 주식회사,2026-09-30,2026-09-29 09:39:39,2,0,0,직매입,N,,,,13897,12634,1263,27794,0,N
143585150,일반,발주확정,69040158,오아 퀵롤차저 65W GaN C타입 케이블 일체형 초고속 2포트 멀티 고속 휴대폰 충전기 BLACK 1개,8809822429493,오아 주식회사,2026-09-30,2026-09-29 08:46:41,10,0,0,직매입,N,,,,15276,13887,1389,152760,0,N
143585150,일반,발주확정,27011098,오아 볼륨 컬링 티타늄 이지봉고데기 화이트 OHA-012WH,8809822421411,오아 주식회사,2026-09-30,2026-09-29 08:46:41,30,30,0,직매입,N,,,,26666,24242,2424,799980,0,N
143585150,일반,발주확정,50723598,보아르 슈즈쏙 신발 건조기 휴대용 운동화 소독 살균 관리 냄새제거,8809822425341,오아 주식회사,2026-09-30,2026-09-29 08:46:41,245,0,0,직매입,N,,,,26733,24303,2430,6549585,0,N
143585150,일반,발주확정,73461995,오아 클린이워터J2 휴대용 구강세정기 무선 물치실 포그밀크 OORL-020FM,8809822429516,오아 주식회사,2026-09-30,2026-09-29 08:46:41,119,100,0,직매입,N,,,,20033,18212,1821,2383927,0,N
143585150,일반,발주확정,31743599,오아 미니 턴테이블 무선 블루투스 스피커 화이트 OSD-002WH,8809822422111,오아 주식회사,2026-09-30,2026-09-29 08:46:41,14,0,0,직매입,N,,,,20033,18212,1821,280462,0,N
143585150,일반,발주확정,47936724,오아 에어리소닉 BLDC 항공모터 고속 초경량 헤어 드라이기 핑크 OHA-032PK,8809822425136,오아 주식회사,2026-09-30,2026-09-29 08:46:41,106,0,0,직매입,N,,,,43416,39469,3947,4602096,0,N
143585150,일반,발주확정,74884452,보아르 모노 반자동 커피머신 20bar 에스프레소 라떼 홈카페 화이트 VCMK-003WH,8809822429462,오아 주식회사,2026-09-30,2026-09-29 08:46:41,7,0,0,직매입,N,,,,82110,74645,7465,574770,0,N
143585150,일반,발주확정,27056005,보아르 워시스핀C 무선 충전식 욕실 청소기 VCL-031WH,8809822421923,오아 주식회사,2026-09-30,2026-09-29 08:46:41,12,0,0,직매입,N,,,,16616,15105,1511,199392,0,N
143585117,일반,거래처확인요청,65376152,삼대오백 EAA 알로에맛 700g 1개,8809822428328,오아 주식회사,2026-09-30,2026-09-29 08:46:41,24,24,0,직매입,N,,,,40885,37168,3717,981240,0,N
143585105,일반,발주확정,15004955,"오아 타프 실링팬 캠핑용 천장형 BLDC 무선 선풍기, OFN-037WH, 화이트",8809487309284,오아 주식회사,2026-09-30,2026-09-29 08:46:41,21,21,0,직매입,N,,,,23316,21196,2120,489636,0,N
143585095,일반,발주확정,11671481,"오아 클린이 소프트 자동 압력센서 음파 전동칫솔, 화이트",8809487307242,오아 주식회사,2026-09-30,2026-09-29 08:46:41,72,0,0,직매입,N,,,,24656,22415,2241,1775232,0,N
143585095,일반,발주확정,13473750,오아 클린이워터F 대용량 1L 구강 세정 세척기,8809487308263,오아 주식회사,2026-09-30,2026-09-29 08:46:41,49,49,0,직매입,N,,,,33366,30333,3033,1634934,0,N
143585095,일반,발주확정,14134779,오아 클린이 소프트 시리즈 전용 미세모 리필 칫솔모 화이트 4ea,8809487308775,오아 주식회사,2026-09-30,2026-09-29 08:46:41,160,160,0,직매입,N,,,,7638,6944,694,1222080,0,N
143585095,일반,발주확정,12434130,오아 클린이소프트 전용 프리미엄 리필 칫솔모 블랙 4ea,8809487307815,오아 주식회사,2026-09-30,2026-09-29 08:46:41,880,200,0,직매입,N,,,,5963,5421,542,5247440,0,N
143585095,일반,발주확정,11671480,"오아 클린이 소프트 전용 리필 칫솔모, VO-ET034, 화이트 4ea",8809487307235,오아 주식회사,2026-09-30,2026-09-29 08:46:41,1200,0,0,직매입,N,,,,5963,5421,542,7155600,0,N
143585042,일반,발주확정,4152608,오아 아이브릭 블루투스 스피커 OA-IBRICK 골든우드,8809487303282,오아 주식회사,2026-09-30,2026-09-29 08:46:41,24,0,0,직매입,N,,,,16616,15105,1511,398784,0,N
143585042,일반,발주확정,64214259,오아 히트스팟S 미니 손목 무선 EMS 저주파 온열 마사지기 블랙 OMSG-025BK,8809822427666,오아 주식회사,2026-09-30,2026-09-29 08:46:41,24,0,0,직매입,N,,,,32093,29175,2918,770232,0,N
143585042,일반,발주확정,4152606,오아 아이브릭 블루투스 스피커 OA-IBRICK 딥우드,8809487303275,오아 주식회사,2026-09-30,2026-09-29 08:46:41,240,0,0,직매입,N,,,,16616,15105,1511,3987840,0,N
143585042,일반,발주확정,38312169,오아 뿌리 볼륨 고데기 미니 앞머리 휴대용 뽕 매직기,8809822422906,오아 주식회사,2026-09-30,2026-09-29 08:46:41,96,0,0,직매입,N,,,,23316,21196,2120,2238336,0,N
143585042,일반,발주확정,70251147,보아르 이지업 텀블렌더 대용량 휴대용 믹서기 무선 과일 블렌더 VBLD-005IV,8809822428625,오아 주식회사,2026-09-30,2026-09-29 08:46:41,15,15,0,직매입,N,,,,30083,27348,2735,451245,0,N
143585042,일반,발주확정,75741354,오아 에어리소닉 BLDC 항공모터 고속 초경량 헤어 드라이기 1600W 화이트 OHA-032WH,8800367920285,오아 주식회사,2026-09-30,2026-09-29 08:46:41,73,0,0,직매입,N,,,,43416,39469,3947,3169368,0,N
143585042,일반,발주확정,66357977,오아 소닉플로우 BLDC 항공모터 고속 초경량 헤어 드라이기 1800W 베이지 ODRY-007BE,8809822427970,오아 주식회사,2026-09-30,2026-09-29 08:46:41,91,0,0,직매입,N,,,,33433,30394,3039,3042403,0,N
143585042,일반,발주확정,74685916,오아 클린이워터J3 휴대용 무선 충전 구강세정기 물치실 치아세정기 포그밀크 OORL-022FM,8809822429660,오아 주식회사,2026-09-30,2026-09-29 08:46:41,7,0,0,직매입,N,,,,33433,30394,3039,234031,0,N
143585042,일반,발주확정,26426530,오아 슬리머 안마기 쿠션형 마사지기-베이지,8809487307655,오아 주식회사,2026-09-30,2026-09-29 08:46:41,110,0,0,직매입,N,,,,21976,19978,1998,2417360,0,N
143585042,일반,발주확정,56183402,오아 듀얼 히팅 뷰러 속눈썹 고데기 화이트 OHEC-001WH,8809822425877,오아 주식회사,2026-09-30,2026-09-29 08:46:41,63,63,0,직매입,N,,,,18693,16994,1699,1177659,0,N
143585042,일반,발주확정,56896464,보아르 이지 전기포트 C 휴대용 접이식 여행용 올스텐 무선 커피포트,8809822429936,오아 주식회사,2026-09-30,2026-09-29 08:46:41,72,0,0,직매입,N,,,,38793,35266,3527,2793096,0,N
143585042,일반,발주확정,64287980,오아 퀵듀오 고속 충전 8핀 일체형 C타입 보조배터리 10000mAh 멀티단자 베이지 OBAT-001BE,8809822427307,오아 주식회사,2026-09-30,2026-09-29 08:46:41,3,0,0,직매입,N,,,,23383,21257,2126,70149,0,N
143585042,일반,발주확정,13959023,오아 티타늄 웨이브 펌 프리볼트 물결 고데기,8809487307877,오아 주식회사,2026-09-30,2026-09-29 08:46:41,80,0,0,직매입,N,,,,26666,24242,2424,2133280,0,N
143585042,일반,발주확정,18928667,오아 클린이퓨어PRO 바람건조 고온히팅 휴대용 유선 무선 겸용 칫솔살균기 UVC LED 자외선 살균 건조기 OTS-004WH 화이트 OTS-004WH,8809822420087,오아 주식회사,2026-09-30,2026-09-29 08:46:41,113,0,0,직매입,N,,,,15946,14496,1450,1801898,0,N
143585042,일반,발주확정,10974363,"오아 셀카프로 짐벌 블루투스 스마트폰 셀카봉 삼각대 OA-SS800, 블랙",8809487306672,오아 주식회사,2026-09-30,2026-09-29 08:46:41,4,0,0,직매입,N,,,,33299,30272,3027,133196,0,N
143585042,일반,발주확정,69039778,오아 소닉플로우 BLDC 항공모터 고속 초경량 헤어 드라이기 1800W 그레이 ODRY-007GR,8809822428816,오아 주식회사,2026-09-30,2026-09-29 08:46:41,32,0,0,직매입,N,,,,33433,30394,3039,1069856,0,N
143585042,일반,발주확정,62385013,보아르 보틀 휴대용 분유 무선 보온 여행용 전기 포트기 VBNM-003WH,8809822426973,오아 주식회사,2026-09-30,2026-09-29 08:46:41,26,0,0,직매입,N,,,,58960,53600,5360,1532960,0,N
143585042,일반,발주확정,65566244,보아르 듀이아쿠아 자연기화식 가습기 대용량 8L 자동건조 UV살균 자동습도조절 통세척,8809822427826,오아 주식회사,2026-09-30,2026-09-29 08:46:41,10,0,0,직매입,N,,,,106530,96845,9685,1065300,0,N
143585042,일반,발주확정,62375802,오아 클린이스윙 좌우 회전 LCD 음파 전동 칫솔 화이트 1개 OETB-007WH,8809822427109,오아 주식회사,2026-09-30,2026-09-29 08:46:41,18,0,0,직매입,N,,,,26733,24303,2430,481194,0,N
143585042,일반,발주확정,69039437,오아 소닉플로우 BLDC 항공모터 고속 초경량 헤어 드라이기 1800W 핑크 ODRY-007PK,8809822428823,오아 주식회사,2026-09-30,2026-09-29 08:46:41,32,32,0,직매입,N,,,,33433,30394,3039,1069856,0,N
143585042,일반,발주확정,39376011,오아 폴드A 3in1 접이식 무선충전기 안드로이드 갤럭시 휴대용 고속 충전 거치대 버즈 갤럭시워치 호환 화이트 1개,8809822423002,오아 주식회사,2026-09-30,2026-09-29 08:46:41,5,5,0,직매입,N,,,,19966,18151,1815,99830,0,N
143585042,일반,발주확정,73226633,오아 오마컬 봉고데기 40mm 웨이브 고데기 아이롱 헤어 볼륨 프리볼트 고대기 핑크 OSTR-011PK,8809822429356,오아 주식회사,2026-09-30,2026-09-29 08:46:41,22,0,0,직매입,N,,,,30083,27348,2735,661826,0,N
143585042,일반,발주확정,68466892,오아 퀵롤차저 65W GaN C타입 케이블 일체형 초고속 2포트 멀티 고속 핸드폰 충전기 화이트1개,8809822428649,오아 주식회사,2026-09-30,2026-09-29 08:46:41,47,0,0,직매입,N,,,,15276,13887,1389,717972,0,N
143585042,일반,발주확정,40852278,오아 플렌티 플렛 4L 자동습도조절 접이식 대용량 초음파 가습기 OHM-076WH,8809822423989,오아 주식회사,2026-09-30,2026-09-29 08:46:41,64,0,0,직매입,N,,,,40066,36424,3642,2564224,0,N
143585042,일반,발주확정,62378988,오아 클린이스윙 좌우 회전 LCD 음파 전동 칫솔 블랙 1개 OETB-007BK,8809822427116,오아 주식회사,2026-09-30,2026-09-29 08:46:41,12,0,0,직매입,N,,,,26733,24303,2430,320796,0,N
143585042,일반,발주확정,74693807,보아르 이지 전기포트 M1 접이식 분유포트 휴대용 미니 여행용 프리볼트 온도조절 커피포트 그레이 VPEP-006GL,8809822429851,오아 주식회사,2026-09-30,2026-09-29 08:46:41,94,0,0,직매입,N,,,,34362,31238,3124,3230028,0,N
143585042,일반,발주확정,46727700,보아르 다이닝 스텐 멀티찜기 VMC-002IV,8809822424474,오아 주식회사,2026-09-30,2026-09-29 08:46:41,6,0,0,직매입,N,,,,51590,46900,4690,309540,0,N
143585042,일반,발주확정,42913903,오아 클래식 LP플레이어 턴테이블 블루투스 스피커 OSD-007WH,8809822424511,오아 주식회사,2026-09-30,2026-09-29 08:46:41,16,0,0,직매입,N,,,,43416,39469,3947,694656,0,N
143585042,일반,발주확정,43252471,오아 무선 온열 바디케어 전신 목 어깨 허리 종아리 휴대용 쿠션 안마기 OMS-031BE,8809822424535,오아 주식회사,2026-09-30,2026-09-29 08:46:41,26,0,0,직매입,N,,,,32026,29115,2911,832676,0,N
143585042,일반,발주확정,5332788,오아접이식블루투스키보드-블랙,8809487300045,오아 주식회사,2026-09-30,2026-09-29 08:46:41,40,0,0,직매입,N,,,,25326,23024,2302,1013040,0,N
143585042,일반,발주확정,55357095,오아 클린이포터블 휴대용 접이식 무선 구강세정기 화이트 OORL-013WH,8809822425754,오아 주식회사,2026-09-30,2026-09-29 08:46:41,60,60,0,직매입,N,,,,26666,24242,2424,1599960,0,N
143585042,일반,발주확정,68938743,오아 프리온 무선 미니 배터리 분리 기내반입 세라믹 고데기 핑크 OSTR-013PK,8809822428519,오아 주식회사,2026-09-30,2026-09-29 08:46:41,63,0,0,직매입,N,,,,33433,30394,3039,2106279,0,N
143585042,일반,발주확정,50326931,오아 오토 고데기 자동 회전 봉 고대기 40mm 퍼플 OHA-034PU,8809822425044,오아 주식회사,2026-09-30,2026-09-29 08:46:41,36,0,0,직매입,N,,,,36046,32769,3277,1297656,0,N
143585042,일반,발주확정,50725354,오아 어깨 찜질기 온열 전기 목 등 찜질 찜질팩 온열기 딥그레이 OMS-033DG,8809822425327,오아 주식회사,2026-09-30,2026-09-29 08:46:41,20,0,0,직매입,N,,,,32026,29115,2911,640520,0,N
143585042,일반,발주확정,64778162,오아 베이직 휴대용 미니 헤어 뿌리 볼륨 빗고데기 베이지 OSTR-002BE1,8809822429523,오아 주식회사,2026-09-30,2026-09-29 08:46:41,20,0,0,직매입,N,,,,20033,18212,1821,400660,0,N
143585042,일반,발주확정,18291047,보아르 아가맘마 보틀워머 젖병 살균기 모유 분유 이유식 해동 중탕기,8809487309727,오아 주식회사,2026-09-30,2026-09-29 08:46:41,32,32,0,직매입,N,,,,38726,35205,3521,1239232,0,N
143585042,일반,발주확정,62499786,오아 PD35 고용량 4000W 콘센트 USB C타입 충전 3구 큐브 멀티탭 베이지 1개,8809822427147,오아 주식회사,2026-09-30,2026-09-29 08:46:41,2,0,0,직매입,N,,,,22043,20039,2004,44086,0,N
143585042,일반,발주확정,51016959,오아 접이식 블루투스 무선 접이식 키보드 메탈그레이 OA-KB100MG,8809822425358,오아 주식회사,2026-09-30,2026-09-29 08:46:41,83,83,0,직매입,N,,,,25326,23024,2302,2102058,0,N
143585042,일반,발주확정,66546178,오아 폴딩풋스파 접이식 가정용 족탕기 화이트 OFBA-001WH,8809822428021,오아 주식회사,2026-09-30,2026-09-29 08:46:41,12,0,0,직매입,N,,,,36716,33378,3338,440592,0,N
143585042,일반,발주확정,69096296,오아 클린이퓨어 PRO 휴대용 UV 칫솔 소독 살균기 코튼핑크 OTS-004CP,8809822429257,오아 주식회사,2026-09-30,2026-09-29 08:46:41,45,0,0,직매입,N,,,,15946,14496,1450,717570,0,N
143585042,일반,발주확정,69096297,오아 클린이퓨어 PRO 휴대용 UV 칫솔 소독 살균기 클라우디블루 OTS-004CB,8809822429264,오아 주식회사,2026-09-30,2026-09-29 08:46:41,16,0,0,직매입,N,,,,15946,14496,1450,255136,0,N
143585042,일반,발주확정,51989601,오아 클린이워터B D F Z 전용 5종 팁세트 1세트 OET-067-OROWH,8809487308317,오아 주식회사,2026-09-30,2026-09-29 08:46:41,42,0,0,직매입,N,,,,5963,5421,542,250446,0,N
143585042,일반,발주확정,59932138,보아르 이지 텀블렌더 휴대용 미니 믹서기 텀블러 무선 소형 블렌더 VBLD-003IV,8809822426744,오아 주식회사,2026-09-30,2026-09-29 08:46:41,25,0,0,직매입,N,,,,24723,22475,2248,618075,0,N
143585042,일반,발주확정,69772625,오아 클린이워터B-UV 휴대용 구강세정기 물치실 IPX7 방수 치아세정기 클라우디블루 OORL-018CB,8809822428731,오아 주식회사,2026-09-30,2026-09-29 08:46:41,48,0,0,직매입,N,,,,29413,26739,2674,1411824,0,N
143585042,일반,발주확정,69772627,오아 클린이워터B-UV 휴대용 구강세정기 물치실 IPX7 방수 치아세정기 차콜스톤 OORL-018CS,8809822428748,오아 주식회사,2026-09-30,2026-09-29 08:46:41,45,45,0,직매입,N,,,,29413,26739,2674,1323585,0,N
143585042,일반,발주확정,68253037,오아 BLDC 헤어 드라이기 미니 블루 ODRY-008BL 1100W + 파우치,8809822428502,오아 주식회사,2026-09-30,2026-09-29 08:46:41,39,39,0,직매입,N,,,,30083,27348,2735,1173237,0,N
143585042,일반,발주확정,69772629,오아 클린이워터B-UV 휴대용 구강세정기 물치실 IPX7 방수 치아세정기 포그밀크 OORL-018FM,8809822428724,오아 주식회사,2026-09-30,2026-09-29 08:46:41,194,194,0,직매입,N,,,,29413,26739,2674,5706122,0,N
143585042,일반,발주확정,78907466,오아 클린이스쿨 IPX8 좌우회전 어린이 음파 전동 칫솔 코튼핑크 1개 OETB-010CP,8800367920469,오아 주식회사,2026-09-30,2026-09-29 08:46:41,7,0,0,직매입,N,,,,27531,25028,2503,192717,0,N
143585042,일반,발주확정,44916947,오아 바디건 OMS-034BE,8809822424863,오아 주식회사,2026-09-30,2026-09-29 08:46:41,35,0,0,직매입,N,,,,22713,20648,2065,794955,0,N
143585042,일반,발주확정,59056260,보아르 폴더블 휴대용 접이식 프리볼트 여행용 전기포트 VPEP-004WH,8809822426270,오아 주식회사,2026-09-30,2026-09-29 08:46:41,62,0,0,직매입,N,,,,26733,24303,2430,1657446,0,N
143539908,일반,발주확정,77631005,온살 비타민 퓨어 씨 데일리 앰플 20ml 1개,8800367920551,오아 주식회사,2026-09-29,2026-09-28 16:55:17,100,100,0,직매입,N,,20260723,20271015,6000,5455,545,600000,0,N
143491570,일반,발주확정,32711387,오아 클린이소프트 시리즈 전용 리필 미세모 블랙 2P 1개 OET-078-OTOBK,8809487308768,오아 주식회사,2026-09-29,2026-09-28 12:15:18,7,7,0,직매입,N,,,,4020,3655,365,28140,0,N
143491570,일반,발주확정,37034524,오아 스트레칭 마사지기 전신 목 어깨 허리 안마기 에어 안마 매트,8809822422814,오아 주식회사,2026-09-29,2026-09-28 12:15:18,15,15,0,직매입,N,,,,118590,107809,10781,1778850,0,N
143491570,일반,발주확정,34320928,오아 라운드 미니 탁상용 무선 휴대용 USB BLDC 선풍기 화이트,8809822422401,오아 주식회사,2026-09-29,2026-09-28 12:15:18,5,5,0,직매입,N,,,,16013,14557,1456,80065,0,N
143491570,일반,발주확정,36608029,오아 아이템플 OMS-025WH,8809822423187,오아 주식회사,2026-09-29,2026-09-28 12:15:18,2,2,0,직매입,N,,,,46230,42027,4203,92460,0,N
143491570,일반,발주확정,63742200,보아르 아가온 분유포트 3000ml 대용량 보온 원터치 출수 분리형 물통 VBNM-002WH,8809822427123,오아 주식회사,2026-09-29,2026-09-28 12:15:18,15,15,0,직매입,N,,,,86430,78573,7857,1296450,0,N
143491570,일반,발주확정,22119013,보아르 워시 B 핸디 살균 스팀 청소기,8809822420803,오아 주식회사,2026-09-29,2026-09-28 12:15:18,2,2,0,직매입,N,,,,64923,59021,5902,129846,0,N
143491570,일반,발주확정,72683872,보아르 워터클링 패브릭 쇼파 무선 습식 청소기 화이트 VCVC-022WH,8809822429974,오아 주식회사,2026-09-29,2026-09-28 12:15:18,7,7,0,직매입,N,,,,99160,90145,9015,694120,0,N
143491570,일반,발주확정,38183281,오아 넥스트레쳐 목 마사지기 거북목 스트레칭 EMS 저주파 안마기 OMS-026BE,8809822423330,오아 주식회사,2026-09-29,2026-09-28 12:15:18,6,6,0,직매입,N,,,,26666,24242,2424,159996,0,N
143491570,일반,발주확정,40771157,보아르 아가맘마 통유리 보온 퓨어 분유포트,8809822423934,오아 주식회사,2026-09-29,2026-09-28 12:15:18,18,18,0,직매입,N,,,,46230,42027,4203,832140,0,N
143491570,일반,발주확정,12263163,오아 데일리 고데기 판 볼륨 앞머리 프리볼트 매직기,8809487307372,오아 주식회사,2026-09-29,2026-09-28 12:15:18,41,41,0,직매입,N,,,,33366,30333,3033,1368006,0,N
143491570,일반,발주확정,34464589,오아 라운드PRO 무선 스탠드 선풍기 써큘레이터 리모컨 공기순환기 베이지 OFN-045BE,8809822422418,오아 주식회사,2026-09-29,2026-09-28 12:15:18,2,2,0,직매입,N,,,,86430,78573,7857,172860,0,N
143491570,일반,발주확정,35137369,오아 라운드 멀티팬 휴대용 미니 소형 문어발 탁상용 아기 유모차 선풍기,8809822422647,오아 주식회사,2026-09-29,2026-09-28 12:15:18,4,4,0,직매입,N,,,,17112,15556,1556,68448,0,N
143491570,일반,발주확정,50012601,오아 퓨어필워터 휴대용 무선 구강세정기 화이트 OOR-014WH,8809822423460,오아 주식회사,2026-09-29,2026-09-28 12:15:18,31,31,0,직매입,N,,,,24656,22415,2241,764336,0,N
143491570,일반,발주확정,67627331,오아 웨이스트레쳐 무선 EMS 저주파 등 허리 마사지기 스트레칭 온열 찜질 안마기 베이지 OMSG-020BE,8809822428076,오아 주식회사,2026-09-29,2026-09-28 12:15:18,2,2,0,직매입,N,,,,36716,33378,3338,73432,0,N
143491570,일반,발주확정,38310913,오아 폴드I 3in1 접이식 무선충전기 애플 아이폰 휴대용 고속 충전 에어팟 애플워치 호환,8809822422999,오아 주식회사,2026-09-29,2026-09-28 12:15:18,3,3,0,직매입,N,,,,19966,18151,1815,59898,0,N
143491570,일반,발주확정,11670520,오아 히팅마스크 피부 관리기 마사지기 얼굴 마스크 시트 팩 뷰티디바이스 피부미용기기 피부홈케어,8809487307266,오아 주식회사,2026-09-29,2026-09-28 12:15:18,1,1,0,직매입,N,,,,23316,21196,2120,23316,0,N
143491570,일반,발주확정,39239709,오아 무선 에어건S 초강력 미니 먼지제거 청소기 OCL-033WH,8809822423811,오아 주식회사,2026-09-29,2026-09-28 12:15:18,6,6,0,직매입,N,,,,44756,40687,4069,268536,0,N
143491570,일반,발주확정,60133592,오아 다리마사지기 온열 종아리 발 안마기 네이비 OMSG-019,8809822426720,오아 주식회사,2026-09-29,2026-09-28 12:15:18,9,9,0,직매입,N,,,,46766,42515,4251,420894,0,N
143491570,일반,발주확정,64212381,오아 오토 헤어 웨이브 자동 롤러 볼륨 고데기 36mm 블루 OSTR-003BL,8809822427574,오아 주식회사,2026-09-29,2026-09-28 12:15:18,11,0,0,직매입,N,,,,36783,33439,3344,404613,0,N
143491570,일반,발주확정,61929727,보아르 아가쑥쑥 분유 쉐이커 무선 전동 보온 휴대용 자동 VBTW-002WH,8809822426935,오아 주식회사,2026-09-29,2026-09-28 12:15:18,38,38,0,직매입,N,,,,30083,27348,2735,1143154,0,N
143491570,일반,발주확정,63396496,보아르 하티클링 침구 청소기 듀얼 브러시 열풍 UV 살균 패브릭 쇼파 침대 화이트 VBVC-005WH,8809822427314,오아 주식회사,2026-09-29,2026-09-28 12:15:18,10,0,0,직매입,N,,,,93130,84664,8466,931300,0,N
143491570,일반,발주확정,66778787,오아 미니핏 휴대용 고데기베이지 OSTR-008BE,8809822428113,오아 주식회사,2026-09-29,2026-09-28 12:15:18,12,12,0,직매입,N,,,,17353,15775,1578,208236,0,N
143491570,일반,발주확정,39030281,오아 아기 신생아 체중계 디지털 전자 유아 체중계 키 측정,8809822423644,오아 주식회사,2026-09-29,2026-09-28 12:15:18,29,29,0,직매입,N,,,,26666,24242,2424,773314,0,N
143491570,일반,발주확정,77463489,오아 에어스트레이트 2in1 헤어스타일러 항공모터 드라이기 음이온 고데기 핑크 ODRY-012PK,8800367920544,오아 주식회사,2026-09-29,2026-09-28 12:15:18,23,23,0,직매입,N,,,,102810,93464,9346,2364630,0,N
143491570,일반,발주확정,66358440,오아 히트워머 무선 온열 허리 찜질기 복부 배 마사지기 OMTM-004PK 핑크,8809822428069,오아 주식회사,2026-09-29,2026-09-28 12:15:18,13,13,0,직매입,N,,,,21976,19978,1998,285688,0,N
143491570,일반,발주확정,50154913,보아르 스위프클링 살균 핸디 침구 매트리스 침대 청소기 화이트 VCL-034WH,8809822424986,오아 주식회사,2026-09-29,2026-09-28 12:15:18,6,6,0,직매입,N,,,,32026,29115,2911,192156,0,N
143491570,일반,발주확정,12481760,보아르 에이블나인 가정용 캠핑용 자동세척 급속 제빙기 실버,8809487307600,오아 주식회사,2026-09-29,2026-09-28 12:15:18,2,2,0,직매입,N,,,,95910,87191,8719,191820,0,N
143491570,일반,발주확정,66778788,오아 미니핏 휴대용 고데기 블루 OSTR-008BL,8809822428120,오아 주식회사,2026-09-29,2026-09-28 12:15:18,9,9,0,직매입,N,,,,17353,15775,1578,156177,0,N
143491570,일반,발주확정,71291488,오아 베이직 5엽 날개 키높이 스탠드 선풍기 OSFN-001SC,8809822429608,오아 주식회사,2026-09-29,2026-09-28 12:15:18,10,10,0,직매입,N,,,,27531,25028,2503,275310,0,N
143491570,일반,발주확정,77463490,오아 에어스트레이트 2in1 헤어스타일러 항공모터 드라이기 음이온 고데기 베이지 ODRY-012BE,8800367920537,오아 주식회사,2026-09-29,2026-09-28 12:15:18,12,12,0,직매입,N,,,,102810,93464,9346,1233720,0,N
143491570,일반,발주확정,66778789,오아 미니핏 휴대용 고데기 핑크 OSTR-008PK,8809822428106,오아 주식회사,2026-09-29,2026-09-28 12:15:18,4,4,0,직매입,N,,,,17353,15775,1578,69412,0,N
143491570,일반,발주확정,12481759,보아르 에이블나인 가정용 캠핑용 자동세척 급속 제빙기 블랙,8809487307594,오아 주식회사,2026-09-29,2026-09-28 12:15:18,1,1,0,직매입,N,,,,95910,87191,8719,95910,0,N
143491570,일반,발주확정,62421723,오아 휴대용 탭탭 무선 미니 블루투스 스피커 BUTTER YELLOW OSPK-005YE,8809822426966,오아 주식회사,2026-09-29,2026-09-28 12:15:18,1,1,0,직매입,N,,,,15343,13948,1395,15343,0,N
143491570,일반,발주확정,67891311,오아 온열찜질기W 허리 배 어깨 복부 무릎 전기 찜질팩 베이지 OMTM-003BE,8809822428137,오아 주식회사,2026-09-29,2026-09-28 12:15:18,26,0,0,직매입,N,,,,26733,24303,2430,695058,0,N
143491570,일반,발주확정,12757668,오아 디지털 LED 체중계 몸무게 전자 저울 측정기,8809487307747,오아 주식회사,2026-09-29,2026-09-28 12:15:18,2,2,0,직매입,N,,,,13266,12060,1206,26532,0,N
143491570,일반,발주확정,73975553,오아 워터쉴드 크로스 다용도 수납 에어쿠션 스마트폰 방수팩 어비스블랙 1개,8800367920209,오아 주식회사,2026-09-29,2026-09-28 12:15:18,2,2,0,직매입,N,,,,10212,9284,928,20424,0,N
143491570,일반,발주확정,58610450,오아 에어링 무선 탁상용 미니 선풍기 USB 저소음 아이보리 OMFN-004IV,8809822426621,오아 주식회사,2026-09-29,2026-09-28 12:15:18,2,2,0,직매입,N,,,,26666,24242,2424,53332,0,N
143491570,일반,발주확정,64778161,오아 베이직 휴대용 미니 헤어 뿌리 볼륨 빗고데기 블루 OSTR-002BL1,8809822429530,오아 주식회사,2026-09-29,2026-09-28 12:15:18,35,35,0,직매입,N,,,,20033,18212,1821,701155,0,N
143491570,일반,발주확정,64778162,오아 베이직 휴대용 미니 헤어 뿌리 볼륨 빗고데기 베이지 OSTR-002BE1,8809822429523,오아 주식회사,2026-09-29,2026-09-28 12:15:18,2,0,0,직매입,N,,,,20033,18212,1821,40066,0,N
143491570,일반,발주확정,34330469,오아 라운드 핸디팬 무선 휴대용 USB 초경량 미니 손 선풍기 베이지 OFN-046BE,8809822422357,오아 주식회사,2026-09-29,2026-09-28 12:15:18,4,4,0,직매입,N,,,,11256,10233,1023,45024,0,N
143491570,일반,발주확정,40501253,보아르 컴포트클링 무선 UV 살균 침구청소기 아이보리 VCL-035IV,8809822424016,오아 주식회사,2026-09-29,2026-09-28 12:15:18,1,1,0,직매입,N,,,,73030,66391,6639,73030,0,N
143491570,일반,발주확정,43431417,오아 퀵차지 PD/QC 3.0 고속충전 대용량 보조배터리 10000mAh 화이트 OBA-032WH,8809822424320,오아 주식회사,2026-09-29,2026-09-28 12:15:18,2,2,0,직매입,N,,,,18626,16933,1693,37252,0,N
143491570,일반,발주확정,55462718,오아 슬림에어 BLDC 헤어 고속 미니 드라이어 블랙 ODRY-002BK,8809822425785,오아 주식회사,2026-09-29,2026-09-28 12:15:18,6,6,0,직매입,N,,,,39396,35815,3581,236376,0,N
143491570,일반,발주확정,50709616,오아 에어 핸드 손 마사지기 무선 온열 손목 안마기 화이트 OMSG-009WH,8809822425297,오아 주식회사,2026-09-29,2026-09-28 12:15:18,7,7,0,직매입,N,,,,58893,53539,5354,412251,0,N
143491570,일반,발주확정,42051062,보아르 스테인리스 304 다이닝 토스트기 VDT-001IV,8809822424498,오아 주식회사,2026-09-29,2026-09-28 12:15:18,13,13,0,직매입,N,,,,40133,36485,3648,521729,0,N
143491570,일반,발주확정,52211558,오아 투게더 헤드폰 무선 블루투스 노이즈캔슬링 접이식 헤드셋 아이보리 OEAP-002IV,8809822425457,오아 주식회사,2026-09-29,2026-09-28 12:15:18,3,3,0,직매입,N,,,,21976,19978,1998,65928,0,N
143491570,일반,발주확정,13373616,오아 디지털 LED 스마트 인바디 체지방 체중계 몸무게 전자 저울 측정기,8809487307730,오아 주식회사,2026-09-29,2026-09-28 12:15:18,16,0,0,직매입,N,,,,16616,15105,1511,265856,0,N
143491570,일반,발주확정,66417803,보아르 듀얼 히팅 에어프라이어8L 대용량 상하열선 투명 바스켓 에어프라이기 그릴 오븐형 에어후라이기 블랙 VAFR-004BK,8809822427796,오아 주식회사,2026-09-29,2026-09-28 12:15:18,3,3,0,직매입,N,,,,79730,72482,7248,239190,0,N
143491570,일반,발주확정,75077119,보아르 슈트쏙 미니 의류관리기 휴대용 살균 소형 건조기 화이트 VCDM-002WH,8800367920513,오아 주식회사,2026-09-29,2026-09-28 12:15:18,5,5,0,직매입,N,,,,34431,31301,3130,172155,0,N
143491570,일반,발주확정,25433097,오아 클린이펭귄 유아 음파 전동칫솔 핑크 OOT-006PK,8809487308515,오아 주식회사,2026-09-29,2026-09-28 12:15:18,4,4,0,직매입,N,,,,8241,7492,749,32964,0,N
143491569,일반,발주확정,65145714,보아르 위셀 음식물처리기 AI 음식물 쓰레기 가정용 대용량 건조 분쇄기 화이트,8809822427710,오아 주식회사,2026-09-29,2026-09-28 12:15:18,4,4,0,직매입,N,,,,213060,193691,19369,852240,0,N
143491569,일반,발주확정,52162444,오아 에어리소닉 BLDC 항공모터 고속 초경량 헤어 드라이기 베이지 OHA-032BE 1600W,8809822425549,오아 주식회사,2026-09-29,2026-09-28 12:15:18,12,0,0,직매입,N,,,,43416,39469,3947,520992,0,N
143491569,일반,발주확정,52874174,오아 포그니 발 온열 찜질기 다크그레이 OMTM-001DG,8809822425518,오아 주식회사,2026-09-29,2026-09-28 12:15:18,54,54,0,직매입,N,,,,26666,24242,2424,1439964,0,N
143491569,일반,발주확정,11156528,"오아 쁘띠케어 2in1 온열 진동 갈바닉 클렌저,OA-BU024",8809487307006,오아 주식회사,2026-09-29,2026-09-28 12:15:18,7,7,0,직매입,N,,,,30016,27287,2729,210112,0,N
143491569,일반,발주확정,78867502,오아 모근제거기 4in1 바디트리머 각질 제거 전기 제모기 OERZ-003WH 모근제거기,8809822429592,오아 주식회사,2026-09-29,2026-09-28 12:15:18,3,3,0,직매입,N,,,,29601,26910,2691,88803,0,N
143491569,일반,발주확정,60542212,오아 무선S 뿌리 볼륨 미니 휴대용 헤어 고데기 화이트 OSTR-004WH,8809822426867,오아 주식회사,2026-09-29,2026-09-28 12:15:18,5,0,0,직매입,N,,,,19966,18151,1815,99830,0,N
143491569,일반,발주확정,76375598,오아 컬리미 속눈썹 고데기 온열 히팅 뷰러 핑크 OHEC-003PK,8800367920391,오아 주식회사,2026-09-29,2026-09-28 12:15:18,3,3,0,직매입,N,,,,16491,14992,1499,49473,0,N
143491569,일반,발주확정,74826974,오아 몬스터 퀵 고속 충전 240W C타입 케이블 C to C 충전선 포그밀크 1개 120cm,8800367920223,오아 주식회사,2026-09-29,2026-09-28 12:15:18,3,3,0,직매입,N,,,,5106,4642,464,15318,0,N
143491569,일반,발주확정,35192489,오아 넥큐어 온열 저주파 EMS 초경량 목 마사지기 OMS-039WH,8809822422494,오아 주식회사,2026-09-29,2026-09-28 12:15:18,2,2,0,직매입,N,,,,26666,24242,2424,53332,0,N
143491569,일반,발주확정,58040260,오아 냉온 진동 실리콘 클렌저 베이지 OCLS-001,8809822426201,오아 주식회사,2026-09-29,2026-09-28 12:15:18,1,1,0,직매입,N,,,,26666,24242,2424,26666,0,N
143491569,일반,발주확정,67900090,보아르 에이블비드 가정용 고기 생선 과일 진공포장기 VVRB-001WH,8809822427703,오아 주식회사,2026-09-29,2026-09-28 12:15:18,23,23,0,직매입,N,,,,43483,39530,3953,1000109,0,N
143491569,일반,발주확정,42519088,보아르 포스A 유선 핸디 진공 청소기 화이트 VCL-039WH,8809822424450,오아 주식회사,2026-09-29,2026-09-28 12:15:18,18,0,0,직매입,N,,,,40066,36424,3642,721188,0,N
143491569,일반,발주확정,70205079,오아 데이지 오토 헤어 웨이브 자동 롤러 볼륨 고데기 32mm 아이보리 OSTR-007IV,8809822427598,오아 주식회사,2026-09-29,2026-09-28 12:15:18,3,3,0,직매입,N,,,,33433,30394,3039,100299,0,N
143491569,일반,발주확정,38977260,오아 ITO 스마트 인바디 디지털 체중계 정확한 가정용 몸무게 측정기,8809822423699,오아 주식회사,2026-09-29,2026-09-28 12:15:18,3,3,0,직매입,N,,,,28743,26130,2613,86229,0,N
143491569,일반,발주확정,37244806,오아 볼륨 컬링 티타늄 이지 봉고데기 핑크 OHA-012PK,8809822423118,오아 주식회사,2026-09-29,2026-09-28 12:15:18,33,33,0,직매입,N,,,,26666,24242,2424,879978,0,N
143491569,일반,발주확정,44374810,보아르 아띠랑스 무선 미니 전기포트 올 스텐 커피포트 베이지 VPT-003BE,8809822424597,오아 주식회사,2026-09-29,2026-09-28 12:15:18,20,0,0,직매입,N,,,,25326,23024,2302,506520,0,N
143491569,일반,발주확정,64223250,오아 굿슬립 PRO 무선 목 어깨 승모근 마사지기 온열 안마기 아이보리 OMSG-015IV2,8809822427529,오아 주식회사,2026-09-29,2026-09-28 12:15:18,3,3,0,직매입,N,,,,52930,48118,4812,158790,0,N
143491569,일반,발주확정,38417806,오아 오토 자동 롤러 웨이브 펌 프리볼트 고데기,8809822423149,오아 주식회사,2026-09-29,2026-09-28 12:15:18,28,28,0,직매입,N,,,,36716,33378,3338,1028048,0,N
143491569,일반,발주확정,38415503,오아 베이직 판 고데기 5단계 온도조절 헤어 매직기 OHA-023BE,8809822423415,오아 주식회사,2026-09-29,2026-09-28 12:15:18,11,11,0,직매입,N,,,,23316,21196,2120,256476,0,N
143491569,일반,발주확정,61929592,보아르 모노1.5L 스텐 316 분유 보온 온도조절 커피 전기 주전자 VHEP-004WH,8809822426904,오아 주식회사,2026-09-29,2026-09-28 12:15:18,7,7,0,직매입,N,,,,36783,33439,3344,257481,0,N
143491569,일반,발주확정,44996967,오아 턴에어 미니 탁상팬 선풍기 화이트 OFN-058WH,8809822424795,오아 주식회사,2026-09-29,2026-09-28 12:15:18,2,2,0,직매입,N,,,,19966,18151,1815,39932,0,N
143491569,일반,발주확정,56651433,오아 덴티스윙 좌우 회전 음파 미세모 전동칫솔 화이트 1개 OETB-003WH,8809822425938,오아 주식회사,2026-09-29,2026-09-28 12:15:18,6,6,0,직매입,N,,,,33433,30394,3039,200598,0,N
143491569,일반,발주확정,25665354,오아 모노 에어 BLDC 리모컨 써큘레이터 스탠드형 선풍기,8809822421299,오아 주식회사,2026-09-29,2026-09-28 12:15:18,1,1,0,직매입,N,,,,64990,59082,5908,64990,0,N
143491569,일반,발주확정,55389336,오아 클린이워터J 전용 제트팁 2P 구성품 1세트 OORL-A01501,8809822425761,오아 주식회사,2026-09-29,2026-09-28 12:15:18,7,7,0,직매입,N,,,,3618,3289,329,25326,0,N
143491569,일반,발주확정,68924611,오아 포켓롤 해외 여행용 5포트 PD 35W 초고속충전 멀티 어댑터 모닝라벤더 1개,8809822428847,오아 주식회사,2026-09-29,2026-09-28 12:15:18,1,1,0,직매입,N,,,,25393,23085,2308,25393,0,N
143491569,일반,발주확정,61766007,오아 무빙볼 무선 온열 등 허리 롤링 쿠션 의자 안마기 베이지 OMSG-018BE,8809822426331,오아 주식회사,2026-09-29,2026-09-28 12:15:18,1,1,0,직매입,N,,,,59630,54209,5421,59630,0,N
143491569,일반,발주확정,64330764,오아 이지 물결 웨이브 볼륨 프리볼트 고데기 블루 OHA-031BL,8809822427451,오아 주식회사,2026-09-29,2026-09-28 12:15:18,22,22,0,직매입,N,,,,30016,27287,2729,660352,0,N
143491569,일반,발주확정,39006857,도트 플러스 가습기 전용필터,8809487308423,오아 주식회사,2026-09-29,2026-09-28 12:15:18,1,1,0,직매입,N,,,,4623,4203,420,4623,0,N
143491569,일반,발주확정,51883980,오아 플렌티 에어워셔 4L 필터 1개 OHHU-A002,8809822425501,오아 주식회사,2026-09-29,2026-09-28 12:15:18,1,1,0,직매입,N,,,,12328,11207,1121,12328,0,N
143491569,일반,발주확정,74693807,보아르 이지 전기포트 M1 접이식 분유포트 휴대용 미니 여행용 프리볼트 온도조절 커피포트 그레이 VPEP-006GL,8809822429851,오아 주식회사,2026-09-29,2026-09-28 12:15:18,16,16,0,직매입,N,,,,34362,31238,3124,549792,0,N
143491569,일반,발주확정,64330763,오아 이지 물결 웨이브 볼륨 프리볼트 고데기 퍼플 OHA-031PU,8809822427468,오아 주식회사,2026-09-29,2026-09-28 12:15:18,6,6,0,직매입,N,,,,30016,27287,2729,180096,0,N
143491569,일반,발주확정,56667264,오아 미니 핸디 무선 진공 소형 스틱 청소기 화이트 OCVC-006WH,8809822425945,오아 주식회사,2026-09-29,2026-09-28 12:15:18,1,0,0,직매입,N,,,,42746,38860,3886,42746,0,N
143491569,일반,발주확정,52204284,보아르 스위프클링 침구청소기 전용 먼지 필터 1개 VET-128-CLOWH,8809822425013,오아 주식회사,2026-09-29,2026-09-28 12:15:18,1,1,0,직매입,N,,,,3283,2985,298,3283,0,N
143491569,일반,발주확정,42913903,오아 클래식 LP플레이어 턴테이블 블루투스 스피커 OSD-007WH,8809822424511,오아 주식회사,2026-09-29,2026-09-28 12:15:18,2,0,0,직매입,N,,,,43416,39469,3947,86832,0,N
143491569,일반,발주확정,15826960,오아 뷰티 빗 고데기 스트레이트 매직기,8809487309437,오아 주식회사,2026-09-29,2026-09-28 12:15:18,1,1,0,직매입,N,,,,32026,29115,2911,32026,0,N
143491569,일반,발주확정,45701215,오아 턴에어 탁상용 무선 소형 저소음 서큘레이터 선풍기 OFN-060WH 화이트,8809822424870,오아 주식회사,2026-09-29,2026-09-28 12:15:18,1,1,0,직매입,N,,,,26666,24242,2424,26666,0,N
143491569,일반,발주확정,19365568,오아 힐스케어 온열 공기압 손목 발목 마사지기 OMS-016WH,8809822420100,오아 주식회사,2026-09-29,2026-09-28 12:15:18,2,2,0,직매입,N,,,,38190,34718,3472,76380,0,N
143491569,일반,발주확정,60543356,보아르 컴플릿S 미니건조기 UV살균 원룸 의류 화이트 VCDM-001WH 4kg 고객직접설치,8809822426836,오아 주식회사,2026-09-29,2026-09-28 12:15:18,1,1,0,직매입,N,,,,200330,182118,18212,200330,0,N
143491569,일반,발주확정,32710937,오아 클린이소프트 시리즈 전용 리필 미세모 화이트 2P 1개 OET-076-OTOWH,8809487308751,오아 주식회사,2026-09-29,2026-09-28 12:15:18,95,95,0,직매입,N,,,,4020,3655,365,381900,0,N
143491569,일반,발주확정,10646862,보아르 하티포트 무선 전기 유리 커피 티 포트,8809487306344,오아 주식회사,2026-09-29,2026-09-28 12:15:18,8,8,0,직매입,N,,,,25393,23085,2308,203144,0,N
143491569,일반,발주확정,50725354,오아 어깨 찜질기 온열 전기 목 등 찜질 찜질팩 온열기 딥그레이 OMS-033DG,8809822425327,오아 주식회사,2026-09-29,2026-09-28 12:15:18,8,0,0,직매입,N,,,,32026,29115,2911,256208,0,N
143491569,일반,발주확정,55609278,오아 클린이워터P 전용 5종팁세트 구성품 1세트 OORL-A011WH,8809822425525,오아 주식회사,2026-09-29,2026-09-28 12:15:18,1,1,0,직매입,N,,,,6298,5725,573,6298,0,N
143491569,일반,발주확정,55384739,오아 클린이포터블 전용 제트팁 2P 구성품 1세트 OET-069-OROWH,8809487308379,오아 주식회사,2026-09-29,2026-09-28 12:15:18,7,7,0,직매입,N,,,,3618,3289,329,25326,0,N
143491569,일반,발주확정,29258063,보아르 아띠랑스 무선 미니 전기포트 올 스텐 커피포트 화이트,8809822422005,오아 주식회사,2026-09-29,2026-09-28 12:15:18,18,18,0,직매입,N,,,,25326,23024,2302,455868,0,N
143491569,일반,발주확정,68880617,오아 넥스트레쳐S 목 마사지기 스트레칭 EMS 저주파 베이지 OMSG-021BE,8809822427697,오아 주식회사,2026-09-29,2026-09-28 12:15:18,8,8,0,직매입,N,,,,33433,30394,3039,267464,0,N
143491569,일반,발주확정,53967042,보아르 파워스핀 소형 미니 화장실 무선 욕실청소기 화이트 VCVC-010WH,8809822425594,오아 주식회사,2026-09-29,2026-09-28 12:15:18,9,9,0,직매입,N,,,,52930,48118,4812,476370,0,N
143491569,일반,발주확정,19104731,보아르 더온리제로 생수병 전기포트 휴대용 분유포트 여행용 커피포트 VPT-001WH,8809487309345,오아 주식회사,2026-09-29,2026-09-28 12:15:18,140,140,0,직매입,N,,,,46766,42515,4251,6547240,0,N
143491569,일반,발주확정,27515992,오아 클린이퓨어ProD화이트 OTS-005WH,8809822421879,오아 주식회사,2026-09-29,2026-09-28 12:15:18,14,14,0,직매입,N,,,,18626,16933,1693,260764,0,N
143491569,일반,발주확정,78907465,오아 클린이스쿨 IPX8 좌우회전 어린이 음파 전동 칫솔 클라우디블루 1개 OETB-010CB,8800367920452,오아 주식회사,2026-09-29,2026-09-28 12:15:18,7,7,0,직매입,N,,,,27531,25028,2503,192717,0,N
143491569,일반,발주확정,58084222,오아 덴티스윙 좌우 회전 음파 전동칫솔 블랙 1세트 OETB-003WH,8809822426225,오아 주식회사,2026-09-29,2026-09-28 12:15:18,4,4,0,직매입,N,,,,33433,30394,3039,133732,0,N
143491560,일반,발주확정,14218803,오아 클린이베어 어린이 음파 전동칫솔 핑크,8809487308492,오아 주식회사,2026-09-29,2026-09-28 12:15:18,16,16,0,직매입,N,,,,16281,14801,1480,260496,0,N
143491560,일반,발주확정,14218802,오아 클린이베어 어린이 음파 전동칫솔 블루,8809487308485,오아 주식회사,2026-09-29,2026-09-28 12:15:18,17,17,0,직매입,N,,,,16281,14801,1480,276777,0,N
143491555,일반,발주확정,13195811,오아 듀얼 무릎 마사지기 V2 무선 온열 마사지 찜질 안마기OMS-008BE,8809487308140,오아 주식회사,2026-09-29,2026-09-28 12:15:18,32,32,0,직매입,N,,,,91790,83445,8345,2937280,0,N
143491548,일반,발주확정,12673237,"보아르 포스D14 셀프 스탠딩 무선 청소기, VCL-004WH, 화이트",8809487307457,오아 주식회사,2026-09-29,2026-09-28 12:15:18,4,4,0,직매입,N,,,,73030,66391,6639,292120,0,N
143491548,일반,발주확정,12126317,"box_오아 클린스틱 핸디형 BLDC 스틱 무선청소기 OA-CL010, 화이트",8809487307549,오아 주식회사,2026-09-29,2026-09-28 12:15:18,14,14,0,직매입,N,,,,49446,44951,4495,692244,0,N
143491548,일반,발주확정,11511332,오아 아이로너 터보 핸디형 살균 스팀다리미 빠른예열 OA-DA001 화이트,8809487306917,오아 주식회사,2026-09-29,2026-09-28 12:15:18,11,11,0,직매입,N,,,,26666,24242,2424,293326,0,N
143491548,일반,발주확정,17579394,보아르 딥슬립클링 UV살균 듀얼진동 침구청소기 딥슬립클링 VCL-021WH,8809487309956,오아 주식회사,2026-09-29,2026-09-28 12:15:18,20,20,0,직매입,N,,,,33366,30333,3033,667320,0,N
143491548,일반,발주확정,14488275,보아르 워터스핀B1 무선 물걸레 청소기 VCL-014WH,8809487309154,오아 주식회사,2026-09-29,2026-09-28 12:15:18,9,9,0,직매입,N,,,,43416,39469,3947,390744,0,N
143491548,일반,발주확정,16806254,보아르 포스W 무선 물걸레 진공 청소기 블랙 VCL-018BK,8809487309628,오아 주식회사,2026-09-29,2026-09-28 12:15:18,2,2,0,직매입,N,,,,173530,157755,15775,347060,0,N
143491548,일반,발주확정,12579597,보아르 스티머인젝터 핸디형 스팀다리미 VIR-002WH,8809487308072,오아 주식회사,2026-09-29,2026-09-28 12:15:18,4,4,0,직매입,N,,,,25326,23024,2302,101304,0,N
143491543,일반,발주확정,14299890,오아 다리360 안마기 다리 종아리 발목 발 마사지기,8809487308577,오아 주식회사,2026-09-29,2026-09-28 12:15:18,2,2,0,직매입,N,,,,118590,107809,10781,237180,0,N
143491537,일반,발주확정,11291291,보아르 모아M1000 필터,8809487306139,오아 주식회사,2026-09-29,2026-09-28 12:15:18,3,3,0,직매입,N,,,,8978,8162,816,26934,0,N
143491537,일반,발주확정,15812678,보아르v에어43 공기청정기 필터 VET-063-APOWH,8809487307907,오아 주식회사,2026-09-29,2026-09-28 12:15:18,2,2,0,직매입,N,,,,23048,20953,2095,46096,0,N
143491537,일반,발주확정,12143584,"보아르 휘겔리 공기청정기 완전필터 시리즈 스탠다드 프리미엄 펫팸 필터, 펫팸 필터 E0151",8809487307419,오아 주식회사,2026-09-29,2026-09-28 12:15:18,1,1,0,직매입,N,,,,12998,11816,1182,12998,0,N
143491537,일반,발주확정,11192163,보아르 그린에어 공기청정기 교체용 필터,8809487306757,오아 주식회사,2026-09-29,2026-09-28 12:15:18,5,5,0,직매입,N,,,,14338,13035,1303,71690,0,N
143491537,일반,발주확정,11192167,보아르 휘겔리 공기청정기 교체용 필터,8809487306122,오아 주식회사,2026-09-29,2026-09-28 12:15:18,1,1,0,직매입,N,,,,12998,11816,1182,12998,0,N
143491537,일반,발주확정,12091621,보아르 V에어46 공기청정기 프리미엄 필터,8809487307280,오아 주식회사,2026-09-29,2026-09-28 12:15:18,4,4,0,직매입,N,,,,26398,23998,2400,105592,0,N
143491537,일반,발주확정,11192165,보아르 클린에어 공기청정기 교체용 필터,8809487306658,오아 주식회사,2026-09-29,2026-09-28 12:15:18,1,1,0,직매입,N,,,,16348,14862,1486,16348,0,N
143491537,일반,발주확정,10324264,오아 퓨어미니 공기청정기,8809487306146,오아 주식회사,2026-09-29,2026-09-28 12:15:18,11,11,0,직매입,N,,,,23316,21196,2120,256476,0,N
143491516,일반,발주확정,11288089,오아 굿모닝 무선 베개 안마기 목 어깨 쿠션 온열 마사지기 OA-MA029,8809487306863,오아 주식회사,2026-09-29,2026-09-28 12:15:18,2,2,0,직매입,N,,,,52863,48057,4806,105726,0,N
143491516,일반,발주확정,10124384,오아 넥앤숄더 고급 안마기 온열 목 어깨 마사지기 OA-MA010,8809487306054,오아 주식회사,2026-09-29,2026-09-28 12:15:18,1,1,0,직매입,N,,,,52193,47448,4745,52193,0,N
143491516,일반,발주확정,13745117,오아 슈퍼건 안마기 초소형 휴대용 무선 핸디 전동 마사지건 진동 마사지기 승모근 마사지,8809487308836,오아 주식회사,2026-09-29,2026-09-28 12:15:18,1,1,0,직매입,N,,,,26666,24242,2424,26666,0,N
143491516,일반,발주확정,8122806,오아 아이프로 안마기 무선 눈 마사지기 기계 온열 찜질기,8809487305095,오아 주식회사,2026-09-29,2026-09-28 12:15:18,10,10,0,직매입,N,,,,45560,41418,4142,455600,0,N
143491516,일반,발주확정,10858043,오아 트래블러 여행용 무선 목베개 마사지기 안마기 OA-MA028,8809487306702,오아 주식회사,2026-09-29,2026-09-28 12:15:18,4,4,0,직매입,N,,,,16181,14710,1471,64724,0,N
143491516,일반,발주확정,15414324,오아 아이콕 눈 안마기 무선 마사지기 기계 온열 찜질기,8809487309130,오아 주식회사,2026-09-29,2026-09-28 12:15:18,2,0,0,직매입,N,,,,25326,23024,2302,50652,0,N
143491516,일반,발주확정,12439390,"오아 바디스팟S 저주파 EMS 휴대용 전신 미니 마사지 본체+바디패드3p, OA-MA021",8809487306405,오아 주식회사,2026-09-29,2026-09-28 12:15:18,35,0,0,직매입,N,,,,19966,18151,1815,698810,0,N
143491506,일반,발주확정,10155238,보아르 모아1000 미니 공기청정 제습기 소형 원룸 화장실 드레스룸 옷방 욕실,8809487306092,오아 주식회사,2026-09-29,2026-09-28 12:15:18,4,4,0,직매입,N,,,,60720,55200,5520,242880,0,N
143491506,일반,발주확정,12038103,보아르 모아 파워 6L 공기청정 제습기 가정용 소형 저소음,8809487307631,오아 주식회사,2026-09-29,2026-09-28 12:15:18,1,1,0,직매입,N,,,,105860,96236,9624,105860,0,N
143491494,일반,발주확정,53297446,보아르 포스N25 핸디 핸드 원룸 진공 무선청소기 화이트 VCVC-007WH,8809822425372,오아 주식회사,2026-09-29,2026-09-28 12:15:18,3,3,0,직매입,N,,,,92460,84055,8405,277380,0,N
143491494,일반,발주확정,76374401,오아 올리미 속눈썹 고데기 온열 히팅 뷰러 화이트 OHEC-002WH,8800367920360,오아 주식회사,2026-09-29,2026-09-28 12:15:18,14,14,0,직매입,N,,,,16491,14992,1499,230874,0,N
143491494,일반,발주확정,51533853,오아 오토셋 웨이브 뿌리 볼륨 봉고데기 화이트 OHA-029BL,8809822424726,오아 주식회사,2026-09-29,2026-09-28 12:15:18,11,11,0,직매입,N,,,,40066,36424,3642,440726,0,N
143491494,일반,발주확정,38157908,오아 슈퍼플로우 여행용 헤어 드라이기 BLDC 저소음 휴대용 미니 수이온 드라이어,8809822422869,오아 주식회사,2026-09-29,2026-09-28 12:15:18,6,6,0,직매입,N,,,,86430,78573,7857,518580,0,N
143491494,일반,발주확정,67191572,오아 무선 휴대용 볼트건 안마기 OMSG-024BK 블랙,8809822427918,오아 주식회사,2026-09-29,2026-09-28 12:15:18,32,32,0,직매입,N,,,,26733,24303,2430,855456,0,N
143491494,일반,발주확정,76241042,오아 씬플로우 BLDC 고속 헤어 드라이기 1000W 메탈그레이 ODRY-010MG,8800367920353,오아 주식회사,2026-09-29,2026-09-28 12:15:18,6,6,0,직매입,N,,,,54510,49555,4955,327060,0,N
143491494,일반,발주확정,69594684,보아르 모노 전동 커피 그라인더 무선 자동 원두분쇄기 VBLD-009WH,8809822428182,오아 주식회사,2026-09-29,2026-09-28 12:15:18,103,103,0,직매입,N,,,,22043,20039,2004,2270429,0,N
143491494,일반,발주확정,54145830,오아 그립인 스마트 체중계 가정용 체지방 디지털 체성분 측정기 OSCA-001WH,8809822425495,오아 주식회사,2026-09-29,2026-09-28 12:15:18,4,0,0,직매입,N,,,,52930,48118,4812,211720,0,N
143491494,일반,발주확정,37843037,오아 클린이컴팩트 OOR-012WH,8809822423095,오아 주식회사,2026-09-29,2026-09-28 12:15:18,31,31,0,직매입,N,,,,25326,23024,2302,785106,0,N
143491494,일반,발주확정,45573288,오아 턴에어Pro 미니 탁상용 무선 선풍기 서큘레이터 화이트 OFN-061WH,8809822424764,오아 주식회사,2026-09-29,2026-09-28 12:15:18,5,5,0,직매입,N,,,,30083,27348,2735,150415,0,N
143491494,일반,발주확정,61760141,보아르 모노0.8L 스텐 316 분유 보온 온도조절 전기 주전자 VHEP-003WH,8809822426676,오아 주식회사,2026-09-29,2026-09-28 12:15:18,4,4,0,직매입,N,,,,30016,27287,2729,120064,0,N
143491494,일반,발주확정,62379668,오아 스윙바스 좌우 회전 음파 전동 칫솔 화이트 1개 OORL-016WH,8809822426942,오아 주식회사,2026-09-29,2026-09-28 12:15:18,7,7,0,직매입,N,,,,23383,21257,2126,163681,0,N
143491494,일반,발주확정,46962408,오아 울트라젯 휴대용 미니 무선 손 선풍기 초강력 저소음 핸디 핸드 캠핑 에어건 손풍기 블랙 OFN-063BK,8809822424931,오아 주식회사,2026-09-29,2026-09-28 12:15:18,6,6,0,직매입,N,,,,59630,54209,5421,357780,0,N
143491494,일반,발주확정,50153946,보아르 미니 여행용 트래블스티머 다리미 화이트 VIR-008WH,8809822425020,오아 주식회사,2026-09-29,2026-09-28 12:15:18,5,0,0,직매입,N,,,,20971,19065,1906,104855,0,N
143491494,일반,발주확정,39147133,오아 스마트 체지방 체성분 핸드바 체중계PRO 화이트 OWM-005WH,8809822423842,오아 주식회사,2026-09-29,2026-09-28 12:15:18,8,8,0,직매입,N,,,,51590,46900,4690,412720,0,N
143491494,일반,발주확정,50875168,오아 커버넥 무선 목 어깨 온열 마사지기 베이지 OMSG-010BE,8809822425426,오아 주식회사,2026-09-29,2026-09-28 12:15:18,6,6,0,직매입,N,,,,58826,53478,5348,352956,0,N
143491465,일반,발주확정,12465755,오아 클린이 소프트 자동 압력센서 음파 전동칫솔 블랙,8809487307785,오아 주식회사,2026-09-29,2026-09-28 12:15:18,23,23,0,직매입,N,,,,24656,22415,2241,567088,0,N
143491465,일반,발주확정,13101217,오아 클린이소프트R 자동압력센서 롤링터치 음파 전동 칫솔 화이트,8809487308126,오아 주식회사,2026-09-29,2026-09-28 12:15:18,4,0,0,직매입,N,,,,29346,26678,2668,117384,0,N
143491465,일반,발주확정,12775098,"BOX_오아 클린이 소프트 음파 전동칫솔 2세트, VO-OC001(화이트)",8809487308553,오아 주식회사,2026-09-29,2026-09-28 12:15:18,2,2,0,직매입,N,,,,46632,42393,4239,93264,0,N
143491465,일반,발주확정,12775096,"오아 클린이 소프트 음파 전동칫솔 2세트, VO-OC001(화이트,블랙)",8809487308560,오아 주식회사,2026-09-29,2026-09-28 12:15:18,9,0,0,직매입,N,,,,46632,42393,4239,419688,0,N
143491465,일반,발주확정,12674973,오아 클린이 소프트B 자동 압력센서 음파 전동 칫솔 화이트,8809487308102,오아 주식회사,2026-09-29,2026-09-28 12:15:18,137,137,0,직매입,N,,,,22646,20587,2059,3102502,0,N
143491465,일반,발주확정,14134778,오아 클린이 소프트 시리즈 전용 미세모 리필 칫솔모 블랙4ea,8809487308782,오아 주식회사,2026-09-29,2026-09-28 12:15:18,43,0,0,직매입,N,,,,7638,6944,694,328434,0,N
143491465,일반,발주확정,12434130,오아 클린이소프트 전용 프리미엄 리필 칫솔모 블랙 4ea,8809487307815,오아 주식회사,2026-09-29,2026-09-28 12:15:18,42,0,0,직매입,N,,,,5963,5421,542,250446,0,N
143491465,일반,발주확정,12846219,오아 클린이워터D 휴대용 LCD 무선 구강세정기,8809487308201,오아 주식회사,2026-09-29,2026-09-28 12:15:18,126,126,0,직매입,N,,,,29346,26678,2668,3697596,0,N
143491465,일반,발주확정,12674974,오아 클린이 소프트B 자동 압력센서 음파 전동 칫솔 블랙,8809487308119,오아 주식회사,2026-09-29,2026-09-28 12:15:18,30,30,0,직매입,N,,,,22646,20587,2059,679380,0,N
143491465,일반,발주확정,13101218,오아 클린이소프트R 자동압력센서 롤링터치 음파 전동 칫솔 블랙,8809487308133,오아 주식회사,2026-09-29,2026-09-28 12:15:18,11,11,0,직매입,N,,,,29346,26678,2668,322806,0,N
143480981,일반,발주확정,73316684,보아르 투웨이 폴든 텀블러 팝업 스트로우 대용량 텀블러 735ml 민트 1개,8809822429370,오아 주식회사,2026-09-30,2026-09-28 11:38:46,40,0,0,직매입,N,,,,23359,21235,2124,934360,0,N
143480981,일반,발주확정,64001139,삼대오백 쉐이커 프리미엄 보틀 블랙 1개 1200ml,R238954150001,오아 주식회사,2026-09-30,2026-09-28 11:38:46,50,0,0,직매입,N,,,,4140,3764,376,207000,0,N
143480981,일반,발주확정,66299335,삼대오백 올인원 필박스 휴대용 프로틴소분통 1개 BLACK FREE,8809822428359,오아 주식회사,2026-09-30,2026-09-28 11:38:46,24,0,0,직매입,N,,,,4140,3764,376,99360,0,N
143480981,일반,발주확정,37161537,보아르 아가맘마 쪽쪽이 살균기 베이지 VST-008BE,8809822423026,오아 주식회사,2026-09-30,2026-09-28 11:38:46,108,0,0,직매입,N,,,,23848,21680,2168,2575584,0,N
143480981,일반,발주확정,53583387,보아르 투웨이 텀블러 1.18L 대용량 손잡이 스텐 보온 보냉 아이보리,8809822425167,오아 주식회사,2026-09-30,2026-09-28 11:38:46,25,25,0,직매입,N,,,,14129,12845,1284,353225,0,N
143480981,일반,발주확정,60380162,보아르 투웨이 텀블러 1.18L 대용량 손잡이 스텐 보온 보냉 핑크,8809822426898,오아 주식회사,2026-09-30,2026-09-28 11:38:46,50,50,0,직매입,N,,,,14129,12845,1284,706450,0,N
143480981,일반,발주확정,53569741,보아르 투웨이 텀블러 1.18L 대용량 손잡이 스텐 보온 보냉 블랙,8809822425174,오아 주식회사,2026-09-30,2026-09-28 11:38:46,50,0,0,직매입,N,,,,14129,12845,1284,706450,0,N
143480981,일반,발주확정,60450424,보아르 투웨이 텀블러 1.18L 대용량 손잡이 스텐 보온 보냉 민트,8809822426881,오아 주식회사,2026-09-30,2026-09-28 11:38:46,200,100,0,직매입,N,,,,14129,12845,1284,2825800,0,N
143437389,일반,발주확정,67268341,오아 플로비 LED 단 스탠드 테이블 램프 침대 침실 미니 버섯 무선 조명 탁상 무드등 에메랄드그린,8809822428373,오아 주식회사,2026-09-29,2026-09-28 10:25:06,4,4,0,직매입,N,,,,29185,26532,2653,116740,0,N
143437389,일반,발주확정,67988468,오아 포터블램프H 단스탠드 침실 조명 데스크 램프 무드등 스탠드 블랙,8809822426430,오아 주식회사,2026-09-29,2026-09-28 10:25:06,4,4,0,직매입,N,,,,19734,17940,1794,78936,0,N
143437389,일반,발주확정,67268350,오아 플로비 LED 단 스탠드 테이블 램프 침대 침실 미니 버섯 무선 조명 탁상 무드등 피치오렌지,8809822428403,오아 주식회사,2026-09-29,2026-09-28 10:25:06,3,3,0,직매입,N,,,,29185,26532,2653,87555,0,N
143437389,일반,발주확정,67272046,오아 크로멜 LED 무드등 수면등 테이블 인테리어 침실 무선 탁상 조명 실버,8809822428168,오아 주식회사,2026-09-29,2026-09-28 10:25:06,4,4,0,직매입,N,,,,24635,22395,2240,98540,0,N
143437389,일반,발주확정,67268348,오아 플로비 LED 단 스탠드 테이블 램프 침대 침실 미니 버섯 무선 조명 탁상 무드등 선샤인옐로우,8809822428380,오아 주식회사,2026-09-29,2026-09-28 10:25:06,4,4,0,직매입,N,,,,29185,26532,2653,116740,0,N
143437389,일반,발주확정,67268349,오아 플로비 LED 단 스탠드 테이블 램프 침대 침실 미니 버섯 무선 조명 탁상 무드등 버블핑크,8809822428397,오아 주식회사,2026-09-29,2026-09-28 10:25:06,4,4,0,직매입,N,,,,29185,26532,2653,116740,0,N
143437389,일반,발주확정,67989839,오아 포터블램프S 단스탠드 침실 조명 데스크 램프 무드등 스탠드 블랙,8809822426447,오아 주식회사,2026-09-29,2026-09-28 10:25:06,4,4,0,직매입,N,,,,19734,17940,1794,78936,0,N
143437388,일반,발주확정,79944232,보아르 스마트락 지문인식 스텐 316 텀블러 보온 보냉 방수 원터치 물병 500ml VHEP-006IV,8800367920919,오아 주식회사,2026-09-29,2026-09-28 10:25:06,3,3,0,직매입,N,,,,34431,31301,3130,103293,0,N
143437388,일반,발주확정,35887472,삼대오백 쉐이커 보틀 800ml + 필박스 + 파우더깔때기 핑크 800ml,8809822423224,오아 주식회사,2026-09-29,2026-09-28 10:25:06,8,8,0,직매입,N,,,,8385,7623,762,67080,0,N
143348681,일반,거래명세서확인요청,38455497,보아르 아가홀스 4in1 무소음 아기 붕붕카 흔들말 스프링카 세트 그레이,8809822422883,오아 주식회사,2026-09-29,2026-09-28 08:51:38,50,50,50,직매입,N,,,,74092,67356,6736,3704600,3704600,N
143348664,일반,발주확정,41910661,삼대오백 마그네슘 리커버리 웜업크림 발열 마사지 핫크림 오리지널 1개 100ml,R205259560001,오아 주식회사,2026-09-29,2026-09-28 08:51:38,24,24,0,직매입,N,,20250929,20270928,12935,11759,1176,310440,0,N
143348664,일반,발주확정,66792779,삼대오백 마그네슘 리커버리 웜업 핫크림 프로 100ml 1개,8809822428243,오아 주식회사,2026-09-29,2026-09-28 08:51:38,24,24,0,직매입,N,,20250929,20270928,13740,12491,1249,329760,0,N
143348648,일반,발주확정,75741354,오아 에어리소닉 BLDC 항공모터 고속 초경량 헤어 드라이기 1600W 화이트 OHA-032WH,8800367920285,오아 주식회사,2026-09-29,2026-09-28 08:51:38,279,0,0,직매입,N,,,,43416,39469,3947,12113064,0,N
143348648,일반,발주확정,34320928,오아 라운드 미니 탁상용 무선 휴대용 USB BLDC 선풍기 화이트,8809822422401,오아 주식회사,2026-09-29,2026-09-28 08:51:38,3,3,0,직매입,N,,,,16013,14557,1456,48039,0,N
143348648,일반,발주확정,66357977,오아 소닉플로우 BLDC 항공모터 고속 초경량 헤어 드라이기 1800W 베이지 ODRY-007BE,8809822427970,오아 주식회사,2026-09-29,2026-09-28 08:51:38,465,120,0,직매입,N,,,,33433,30394,3039,15546345,0,N
143348648,일반,발주확정,74685916,오아 클린이워터J3 휴대용 무선 충전 구강세정기 물치실 치아세정기 포그밀크 OORL-022FM,8809822429660,오아 주식회사,2026-09-29,2026-09-28 08:51:38,21,15,0,직매입,N,,,,33433,30394,3039,702093,0,N
143348648,일반,발주확정,56183402,오아 듀얼 히팅 뷰러 속눈썹 고데기 화이트 OHEC-001WH,8809822425877,오아 주식회사,2026-09-29,2026-09-28 08:51:38,157,0,0,직매입,N,,,,18693,16994,1699,2934801,0,N
143348648,일반,발주확정,56896464,보아르 이지 전기포트 C 휴대용 접이식 여행용 올스텐 무선 커피포트,8809822429936,오아 주식회사,2026-09-29,2026-09-28 08:51:38,116,0,0,직매입,N,,,,38793,35266,3527,4499988,0,N
143348648,일반,발주확정,42519088,보아르 포스A 유선 핸디 진공 청소기 화이트 VCL-039WH,8809822424450,오아 주식회사,2026-09-29,2026-09-28 08:51:38,1,0,0,직매입,N,,,,40066,36424,3642,40066,0,N
143348648,일반,발주확정,64287980,오아 퀵듀오 고속 충전 8핀 일체형 C타입 보조배터리 10000mAh 멀티단자 베이지 OBAT-001BE,8809822427307,오아 주식회사,2026-09-29,2026-09-28 08:51:38,10,0,0,직매입,N,,,,23383,21257,2126,233830,0,N
143348648,일반,발주확정,13959023,오아 티타늄 웨이브 펌 프리볼트 물결 고데기,8809487307877,오아 주식회사,2026-09-29,2026-09-28 08:51:38,160,0,0,직매입,N,,,,26666,24242,2424,4266560,0,N
143348648,일반,발주확정,18928667,오아 클린이퓨어PRO 바람건조 고온히팅 휴대용 유선 무선 겸용 칫솔살균기 UVC LED 자외선 살균 건조기 OTS-004WH 화이트 OTS-004WH,8809822420087,오아 주식회사,2026-09-29,2026-09-28 08:51:38,308,308,0,직매입,N,,,,15946,14496,1450,4911368,0,N
143348648,일반,발주확정,10974363,"오아 셀카프로 짐벌 블루투스 스마트폰 셀카봉 삼각대 OA-SS800, 블랙",8809487306672,오아 주식회사,2026-09-29,2026-09-28 08:51:38,16,16,0,직매입,N,,,,33299,30272,3027,532784,0,N
143348648,일반,발주확정,69039778,오아 소닉플로우 BLDC 항공모터 고속 초경량 헤어 드라이기 1800W 그레이 ODRY-007GR,8809822428816,오아 주식회사,2026-09-29,2026-09-28 08:51:38,21,0,0,직매입,N,,,,33433,30394,3039,702093,0,N
143348648,일반,발주확정,35137369,오아 라운드 멀티팬 휴대용 미니 소형 문어발 탁상용 아기 유모차 선풍기,8809822422647,오아 주식회사,2026-09-29,2026-09-28 08:51:38,4,4,0,직매입,N,,,,17112,15556,1556,68448,0,N
143348648,일반,발주확정,62385013,보아르 보틀 휴대용 분유 무선 보온 여행용 전기 포트기 VBNM-003WH,8809822426973,오아 주식회사,2026-09-29,2026-09-28 08:51:38,58,0,0,직매입,N,,,,58960,53600,5360,3419680,0,N
143348648,일반,발주확정,41864123,오아 뮤즈S 블루투스 스피커 노래방 무선 마이크,8809822424467,오아 주식회사,2026-09-29,2026-09-28 08:51:38,40,0,0,직매입,N,,,,19966,18151,1815,798640,0,N
143348648,일반,발주확정,65566244,보아르 듀이아쿠아 자연기화식 가습기 대용량 8L 자동건조 UV살균 자동습도조절 통세척,8809822427826,오아 주식회사,2026-09-29,2026-09-28 08:51:38,33,0,0,직매입,N,,,,106530,96845,9685,3515490,0,N
143348648,일반,발주확정,62375802,오아 클린이스윙 좌우 회전 LCD 음파 전동 칫솔 화이트 1개 OETB-007WH,8809822427109,오아 주식회사,2026-09-29,2026-09-28 08:51:38,27,0,0,직매입,N,,,,26733,24303,2430,721791,0,N
143348648,일반,발주확정,60133592,오아 다리마사지기 온열 종아리 발 안마기 네이비 OMSG-019,8809822426720,오아 주식회사,2026-09-29,2026-09-28 08:51:38,4,4,0,직매입,N,,,,46766,42515,4251,187064,0,N
143348648,일반,발주확정,61929727,보아르 아가쑥쑥 분유 쉐이커 무선 전동 보온 휴대용 자동 VBTW-002WH,8809822426935,오아 주식회사,2026-09-29,2026-09-28 08:51:38,2,2,0,직매입,N,,,,30083,27348,2735,60166,0,N
143348648,일반,발주확정,69039437,오아 소닉플로우 BLDC 항공모터 고속 초경량 헤어 드라이기 1800W 핑크 ODRY-007PK,8809822428823,오아 주식회사,2026-09-29,2026-09-28 08:51:38,80,0,0,직매입,N,,,,33433,30394,3039,2674640,0,N
143348648,일반,발주확정,39376011,오아 폴드A 3in1 접이식 무선충전기 안드로이드 갤럭시 휴대용 고속 충전 거치대 버즈 갤럭시워치 호환 화이트 1개,8809822423002,오아 주식회사,2026-09-29,2026-09-28 08:51:38,24,0,0,직매입,N,,,,19966,18151,1815,479184,0,N
143348648,일반,발주확정,73226633,오아 오마컬 봉고데기 40mm 웨이브 고데기 아이롱 헤어 볼륨 프리볼트 고대기 핑크 OSTR-011PK,8809822429356,오아 주식회사,2026-09-29,2026-09-28 08:51:38,57,0,0,직매입,N,,,,30083,27348,2735,1714731,0,N
143348648,일반,발주확정,68466892,오아 퀵롤차저 65W GaN C타입 케이블 일체형 초고속 2포트 멀티 고속 핸드폰 충전기 화이트1개,8809822428649,오아 주식회사,2026-09-29,2026-09-28 08:51:38,101,0,0,직매입,N,,,,15276,13887,1389,1542876,0,N
143348648,일반,발주확정,62378988,오아 클린이스윙 좌우 회전 LCD 음파 전동 칫솔 블랙 1개 OETB-007BK,8809822427116,오아 주식회사,2026-09-29,2026-09-28 08:51:38,36,0,0,직매입,N,,,,26733,24303,2430,962388,0,N
143348648,일반,발주확정,74693807,보아르 이지 전기포트 M1 접이식 분유포트 휴대용 미니 여행용 프리볼트 온도조절 커피포트 그레이 VPEP-006GL,8809822429851,오아 주식회사,2026-09-29,2026-09-28 08:51:38,315,0,0,직매입,N,,,,34362,31238,3124,10824030,0,N
143348648,일반,발주확정,77463489,오아 에어스트레이트 2in1 헤어스타일러 항공모터 드라이기 음이온 고데기 핑크 ODRY-012PK,8800367920544,오아 주식회사,2026-09-29,2026-09-28 08:51:38,4,4,0,직매입,N,,,,102810,93464,9346,411240,0,N
143348648,일반,발주확정,46727700,보아르 다이닝 스텐 멀티찜기 VMC-002IV,8809822424474,오아 주식회사,2026-09-29,2026-09-28 08:51:38,14,0,0,직매입,N,,,,51590,46900,4690,722260,0,N
143348648,일반,발주확정,77463490,오아 에어스트레이트 2in1 헤어스타일러 항공모터 드라이기 음이온 고데기 베이지 ODRY-012BE,8800367920537,오아 주식회사,2026-09-29,2026-09-28 08:51:38,5,5,0,직매입,N,,,,102810,93464,9346,514050,0,N
143348648,일반,발주확정,43252471,오아 무선 온열 바디케어 전신 목 어깨 허리 종아리 휴대용 쿠션 안마기 OMS-031BE,8809822424535,오아 주식회사,2026-09-29,2026-09-28 08:51:38,80,0,0,직매입,N,,,,32026,29115,2911,2562080,0,N
143348648,일반,발주확정,5332789,오아접이식블루투스키보드-화이트,8809487300113,오아 주식회사,2026-09-29,2026-09-28 08:51:38,80,0,0,직매입,N,,,,25326,23024,2302,2026080,0,N
143348648,일반,발주확정,5332788,오아접이식블루투스키보드-블랙,8809487300045,오아 주식회사,2026-09-29,2026-09-28 08:51:38,160,0,0,직매입,N,,,,25326,23024,2302,4052160,0,N
143348648,일반,발주확정,55357095,오아 클린이포터블 휴대용 접이식 무선 구강세정기 화이트 OORL-013WH,8809822425754,오아 주식회사,2026-09-29,2026-09-28 08:51:38,177,0,0,직매입,N,,,,26666,24242,2424,4719882,0,N
143348648,일반,발주확정,68938743,오아 프리온 무선 미니 배터리 분리 기내반입 세라믹 고데기 핑크 OSTR-013PK,8809822428519,오아 주식회사,2026-09-29,2026-09-28 08:51:38,154,0,0,직매입,N,,,,33433,30394,3039,5148682,0,N
143348648,일반,발주확정,50326931,오아 오토 고데기 자동 회전 봉 고대기 40mm 퍼플 OHA-034PU,8809822425044,오아 주식회사,2026-09-29,2026-09-28 08:51:38,156,0,0,직매입,N,,,,36046,32769,3277,5623176,0,N
143348648,일반,발주확정,50725354,오아 어깨 찜질기 온열 전기 목 등 찜질 찜질팩 온열기 딥그레이 OMS-033DG,8809822425327,오아 주식회사,2026-09-29,2026-09-28 08:51:38,160,0,0,직매입,N,,,,32026,29115,2911,5124160,0,N
143348648,일반,발주확정,64778162,오아 베이직 휴대용 미니 헤어 뿌리 볼륨 빗고데기 베이지 OSTR-002BE1,8809822429523,오아 주식회사,2026-09-29,2026-09-28 08:51:38,63,63,0,직매입,N,,,,20033,18212,1821,1262079,0,N
143348648,일반,발주확정,18291047,보아르 아가맘마 보틀워머 젖병 살균기 모유 분유 이유식 해동 중탕기,8809487309727,오아 주식회사,2026-09-29,2026-09-28 08:51:38,120,0,0,직매입,N,,,,38726,35205,3521,4647120,0,N
143348648,일반,발주확정,51016959,오아 접이식 블루투스 무선 접이식 키보드 메탈그레이 OA-KB100MG,8809822425358,오아 주식회사,2026-09-29,2026-09-28 08:51:38,234,0,0,직매입,N,,,,25326,23024,2302,5926284,0,N
143348648,일반,발주확정,66546178,오아 폴딩풋스파 접이식 가정용 족탕기 화이트 OFBA-001WH,8809822428021,오아 주식회사,2026-09-29,2026-09-28 08:51:38,24,0,0,직매입,N,,,,36716,33378,3338,881184,0,N
143348648,일반,발주확정,69096296,오아 클린이퓨어 PRO 휴대용 UV 칫솔 소독 살균기 코튼핑크 OTS-004CP,8809822429257,오아 주식회사,2026-09-29,2026-09-28 08:51:38,168,0,0,직매입,N,,,,15946,14496,1450,2678928,0,N
143348648,일반,발주확정,69096297,오아 클린이퓨어 PRO 휴대용 UV 칫솔 소독 살균기 클라우디블루 OTS-004CB,8809822429264,오아 주식회사,2026-09-29,2026-09-28 08:51:38,33,0,0,직매입,N,,,,15946,14496,1450,526218,0,N
143348648,일반,발주확정,51989601,오아 클린이워터B D F Z 전용 5종 팁세트 1세트 OET-067-OROWH,8809487308317,오아 주식회사,2026-09-29,2026-09-28 08:51:38,186,100,0,직매입,N,,,,5963,5421,542,1109118,0,N
143348648,일반,발주확정,59932138,보아르 이지 텀블렌더 휴대용 미니 믹서기 텀블러 무선 소형 블렌더 VBLD-003IV,8809822426744,오아 주식회사,2026-09-29,2026-09-28 08:51:38,50,50,0,직매입,N,,,,24723,22475,2248,1236150,0,N
143348648,일반,발주확정,69772625,오아 클린이워터B-UV 휴대용 구강세정기 물치실 IPX7 방수 치아세정기 클라우디블루 OORL-018CB,8809822428731,오아 주식회사,2026-09-29,2026-09-28 08:51:38,104,0,0,직매입,N,,,,29413,26739,2674,3058952,0,N
143348648,일반,발주확정,69772627,오아 클린이워터B-UV 휴대용 구강세정기 물치실 IPX7 방수 치아세정기 차콜스톤 OORL-018CS,8809822428748,오아 주식회사,2026-09-29,2026-09-28 08:51:38,153,0,0,직매입,N,,,,29413,26739,2674,4500189,0,N
143348648,일반,발주확정,68253037,오아 BLDC 헤어 드라이기 미니 블루 ODRY-008BL 1100W + 파우치,8809822428502,오아 주식회사,2026-09-29,2026-09-28 08:51:38,125,0,0,직매입,N,,,,30083,27348,2735,3760375,0,N
143348648,일반,발주확정,69772629,오아 클린이워터B-UV 휴대용 구강세정기 물치실 IPX7 방수 치아세정기 포그밀크 OORL-018FM,8809822428724,오아 주식회사,2026-09-29,2026-09-28 08:51:38,535,0,0,직매입,N,,,,29413,26739,2674,15735955,0,N
143348648,일반,발주확정,78907466,오아 클린이스쿨 IPX8 좌우회전 어린이 음파 전동 칫솔 코튼핑크 1개 OETB-010CP,8800367920469,오아 주식회사,2026-09-29,2026-09-28 08:51:38,2,0,0,직매입,N,,,,27531,25028,2503,55062,0,N
143348648,일반,발주확정,44916947,오아 바디건 OMS-034BE,8809822424863,오아 주식회사,2026-09-29,2026-09-28 08:51:38,138,0,0,직매입,N,,,,22713,20648,2065,3134394,0,N
143348648,일반,발주확정,59056260,보아르 폴더블 휴대용 접이식 프리볼트 여행용 전기포트 VPEP-004WH,8809822426270,오아 주식회사,2026-09-29,2026-09-28 08:51:38,122,0,0,직매입,N,,,,26733,24303,2430,3261426,0,N
143348647,일반,발주확정,69040158,오아 퀵롤차저 65W GaN C타입 케이블 일체형 초고속 2포트 멀티 고속 휴대폰 충전기 BLACK 1개,8809822429493,오아 주식회사,2026-09-29,2026-09-28 08:51:38,55,0,0,직매입,N,,,,15276,13887,1389,840180,0,N
143348647,일반,발주확정,27011098,오아 볼륨 컬링 티타늄 이지봉고데기 화이트 OHA-012WH,8809822421411,오아 주식회사,2026-09-29,2026-09-28 08:51:38,110,110,0,직매입,N,,,,26666,24242,2424,2933260,0,N
143348647,일반,발주확정,73461995,오아 클린이워터J2 휴대용 구강세정기 무선 물치실 포그밀크 OORL-020FM,8809822429516,오아 주식회사,2026-09-29,2026-09-28 08:51:38,261,0,0,직매입,N,,,,20033,18212,1821,5228613,0,N
143348647,일반,발주확정,31743599,오아 미니 턴테이블 무선 블루투스 스피커 화이트 OSD-002WH,8809822422111,오아 주식회사,2026-09-29,2026-09-28 08:51:38,52,0,0,직매입,N,,,,20033,18212,1821,1041716,0,N
143348647,일반,발주확정,74884452,보아르 모노 반자동 커피머신 20bar 에스프레소 라떼 홈카페 화이트 VCMK-003WH,8809822429462,오아 주식회사,2026-09-29,2026-09-28 08:51:38,26,0,0,직매입,N,,,,82110,74645,7465,2134860,0,N
143348647,일반,발주확정,27056005,보아르 워시스핀C 무선 충전식 욕실 청소기 VCL-031WH,8809822421923,오아 주식회사,2026-09-29,2026-09-28 08:51:38,36,0,0,직매입,N,,,,16616,15105,1511,598176,0,N
143348647,일반,발주확정,4152608,오아 아이브릭 블루투스 스피커 OA-IBRICK 골든우드,8809487303282,오아 주식회사,2026-09-29,2026-09-28 08:51:38,48,0,0,직매입,N,,,,16616,15105,1511,797568,0,N
143348647,일반,발주확정,45573288,오아 턴에어Pro 미니 탁상용 무선 선풍기 서큘레이터 화이트 OFN-061WH,8809822424764,오아 주식회사,2026-09-29,2026-09-28 08:51:38,4,4,0,직매입,N,,,,30083,27348,2735,120332,0,N
143348647,일반,발주확정,64214259,오아 히트스팟S 미니 손목 무선 EMS 저주파 온열 마사지기 블랙 OMSG-025BK,8809822427666,오아 주식회사,2026-09-29,2026-09-28 08:51:38,85,0,0,직매입,N,,,,32093,29175,2918,2727905,0,N
143348647,일반,발주확정,38312169,오아 뿌리 볼륨 고데기 미니 앞머리 휴대용 뽕 매직기,8809822422906,오아 주식회사,2026-09-29,2026-09-28 08:51:38,120,0,0,직매입,N,,,,23316,21196,2120,2797920,0,N
143348633,일반,발주확정,50425564,삼대오백 L글루타민 300 파우더 분말 300g 1개,8809822425563,오아 주식회사,2026-09-29,2026-09-28 08:51:38,48,48,0,직매입,N,,20251213,20281211,14673,13339,1334,704304,0,N
143348633,일반,발주확정,61895601,삼대오백 L글루타민 300 파우더 분말 700g 1개,8809822427642,오아 주식회사,2026-09-29,2026-09-28 08:51:38,30,30,0,직매입,N,,20260516,20290514,25935,23577,2358,778050,0,N
143348595,일반,거래명세서확인요청,15004955,"오아 타프 실링팬 캠핑용 천장형 BLDC 무선 선풍기, OFN-037WH, 화이트",8809487309284,오아 주식회사,2026-09-29,2026-09-28 08:51:38,64,64,64,직매입,N,,,,23316,21196,2120,1492224,1492224,N
143348595,일반,거래명세서확인요청,10155238,보아르 모아1000 미니 공기청정 제습기 소형 원룸 화장실 드레스룸 옷방 욕실,8809487306092,오아 주식회사,2026-09-29,2026-09-28 08:51:38,2,2,2,직매입,N,,,,60720,55200,5520,121440,121440,N
143348590,일반,거래명세서확인요청,13473750,오아 클린이워터F 대용량 1L 구강 세정 세척기,8809487308263,오아 주식회사,2026-09-29,2026-09-28 08:51:38,182,182,182,직매입,N,,,,33366,30333,3033,6072612,6072612,N
143348590,일반,거래명세서확인요청,12846215,오아 클린이워터B 휴대용 무선 구강세정기,8809487308195,오아 주식회사,2026-09-29,2026-09-28 08:51:38,5380,2000,2000,직매입,N,,,,26666,24242,2424,143463080,53332000,N
143348586,일반,거래명세서확인요청,11671481,"오아 클린이 소프트 자동 압력센서 음파 전동칫솔, 화이트",8809487307242,오아 주식회사,2026-09-29,2026-09-28 08:51:38,78,0,0,직매입,N,,,,24656,22415,2241,1923168,0,N
143348586,일반,거래명세서확인요청,12674973,오아 클린이 소프트B 자동 압력센서 음파 전동 칫솔 화이트,8809487308102,오아 주식회사,2026-09-29,2026-09-28 08:51:38,30,30,30,직매입,N,,,,22646,20587,2059,679380,679380,N
143348586,일반,거래명세서확인요청,14134779,오아 클린이 소프트 시리즈 전용 미세모 리필 칫솔모 화이트 4ea,8809487308775,오아 주식회사,2026-09-29,2026-09-28 08:51:38,240,80,80,직매입,N,,,,7638,6944,694,1833120,611040,N
143348586,일반,거래명세서확인요청,12434130,오아 클린이소프트 전용 프리미엄 리필 칫솔모 블랙 4ea,8809487307815,오아 주식회사,2026-09-29,2026-09-28 08:51:38,1120,300,300,직매입,N,,,,5963,5421,542,6678560,1788900,N
143348586,일반,거래명세서확인요청,11671480,"오아 클린이 소프트 전용 리필 칫솔모, VO-ET034, 화이트 4ea",8809487307235,오아 주식회사,2026-09-29,2026-09-28 08:51:38,1520,0,0,직매입,N,,,,5963,5421,542,9063760,0,N
143348552,일반,거래명세서확인요청,13195811,오아 듀얼 무릎 마사지기 V2 무선 온열 마사지 찜질 안마기OMS-008BE,8809487308140,오아 주식회사,2026-09-29,2026-09-28 08:51:37,8,8,8,직매입,N,,,,91790,83445,8345,734320,734320,N
143348552,일반,거래명세서확인요청,11229298,오아 눈편한세상 눈 안마기 무선 마사지 기계 온열 찜질기,8809487307204,오아 주식회사,2026-09-29,2026-09-28 08:51:37,284,0,0,직매입,N,,,,23316,21196,2120,6621744,0,N
143348245,일반,발주확정,26426530,오아 슬리머 안마기 쿠션형 마사지기-베이지,8809487307655,오아 주식회사,2026-09-29,2026-09-28 08:51:35,500,0,0,직매입,N,,,,21976,19978,1998,10988000,0,N
143348245,일반,발주확정,4152606,오아 아이브릭 블루투스 스피커 OA-IBRICK 딥우드,8809487303275,오아 주식회사,2026-09-29,2026-09-28 08:51:35,744,0,0,직매입,N,,,,16616,15105,1511,12362304,0,N
143348245,일반,발주확정,12362063,보아르 에이블 듀얼 에어프라이어 23리터 스텐 오븐 에어프라이기 가정용 대용량 에어후라이기,8809822425983,오아 주식회사,2026-09-29,2026-09-28 08:51:35,82,0,0,직매입,N,,,,92460,84055,8405,7581720,0,N
143348245,일반,발주확정,52162444,오아 에어리소닉 BLDC 항공모터 고속 초경량 헤어 드라이기 베이지 OHA-032BE 1600W,8809822425549,오아 주식회사,2026-09-29,2026-09-28 08:51:35,1308,700,0,직매입,N,,,,43416,39469,3947,56788128,0,N
143348245,일반,발주확정,73893263,보아르 이지 전기포트 M1 접이식 분유포트 휴대용 미니 여행용 프리볼트 온도조절 커피포트 VPEP-006IV,8809822429882,오아 주식회사,2026-09-29,2026-09-28 08:51:35,940,100,0,직매입,N,,,,34362,31238,3124,32300280,0,N
143348245,일반,발주확정,40852278,오아 플렌티 플렛 4L 자동습도조절 접이식 대용량 초음파 가습기 OHM-076WH,8809822423989,오아 주식회사,2026-09-29,2026-09-28 08:51:35,213,0,0,직매입,N,,,,40066,36424,3642,8534058,0,N
143348245,일반,발주확정,10727917,보아르 혼요 멀티쿠커 전골 전기 냄비 만능 테이블 쿠커,8809487306504,오아 주식회사,2026-09-29,2026-09-28 08:51:35,64,0,0,직매입,N,,,,33366,30333,3033,2135424,0,N
143348245,일반,발주확정,47936724,오아 에어리소닉 BLDC 항공모터 고속 초경량 헤어 드라이기 핑크 OHA-032PK,8809822425136,오아 주식회사,2026-09-29,2026-09-28 08:51:35,572,250,0,직매입,N,,,,43416,39469,3947,24833952,0,N
143348245,일반,발주확정,42913903,오아 클래식 LP플레이어 턴테이블 블루투스 스피커 OSD-007WH,8809822424511,오아 주식회사,2026-09-29,2026-09-28 08:51:35,76,60,0,직매입,N,,,,43416,39469,3947,3299616,0,N
143304751,사전,거래명세서확인요청,26426530,오아 슬리머 안마기 쿠션형 마사지기-베이지,8809487307655,오아 주식회사,2026-09-29,2026-09-23 16:06:50,48,0,0,직매입,N,,,,21976,19978,1998,1054848,0,N
143304751,사전,거래명세서확인요청,5332788,오아접이식블루투스키보드-블랙,8809487300045,오아 주식회사,2026-09-29,2026-09-23 16:06:50,19,0,0,직매입,N,,,,25326,23024,2302,481194,0,N
143304751,사전,거래명세서확인요청,69096296,오아 클린이퓨어 PRO 휴대용 UV 칫솔 소독 살균기 코튼핑크 OTS-004CP,8809822429257,오아 주식회사,2026-09-29,2026-09-23 16:06:50,23,0,0,직매입,N,,,,15946,14496,1450,366758,0,N
143304751,사전,거래명세서확인요청,42519088,보아르 포스A 유선 핸디 진공 청소기 화이트 VCL-039WH,8809822424450,오아 주식회사,2026-09-29,2026-09-23 16:06:50,1,1,1,직매입,N,,,,40066,36424,3642,40066,40066,N
143304751,사전,거래명세서확인요청,75741354,오아 에어리소닉 BLDC 항공모터 고속 초경량 헤어 드라이기 1600W 화이트 OHA-032WH,8800367920285,오아 주식회사,2026-09-29,2026-09-23 16:06:50,37,0,0,직매입,N,,,,43416,39469,3947,1606392,0,N
143304751,사전,거래명세서확인요청,31743599,오아 미니 턴테이블 무선 블루투스 스피커 화이트 OSD-002WH,8809822422111,오아 주식회사,2026-09-29,2026-09-23 16:06:50,7,0,0,직매입,N,,,,20033,18212,1821,140231,0,N
143304751,사전,거래명세서확인요청,39663616,오아 클린이워터S 휴대용 무선 구강세정기 OOR-013WH,8809822423453,오아 주식회사,2026-09-29,2026-09-23 16:06:50,2,2,2,직매입,N,,,,25326,23024,2302,50652,50652,N
143304751,사전,거래명세서확인요청,44916947,오아 바디건 OMS-034BE,8809822424863,오아 주식회사,2026-09-29,2026-09-23 16:06:50,15,0,0,직매입,N,,,,22713,20648,2065,340695,0,N
143304751,사전,거래명세서확인요청,44374810,보아르 아띠랑스 무선 미니 전기포트 올 스텐 커피포트 베이지 VPT-003BE,8809822424597,오아 주식회사,2026-09-29,2026-09-23 16:06:50,14,0,0,직매입,N,,,,25326,23024,2302,354564,0,N
143304751,사전,거래명세서확인요청,56667264,오아 미니 핸디 무선 진공 소형 스틱 청소기 화이트 OCVC-006WH,8809822425945,오아 주식회사,2026-09-29,2026-09-23 16:06:50,5,0,0,직매입,N,,,,42746,38860,3886,213730,0,N
143264084,일반,발주확정,69040158,오아 퀵롤차저 65W GaN C타입 케이블 일체형 초고속 2포트 멀티 고속 휴대폰 충전기 BLACK 1개,8809822429493,오아 주식회사,2026-09-29,2026-09-23 12:26:01,26,26,0,직매입,N,,,,15276,13887,1389,397176,0,N
143264084,일반,발주확정,66607099,보아르 웜시스 타워형 히터 리모컨 PTC 온풍기 가정용 사무실 전기 히터 화이트 VHET-004WH,8809822428144,오아 주식회사,2026-09-29,2026-09-23 12:26:01,5,5,0,직매입,N,,,,66330,60300,6030,331650,0,N
143264084,일반,발주확정,76374401,오아 올리미 속눈썹 고데기 온열 히팅 뷰러 화이트 OHEC-002WH,8800367920360,오아 주식회사,2026-09-29,2026-09-23 12:26:01,6,6,0,직매입,N,,,,16491,14992,1499,98946,0,N
143264084,일반,발주확정,76374400,오아 올리미 속눈썹 고데기 온열 히팅 뷰러 핑크 OHEC-002PK,8800367920377,오아 주식회사,2026-09-29,2026-09-23 12:26:01,2,2,0,직매입,N,,,,16491,14992,1499,32982,0,N
143264084,일반,발주확정,47936724,오아 에어리소닉 BLDC 항공모터 고속 초경량 헤어 드라이기 핑크 OHA-032PK,8809822425136,오아 주식회사,2026-09-29,2026-09-23 12:26:01,95,0,0,직매입,N,,,,43416,39469,3947,4124520,0,N
143264084,일반,발주확정,51533853,오아 오토셋 웨이브 뿌리 볼륨 봉고데기 화이트 OHA-029BL,8809822424726,오아 주식회사,2026-09-29,2026-09-23 12:26:01,2,2,0,직매입,N,,,,40066,36424,3642,80132,0,N
143264084,일반,발주확정,68462854,오아 퀵차지탱크 PD 대용량100W 고속충전 보조배터리 20000mAh 블랙 OBAT-003BK,8809822428489,오아 주식회사,2026-09-29,2026-09-23 12:26:01,7,0,0,직매입,N,,,,40066,36424,3642,280462,0,N
143264084,일반,발주확정,74884452,보아르 모노 반자동 커피머신 20bar 에스프레소 라떼 홈카페 화이트 VCMK-003WH,8809822429462,오아 주식회사,2026-09-29,2026-09-23 12:26:01,1,0,0,직매입,N,,,,82110,74645,7465,82110,0,N
143264084,일반,발주확정,38157908,오아 슈퍼플로우 여행용 헤어 드라이기 BLDC 저소음 휴대용 미니 수이온 드라이어,8809822422869,오아 주식회사,2026-09-29,2026-09-23 12:26:01,1,1,0,직매입,N,,,,86430,78573,7857,86430,0,N
143264084,일반,발주확정,13644995,보아르 혼요 미니 전기 밥솥 1.2L,8809487308416,오아 주식회사,2026-09-29,2026-09-23 12:26:01,1,1,0,직매입,N,,,,30016,27287,2729,30016,0,N
143264084,일반,발주확정,67191572,오아 무선 휴대용 볼트건 안마기 OMSG-024BK 블랙,8809822427918,오아 주식회사,2026-09-29,2026-09-23 12:26:01,28,28,0,직매입,N,,,,26733,24303,2430,748524,0,N
143264084,일반,발주확정,69594684,보아르 모노 전동 커피 그라인더 무선 자동 원두분쇄기 VBLD-009WH,8809822428182,오아 주식회사,2026-09-29,2026-09-23 12:26:01,25,0,0,직매입,N,,,,22043,20039,2004,551075,0,N
143264084,일반,발주확정,54145830,오아 그립인 스마트 체중계 가정용 체지방 디지털 체성분 측정기 OSCA-001WH,8809822425495,오아 주식회사,2026-09-29,2026-09-23 12:26:01,10,0,0,직매입,N,,,,52930,48118,4812,529300,0,N
143264084,일반,발주확정,45573288,오아 턴에어Pro 미니 탁상용 무선 선풍기 서큘레이터 화이트 OFN-061WH,8809822424764,오아 주식회사,2026-09-29,2026-09-23 12:26:01,2,2,0,직매입,N,,,,30083,27348,2735,60166,0,N
143264084,일반,발주확정,64214259,오아 히트스팟S 미니 손목 무선 EMS 저주파 온열 마사지기 블랙 OMSG-025BK,8809822427666,오아 주식회사,2026-09-29,2026-09-23 12:26:01,19,0,0,직매입,N,,,,32093,29175,2918,609767,0,N
143264084,일반,발주확정,62379668,오아 스윙바스 좌우 회전 음파 전동 칫솔 화이트 1개 OORL-016WH,8809822426942,오아 주식회사,2026-09-29,2026-09-23 12:26:01,1,1,0,직매입,N,,,,23383,21257,2126,23383,0,N
143264084,일반,발주확정,46962408,오아 울트라젯 휴대용 미니 무선 손 선풍기 초강력 저소음 핸디 핸드 캠핑 에어건 손풍기 블랙 OFN-063BK,8809822424931,오아 주식회사,2026-09-29,2026-09-23 12:26:01,1,1,0,직매입,N,,,,59630,54209,5421,59630,0,N
143264084,일반,발주확정,50153946,보아르 미니 여행용 트래블스티머 다리미 화이트 VIR-008WH,8809822425020,오아 주식회사,2026-09-29,2026-09-23 12:26:01,3,0,0,직매입,N,,,,20971,19065,1906,62913,0,N
143264084,일반,발주확정,39147133,오아 스마트 체지방 체성분 핸드바 체중계PRO 화이트 OWM-005WH,8809822423842,오아 주식회사,2026-09-29,2026-09-23 12:26:01,1,1,0,직매입,N,,,,51590,46900,4690,51590,0,N
143264084,일반,발주확정,50875168,오아 커버넥 무선 목 어깨 온열 마사지기 베이지 OMSG-010BE,8809822425426,오아 주식회사,2026-09-29,2026-09-23 12:26:01,2,2,0,직매입,N,,,,58826,53478,5348,117652,0,N
143264084,일반,발주확정,32711387,오아 클린이소프트 시리즈 전용 리필 미세모 블랙 2P 1개 OET-078-OTOBK,8809487308768,오아 주식회사,2026-09-29,2026-09-23 12:26:01,10,10,0,직매입,N,,,,4020,3655,365,40200,0,N
143264084,일반,발주확정,37034524,오아 스트레칭 마사지기 전신 목 어깨 허리 안마기 에어 안마 매트,8809822422814,오아 주식회사,2026-09-29,2026-09-23 12:26:01,5,5,0,직매입,N,,,,118590,107809,10781,592950,0,N
143264084,일반,발주확정,34320928,오아 라운드 미니 탁상용 무선 휴대용 USB BLDC 선풍기 화이트,8809822422401,오아 주식회사,2026-09-29,2026-09-23 12:26:01,2,2,0,직매입,N,,,,16013,14557,1456,32026,0,N
143264084,일반,발주확정,66357977,오아 소닉플로우 BLDC 항공모터 고속 초경량 헤어 드라이기 1800W 베이지 ODRY-007BE,8809822427970,오아 주식회사,2026-09-29,2026-09-23 12:26:01,60,0,0,직매입,N,,,,33433,30394,3039,2005980,0,N
143264084,일반,발주확정,36608029,오아 아이템플 OMS-025WH,8809822423187,오아 주식회사,2026-09-29,2026-09-23 12:26:01,3,3,0,직매입,N,,,,46230,42027,4203,138690,0,N
143264084,일반,발주확정,63742200,보아르 아가온 분유포트 3000ml 대용량 보온 원터치 출수 분리형 물통 VBNM-002WH,8809822427123,오아 주식회사,2026-09-29,2026-09-23 12:26:01,2,2,0,직매입,N,,,,86430,78573,7857,172860,0,N
143264084,일반,발주확정,22119013,보아르 워시 B 핸디 살균 스팀 청소기,8809822420803,오아 주식회사,2026-09-29,2026-09-23 12:26:01,3,3,0,직매입,N,,,,64923,59021,5902,194769,0,N
143264084,일반,발주확정,72683872,보아르 워터클링 패브릭 쇼파 무선 습식 청소기 화이트 VCVC-022WH,8809822429974,오아 주식회사,2026-09-29,2026-09-23 12:26:01,5,5,0,직매입,N,,,,99160,90145,9015,495800,0,N
143264084,일반,발주확정,38183281,오아 넥스트레쳐 목 마사지기 거북목 스트레칭 EMS 저주파 안마기 OMS-026BE,8809822423330,오아 주식회사,2026-09-29,2026-09-23 12:26:01,6,6,0,직매입,N,,,,26666,24242,2424,159996,0,N
143264084,일반,발주확정,40771157,보아르 아가맘마 통유리 보온 퓨어 분유포트,8809822423934,오아 주식회사,2026-09-29,2026-09-23 12:26:01,17,17,0,직매입,N,,,,46230,42027,4203,785910,0,N
143264084,일반,발주확정,34464589,오아 라운드PRO 무선 스탠드 선풍기 써큘레이터 리모컨 공기순환기 베이지 OFN-045BE,8809822422418,오아 주식회사,2026-09-29,2026-09-23 12:26:01,2,2,0,직매입,N,,,,86430,78573,7857,172860,0,N
143264084,일반,발주확정,12496637,오아 퓨어라인 실리콘 진동 클렌저 얼굴 전동 마사지기 피부 홈케어 클렌징 기계,8809487307792,오아 주식회사,2026-09-29,2026-09-23 12:26:01,1,1,0,직매입,N,,,,26666,24242,2424,26666,0,N
143264084,일반,발주확정,67627331,오아 웨이스트레쳐 무선 EMS 저주파 등 허리 마사지기 스트레칭 온열 찜질 안마기 베이지 OMSG-020BE,8809822428076,오아 주식회사,2026-09-29,2026-09-23 12:26:01,5,5,0,직매입,N,,,,36716,33378,3338,183580,0,N
143264084,일반,발주확정,36606823,보아르 TV스탠드 와이드 이동식 이젤형 거치대 VET-005WH,8809822422821,오아 주식회사,2026-09-29,2026-09-23 12:26:01,1,1,0,직매입,N,,,,85090,77355,7735,85090,0,N
143264084,일반,발주확정,39239709,오아 무선 에어건S 초강력 미니 먼지제거 청소기 OCL-033WH,8809822423811,오아 주식회사,2026-09-29,2026-09-23 12:26:01,1,1,0,직매입,N,,,,44756,40687,4069,44756,0,N
143264084,일반,발주확정,69767288,보아르 비드틱S 수비드머신 온도조절 스테인리스 304 진공 조리기 VSVM-001BK,8809822428700,오아 주식회사,2026-09-29,2026-09-23 12:26:01,314,80,0,직매입,N,,,,66330,60300,6030,20827620,0,N
143264084,일반,발주확정,66778787,오아 미니핏 휴대용 고데기베이지 OSTR-008BE,8809822428113,오아 주식회사,2026-09-29,2026-09-23 12:26:01,3,3,0,직매입,N,,,,17353,15775,1578,52059,0,N
143264084,일반,발주확정,77463489,오아 에어스트레이트 2in1 헤어스타일러 항공모터 드라이기 음이온 고데기 핑크 ODRY-012PK,8800367920544,오아 주식회사,2026-09-29,2026-09-23 12:26:01,3,3,0,직매입,N,,,,102810,93464,9346,308430,0,N
143264084,일반,발주확정,39663616,오아 클린이워터S 휴대용 무선 구강세정기 OOR-013WH,8809822423453,오아 주식회사,2026-09-29,2026-09-23 12:26:01,10,10,0,직매입,N,,,,25326,23024,2302,253260,0,N
143264084,일반,발주확정,71291488,오아 베이직 5엽 날개 키높이 스탠드 선풍기 OSFN-001SC,8809822429608,오아 주식회사,2026-09-29,2026-09-23 12:26:01,4,4,0,직매입,N,,,,27531,25028,2503,110124,0,N
143264084,일반,발주확정,12481759,보아르 에이블나인 가정용 캠핑용 자동세척 급속 제빙기 블랙,8809487307594,오아 주식회사,2026-09-29,2026-09-23 12:26:01,1,1,0,직매입,N,,,,95910,87191,8719,95910,0,N
143264084,일반,발주확정,18980681,오아 바디스팟W 손목 마사지기 OMS-017BK,8809822420117,오아 주식회사,2026-09-29,2026-09-23 12:26:01,4,4,0,직매입,N,,,,19966,18151,1815,79864,0,N
143264084,일반,발주확정,50326931,오아 오토 고데기 자동 회전 봉 고대기 40mm 퍼플 OHA-034PU,8809822425044,오아 주식회사,2026-09-29,2026-09-23 12:26:01,37,0,0,직매입,N,,,,36046,32769,3277,1333702,0,N
143264084,일반,발주확정,58610450,오아 에어링 무선 탁상용 미니 선풍기 USB 저소음 아이보리 OMFN-004IV,8809822426621,오아 주식회사,2026-09-29,2026-09-23 12:26:01,2,2,0,직매입,N,,,,26666,24242,2424,53332,0,N
143264084,일반,발주확정,64778161,오아 베이직 휴대용 미니 헤어 뿌리 볼륨 빗고데기 블루 OSTR-002BL1,8809822429530,오아 주식회사,2026-09-29,2026-09-23 12:26:01,2,2,0,직매입,N,,,,20033,18212,1821,40066,0,N
143264084,일반,발주확정,18291047,보아르 아가맘마 보틀워머 젖병 살균기 모유 분유 이유식 해동 중탕기,8809487309727,오아 주식회사,2026-09-29,2026-09-23 12:26:01,137,0,0,직매입,N,,,,38726,35205,3521,5305462,0,N
143264084,일반,발주확정,62380995,보아르 다이닝온 온도조절 보온 커피 분유 올스텐 티 전기포트 1.5L VHEP-005IV,8809822426850,오아 주식회사,2026-09-29,2026-09-23 12:26:01,52,0,0,직매입,N,,,,33366,30333,3033,1735032,0,N
143264084,일반,발주확정,69096297,오아 클린이퓨어 PRO 휴대용 UV 칫솔 소독 살균기 클라우디블루 OTS-004CB,8809822429264,오아 주식회사,2026-09-29,2026-09-23 12:26:01,44,0,0,직매입,N,,,,15946,14496,1450,701624,0,N
143264084,일반,발주확정,42051062,보아르 스테인리스 304 다이닝 토스트기 VDT-001IV,8809822424498,오아 주식회사,2026-09-29,2026-09-23 12:26:01,6,6,0,직매입,N,,,,40133,36485,3648,240798,0,N
143264077,일반,거래명세서확인요청,12143584,"보아르 휘겔리 공기청정기 완전필터 시리즈 스탠다드 프리미엄 펫팸 필터, 펫팸 필터 E0151",8809487307419,오아 주식회사,2026-09-29,2026-09-23 12:26:01,2,2,2,직매입,N,,,,12998,11816,1182,25996,25996,N
143264077,일반,거래명세서확인요청,11192163,보아르 그린에어 공기청정기 교체용 필터,8809487306757,오아 주식회사,2026-09-29,2026-09-23 12:26:01,1,1,1,직매입,N,,,,14338,13035,1303,14338,14338,N
143264077,일반,거래명세서확인요청,12143581,"보아르 클린에어 공기청정기 완전필터 시리즈 스탠다드 프리미엄 펫팸 필터, 펫팸 필터 E0149",8809487307396,오아 주식회사,2026-09-29,2026-09-23 12:26:01,1,1,1,직매입,N,,,,16348,14862,1486,16348,16348,N
143264050,일반,거래명세서확인요청,15004955,"오아 타프 실링팬 캠핑용 천장형 BLDC 무선 선풍기, OFN-037WH, 화이트",8809487309284,오아 주식회사,2026-09-29,2026-09-23 12:26:01,7,7,7,직매입,N,,,,23316,21196,2120,163212,163212,N
143264050,일반,거래명세서확인요청,10155238,보아르 모아1000 미니 공기청정 제습기 소형 원룸 화장실 드레스룸 옷방 욕실,8809487306092,오아 주식회사,2026-09-29,2026-09-23 12:26:01,1,1,1,직매입,N,,,,60720,55200,5520,60720,60720,N
143264033,일반,발주확정,13101218,오아 클린이소프트R 자동압력센서 롤링터치 음파 전동 칫솔 블랙,8809487308133,오아 주식회사,2026-09-29,2026-09-23 12:26:01,2,2,0,직매입,N,,,,29346,26678,2668,58692,0,N
143264033,일반,발주확정,12465755,오아 클린이 소프트 자동 압력센서 음파 전동칫솔 블랙,8809487307785,오아 주식회사,2026-09-29,2026-09-23 12:26:01,15,15,0,직매입,N,,,,24656,22415,2241,369840,0,N
143264033,일반,발주확정,13101217,오아 클린이소프트R 자동압력센서 롤링터치 음파 전동 칫솔 화이트,8809487308126,오아 주식회사,2026-09-29,2026-09-23 12:26:01,15,0,0,직매입,N,,,,29346,26678,2668,440190,0,N
143264033,일반,발주확정,12775096,"오아 클린이 소프트 음파 전동칫솔 2세트, VO-OC001(화이트,블랙)",8809487308560,오아 주식회사,2026-09-29,2026-09-23 12:26:01,3,0,0,직매입,N,,,,46632,42393,4239,139896,0,N
143264033,일반,발주확정,11671481,"오아 클린이 소프트 자동 압력센서 음파 전동칫솔, 화이트",8809487307242,오아 주식회사,2026-09-29,2026-09-23 12:26:01,21,0,0,직매입,N,,,,24656,22415,2241,517776,0,N
143264033,일반,발주확정,14134778,오아 클린이 소프트 시리즈 전용 미세모 리필 칫솔모 블랙4ea,8809487308782,오아 주식회사,2026-09-29,2026-09-23 12:26:01,9,0,0,직매입,N,,,,7638,6944,694,68742,0,N
143264033,일반,발주확정,12674974,오아 클린이 소프트B 자동 압력센서 음파 전동 칫솔 블랙,8809487308119,오아 주식회사,2026-09-29,2026-09-23 12:26:01,6,6,0,직매입,N,,,,22646,20587,2059,135876,0,N
143264033,일반,발주확정,14473529,오아 유아용 클린이펭귄 블루 + 핑크 음파 전동 칫솔 세트,8809487309314,오아 주식회사,2026-09-29,2026-09-23 12:26:01,1,0,0,직매입,N,,,,15477,14070,1407,15477,0,N
143264031,일반,거래명세서확인요청,59932138,보아르 이지 텀블렌더 휴대용 미니 믹서기 텀블러 무선 소형 블렌더 VBLD-003IV,8809822426744,오아 주식회사,2026-09-29,2026-09-23 12:26:01,7,7,7,직매입,N,,,,24723,22475,2248,173061,173061,N
143264031,일반,거래명세서확인요청,69772625,오아 클린이워터B-UV 휴대용 구강세정기 물치실 IPX7 방수 치아세정기 클라우디블루 OORL-018CB,8809822428731,오아 주식회사,2026-09-29,2026-09-23 12:26:01,30,0,0,직매입,N,,,,29413,26739,2674,882390,0,N
143264031,일반,거래명세서확인요청,52211558,오아 투게더 헤드폰 무선 블루투스 노이즈캔슬링 접이식 헤드셋 아이보리 OEAP-002IV,8809822425457,오아 주식회사,2026-09-29,2026-09-23 12:26:01,2,2,2,직매입,N,,,,21976,19978,1998,43952,43952,N
143264031,일반,거래명세서확인요청,68253037,오아 BLDC 헤어 드라이기 미니 블루 ODRY-008BL 1100W + 파우치,8809822428502,오아 주식회사,2026-09-29,2026-09-23 12:26:01,35,20,20,직매입,N,,,,30083,27348,2735,1052905,601660,N
143264031,일반,거래명세서확인요청,13373616,오아 디지털 LED 스마트 인바디 체지방 체중계 몸무게 전자 저울 측정기,8809487307730,오아 주식회사,2026-09-29,2026-09-23 12:26:01,10,0,0,직매입,N,,,,16616,15105,1511,166160,0,N
143264031,일반,거래명세서확인요청,66417803,보아르 듀얼 히팅 에어프라이어8L 대용량 상하열선 투명 바스켓 에어프라이기 그릴 오븐형 에어후라이기 블랙 VAFR-004BK,8809822427796,오아 주식회사,2026-09-29,2026-09-23 12:26:01,25,10,10,직매입,N,,,,79730,72482,7248,1993250,797300,N
143264031,일반,거래명세서확인요청,75077119,보아르 슈트쏙 미니 의류관리기 휴대용 살균 소형 건조기 화이트 VCDM-002WH,8800367920513,오아 주식회사,2026-09-29,2026-09-23 12:26:01,9,0,0,직매입,N,,,,34431,31301,3130,309879,0,N
143264031,일반,거래명세서확인요청,73461995,오아 클린이워터J2 휴대용 구강세정기 무선 물치실 포그밀크 OORL-020FM,8809822429516,오아 주식회사,2026-09-29,2026-09-23 12:26:01,86,0,0,직매입,N,,,,20033,18212,1821,1722838,0,N
143264031,일반,거래명세서확인요청,61760291,보아르 다이닝 저당 밥솥 미니 6인용 스텐 아이보리 VERC-004IV,8809822426614,오아 주식회사,2026-09-29,2026-09-23 12:26:01,6,0,0,직매입,N,,,,59630,54209,5421,357780,0,N
143264031,일반,거래명세서확인요청,25433097,오아 클린이펭귄 유아 음파 전동칫솔 핑크 OOT-006PK,8809487308515,오아 주식회사,2026-09-29,2026-09-23 12:26:01,9,9,9,직매입,N,,,,8241,7492,749,74169,74169,N
143264031,일반,거래명세서확인요청,52874174,오아 포그니 발 온열 찜질기 다크그레이 OMTM-001DG,8809822425518,오아 주식회사,2026-09-29,2026-09-23 12:26:01,5,5,5,직매입,N,,,,26666,24242,2424,133330,133330,N
143264031,일반,거래명세서확인요청,60542212,오아 무선S 뿌리 볼륨 미니 휴대용 헤어 고데기 화이트 OSTR-004WH,8809822426867,오아 주식회사,2026-09-29,2026-09-23 12:26:01,7,0,0,직매입,N,,,,19966,18151,1815,139762,0,N
143264031,일반,거래명세서확인요청,76375597,오아 컬리미 속눈썹 고데기 온열 히팅 뷰러 화이트 OHEC-003WH,8800367920384,오아 주식회사,2026-09-29,2026-09-23 12:26:01,7,0,0,직매입,N,,,,16491,14992,1499,115437,0,N
143264031,일반,거래명세서확인요청,38312169,오아 뿌리 볼륨 고데기 미니 앞머리 휴대용 뽕 매직기,8809822422906,오아 주식회사,2026-09-29,2026-09-23 12:26:01,79,0,0,직매입,N,,,,23316,21196,2120,1841964,0,N
143264031,일반,거래명세서확인요청,76375598,오아 컬리미 속눈썹 고데기 온열 히팅 뷰러 핑크 OHEC-003PK,8800367920391,오아 주식회사,2026-09-29,2026-09-23 12:26:01,5,5,5,직매입,N,,,,16491,14992,1499,82455,82455,N
143264031,일반,거래명세서확인요청,70251147,보아르 이지업 텀블렌더 대용량 휴대용 믹서기 무선 과일 블렌더 VBLD-005IV,8809822428625,오아 주식회사,2026-09-29,2026-09-23 12:26:01,33,0,0,직매입,N,,,,30083,27348,2735,992739,0,N
143264031,일반,거래명세서확인요청,62498583,오아 큐브 멀티탭 PD35 고용량 4000W 콘센트 USB C타입 충전기 3구 멀티 어댑터 그린 1개,8809822427130,오아 주식회사,2026-09-29,2026-09-23 12:26:01,6,0,0,직매입,N,,,,22043,20039,2004,132258,0,N
143264031,일반,거래명세서확인요청,40639939,오아 25W 초소형 듀얼포트 PPS 초고속 PD 충전기 아이폰 갤럭시 C타입 어댑터,8809822424047,오아 주식회사,2026-09-29,2026-09-23 12:26:01,2,2,2,직매입,N,,,,6365,5786,579,12730,12730,N
143264031,일반,거래명세서확인요청,56896464,보아르 이지 전기포트 C 휴대용 접이식 여행용 올스텐 무선 커피포트,8809822429936,오아 주식회사,2026-09-29,2026-09-23 12:26:01,67,0,0,직매입,N,,,,38793,35266,3527,2599131,0,N
143264031,일반,거래명세서확인요청,42519088,보아르 포스A 유선 핸디 진공 청소기 화이트 VCL-039WH,8809822424450,오아 주식회사,2026-09-29,2026-09-23 12:26:01,1,1,1,직매입,N,,,,40066,36424,3642,40066,40066,N
143264031,일반,거래명세서확인요청,13959023,오아 티타늄 웨이브 펌 프리볼트 물결 고데기,8809487307877,오아 주식회사,2026-09-29,2026-09-23 12:26:01,38,0,0,직매입,N,,,,26666,24242,2424,1013308,0,N
143264031,일반,거래명세서확인요청,38977260,오아 ITO 스마트 인바디 디지털 체중계 정확한 가정용 몸무게 측정기,8809822423699,오아 주식회사,2026-09-29,2026-09-23 12:26:01,2,2,2,직매입,N,,,,28743,26130,2613,57486,57486,N
143264031,일반,거래명세서확인요청,37244806,오아 볼륨 컬링 티타늄 이지 봉고데기 핑크 OHA-012PK,8809822423118,오아 주식회사,2026-09-29,2026-09-23 12:26:01,11,11,11,직매입,N,,,,26666,24242,2424,293326,293326,N
143264031,일반,거래명세서확인요청,69039778,오아 소닉플로우 BLDC 항공모터 고속 초경량 헤어 드라이기 1800W 그레이 ODRY-007GR,8809822428816,오아 주식회사,2026-09-29,2026-09-23 12:26:01,35,0,0,직매입,N,,,,33433,30394,3039,1170155,0,N
143264031,일반,거래명세서확인요청,44374810,보아르 아띠랑스 무선 미니 전기포트 올 스텐 커피포트 베이지 VPT-003BE,8809822424597,오아 주식회사,2026-09-29,2026-09-23 12:26:01,5,0,0,직매입,N,,,,25326,23024,2302,126630,0,N
143264031,일반,거래명세서확인요청,64223250,오아 굿슬립 PRO 무선 목 어깨 승모근 마사지기 온열 안마기 아이보리 OMSG-015IV2,8809822427529,오아 주식회사,2026-09-29,2026-09-23 12:26:01,1,1,1,직매입,N,,,,52930,48118,4812,52930,52930,N
143264031,일반,거래명세서확인요청,62385013,보아르 보틀 휴대용 분유 무선 보온 여행용 전기 포트기 VBNM-003WH,8809822426973,오아 주식회사,2026-09-29,2026-09-23 12:26:01,40,20,20,직매입,N,,,,58960,53600,5360,2358400,1179200,N
143264031,일반,거래명세서확인요청,38417806,오아 오토 자동 롤러 웨이브 펌 프리볼트 고데기,8809822423149,오아 주식회사,2026-09-29,2026-09-23 12:26:01,10,10,10,직매입,N,,,,36716,33378,3338,367160,367160,N
143264031,일반,거래명세서확인요청,61929592,보아르 모노1.5L 스텐 316 분유 보온 온도조절 커피 전기 주전자 VHEP-004WH,8809822426904,오아 주식회사,2026-09-29,2026-09-23 12:26:01,2,2,2,직매입,N,,,,36783,33439,3344,73566,73566,N
143264031,일반,거래명세서확인요청,56651433,오아 덴티스윙 좌우 회전 음파 미세모 전동칫솔 화이트 1개 OETB-003WH,8809822425938,오아 주식회사,2026-09-29,2026-09-23 12:26:01,1,1,1,직매입,N,,,,33433,30394,3039,33433,33433,N
143264031,일반,거래명세서확인요청,63573761,오아 이지 물결 웨이브 볼륨 프리볼트 고데기 베이지 OHA-031BE,8809822427444,오아 주식회사,2026-09-29,2026-09-23 12:26:01,1,0,0,직매입,N,,,,30016,27287,2729,30016,0,N
143264031,일반,거래명세서확인요청,65566244,보아르 듀이아쿠아 자연기화식 가습기 대용량 8L 자동건조 UV살균 자동습도조절 통세척,8809822427826,오아 주식회사,2026-09-29,2026-09-23 12:26:01,3,3,3,직매입,N,,,,106530,96845,9685,319590,319590,N
143264031,일반,거래명세서확인요청,25665354,오아 모노 에어 BLDC 리모컨 써큘레이터 스탠드형 선풍기,8809822421299,오아 주식회사,2026-09-29,2026-09-23 12:26:01,5,5,5,직매입,N,,,,64990,59082,5908,324950,324950,N
143264031,일반,거래명세서확인요청,24832169,보아르 워시스핀 무선 욕실 청소기 VCL-030WH 화이트,8809822421503,오아 주식회사,2026-09-29,2026-09-23 12:26:01,9,0,0,직매입,N,,,,14271,12974,1297,128439,0,N
143264031,일반,거래명세서확인요청,55389336,오아 클린이워터J 전용 제트팁 2P 구성품 1세트 OORL-A01501,8809822425761,오아 주식회사,2026-09-29,2026-09-23 12:26:01,8,8,8,직매입,N,,,,3618,3289,329,28944,28944,N
143264031,일반,거래명세서확인요청,73226632,오아 오마컬 봉고데기 36mm 웨이브 고데기 아이롱 헤어 볼륨 프리볼트 고대기 핑크 OSTR-010PK,8809822429349,오아 주식회사,2026-09-29,2026-09-23 12:26:01,5,0,0,직매입,N,,,,30083,27348,2735,150415,0,N
143264031,일반,거래명세서확인요청,68466892,오아 퀵롤차저 65W GaN C타입 케이블 일체형 초고속 2포트 멀티 고속 핸드폰 충전기 화이트1개,8809822428649,오아 주식회사,2026-09-29,2026-09-23 12:26:01,18,0,0,직매입,N,,,,15276,13887,1389,274968,0,N
143264031,일반,거래명세서확인요청,64330764,오아 이지 물결 웨이브 볼륨 프리볼트 고데기 블루 OHA-031BL,8809822427451,오아 주식회사,2026-09-29,2026-09-23 12:26:01,4,4,4,직매입,N,,,,30016,27287,2729,120064,120064,N
143264031,일반,거래명세서확인요청,72182444,오아 메가에어라이트 BLDC 8단풍속 무드등 리모컨 스탠드 써큘레이터 OCCU-001SC,8809822429905,오아 주식회사,2026-09-29,2026-09-23 12:26:01,8,8,8,직매입,N,,,,64990,59082,5908,519920,519920,N
143264031,일반,거래명세서확인요청,31886592,오아 쁘띠컬링 속눈썹 고데기 V2 화이트 OJW-002WH,8809822422210,오아 주식회사,2026-09-29,2026-09-23 12:26:01,4,0,0,직매입,N,,,,23316,21196,2120,93264,0,N
143264031,일반,거래명세서확인요청,19365568,오아 힐스케어 온열 공기압 손목 발목 마사지기 OMS-016WH,8809822420100,오아 주식회사,2026-09-29,2026-09-23 12:26:01,2,2,2,직매입,N,,,,38190,34718,3472,76380,76380,N
143264031,일반,거래명세서확인요청,60543356,보아르 컴플릿S 미니건조기 UV살균 원룸 의류 화이트 VCDM-001WH 4kg 고객직접설치,8809822426836,오아 주식회사,2026-09-29,2026-09-23 12:26:01,6,6,6,직매입,N,,,,200330,182118,18212,1201980,1201980,N
143264031,일반,거래명세서확인요청,32710937,오아 클린이소프트 시리즈 전용 리필 미세모 화이트 2P 1개 OET-076-OTOWH,8809487308751,오아 주식회사,2026-09-29,2026-09-23 12:26:01,31,31,31,직매입,N,,,,4020,3655,365,124620,124620,N
143264031,일반,거래명세서확인요청,55357095,오아 클린이포터블 휴대용 접이식 무선 구강세정기 화이트 OORL-013WH,8809822425754,오아 주식회사,2026-09-29,2026-09-23 12:26:01,3,3,3,직매입,N,,,,26666,24242,2424,79998,79998,N
143264031,일반,거래명세서확인요청,68938743,오아 프리온 무선 미니 배터리 분리 기내반입 세라믹 고데기 핑크 OSTR-013PK,8809822428519,오아 주식회사,2026-09-29,2026-09-23 12:26:01,10,0,0,직매입,N,,,,33433,30394,3039,334330,0,N
143264031,일반,거래명세서확인요청,10646862,보아르 하티포트 무선 전기 유리 커피 티 포트,8809487306344,오아 주식회사,2026-09-29,2026-09-23 12:26:01,11,11,11,직매입,N,,,,25393,23085,2308,279323,279323,N
143264031,일반,거래명세서확인요청,29258063,보아르 아띠랑스 무선 미니 전기포트 올 스텐 커피포트 화이트,8809822422005,오아 주식회사,2026-09-29,2026-09-23 12:26:01,1,1,1,직매입,N,,,,25326,23024,2302,25326,25326,N
143264031,일반,거래명세서확인요청,19104731,보아르 더온리제로 생수병 전기포트 휴대용 분유포트 여행용 커피포트 VPT-001WH,8809487309345,오아 주식회사,2026-09-29,2026-09-23 12:26:01,36,36,36,직매입,N,,,,46766,42515,4251,1683576,1683576,N
143264031,일반,거래명세서확인요청,78907465,오아 클린이스쿨 IPX8 좌우회전 어린이 음파 전동 칫솔 클라우디블루 1개 OETB-010CB,8800367920452,오아 주식회사,2026-09-29,2026-09-23 12:26:01,6,0,0,직매입,N,,,,27531,25028,2503,165186,0,N
143264031,일반,거래명세서확인요청,59056260,보아르 폴더블 휴대용 접이식 프리볼트 여행용 전기포트 VPEP-004WH,8809822426270,오아 주식회사,2026-09-29,2026-09-23 12:26:01,51,0,0,직매입,N,,,,26733,24303,2430,1363383,0,N
143264030,일반,발주확정,12846215,오아 클린이워터B 휴대용 무선 구강세정기,8809487308195,오아 주식회사,2026-09-29,2026-09-23 12:26:01,1585,1585,0,직매입,N,,,,26666,24242,2424,42265610,0,N
143264030,일반,발주확정,12585217,보아르 아이워시 초음파 세척기 가정용 안경 시계,8809487308027,오아 주식회사,2026-09-29,2026-09-23 12:26:01,795,100,0,직매입,N,,,,33366,30333,3033,26525970,0,N
143264014,일반,거래명세서확인요청,14218803,오아 클린이베어 어린이 음파 전동칫솔 핑크,8809487308492,오아 주식회사,2026-09-29,2026-09-23 12:26:01,9,9,9,직매입,N,,,,16281,14801,1480,146529,146529,N
143264009,일반,발주확정,11229298,오아 눈편한세상 눈 안마기 무선 마사지 기계 온열 찜질기,8809487307204,오아 주식회사,2026-09-29,2026-09-23 12:26:01,104,0,0,직매입,N,,,,23316,21196,2120,2424864,0,N
143264009,일반,발주확정,13195811,오아 듀얼 무릎 마사지기 V2 무선 온열 마사지 찜질 안마기OMS-008BE,8809487308140,오아 주식회사,2026-09-29,2026-09-23 12:26:01,3,3,0,직매입,N,,,,91790,83445,8345,275370,0,N
143264009,일반,발주확정,12263239,오아 굿나잇 온열안대 눈 수면안대 눈찜질 아이마스크,8809487306924,오아 주식회사,2026-09-29,2026-09-23 12:26:01,3,0,0,직매입,N,,,,19966,18151,1815,59898,0,N
143264009,일반,발주확정,8122806,오아 아이프로 안마기 무선 눈 마사지기 기계 온열 찜질기,8809487305095,오아 주식회사,2026-09-29,2026-09-23 12:26:01,9,0,0,직매입,N,,,,45560,41418,4142,410040,0,N
143264009,일반,발주확정,15414324,오아 아이콕 눈 안마기 무선 마사지기 기계 온열 찜질기,8809487309130,오아 주식회사,2026-09-29,2026-09-23 12:26:01,1,0,0,직매입,N,,,,25326,23024,2302,25326,0,N
143264009,일반,발주확정,12439390,"오아 바디스팟S 저주파 EMS 휴대용 전신 미니 마사지 본체+바디패드3p, OA-MA021",8809487306405,오아 주식회사,2026-09-29,2026-09-23 12:26:01,17,0,0,직매입,N,,,,19966,18151,1815,339422,0,N
143264008,일반,거래명세서확인요청,17579394,보아르 딥슬립클링 UV살균 듀얼진동 침구청소기 딥슬립클링 VCL-021WH,8809487309956,오아 주식회사,2026-09-29,2026-09-23 12:26:01,7,7,7,직매입,N,,,,33366,30333,3033,233562,233562,N
143264008,일반,거래명세서확인요청,14488275,보아르 워터스핀B1 무선 물걸레 청소기 VCL-014WH,8809487309154,오아 주식회사,2026-09-29,2026-09-23 12:26:01,7,7,7,직매입,N,,,,43416,39469,3947,303912,303912,N
143264008,일반,거래명세서확인요청,16806254,보아르 포스W 무선 물걸레 진공 청소기 블랙 VCL-018BK,8809487309628,오아 주식회사,2026-09-29,2026-09-23 12:26:01,1,1,1,직매입,N,,,,173530,157755,15775,173530,173530,N
143264008,일반,거래명세서확인요청,12126317,"box_오아 클린스틱 핸디형 BLDC 스틱 무선청소기 OA-CL010, 화이트",8809487307549,오아 주식회사,2026-09-29,2026-09-23 12:26:01,10,10,10,직매입,N,,,,49446,44951,4495,494460,494460,N
143263999,일반,거래명세서확인요청,73893263,보아르 이지 전기포트 M1 접이식 분유포트 휴대용 미니 여행용 프리볼트 온도조절 커피포트 VPEP-006IV,8809822429882,오아 주식회사,2026-09-29,2026-09-23 12:26:01,1348,0,0,직매입,N,,,,34362,31238,3124,46319976,0,N
143263999,일반,거래명세서확인요청,50723598,보아르 슈즈쏙 신발 건조기 휴대용 운동화 소독 살균 관리 냄새제거,8809822425341,오아 주식회사,2026-09-29,2026-09-23 12:26:01,765,0,0,직매입,N,,,,26733,24303,2430,20450745,0,N
143263999,일반,거래명세서확인요청,10727917,보아르 혼요 멀티쿠커 전골 전기 냄비 만능 테이블 쿠커,8809487306504,오아 주식회사,2026-09-29,2026-09-23 12:26:01,232,0,0,직매입,N,,,,33366,30333,3033,7740912,0,N
143263999,일반,거래명세서확인요청,12362063,보아르 에이블 듀얼 에어프라이어 23리터 스텐 오븐 에어프라이기 가정용 대용량 에어후라이기,8809822425983,오아 주식회사,2026-09-29,2026-09-23 12:26:01,276,150,150,직매입,N,,,,92460,84055,8405,25518960,13869000,N
143154271,일반,발주확정,60380162,보아르 투웨이 텀블러 1.18L 대용량 손잡이 스텐 보온 보냉 핑크,8809822426898,오아 주식회사,2026-09-29,2026-09-22 16:07:04,24,24,0,직매입,N,,,,14129,12845,1284,339096,0,N
143154218,일반,거래명세서확인요청,78544866,MXSSIVE 서포트 니슬리브 헬스 무릎 보호대 크림 1세트 L,8800367920742,오아 주식회사,2026-09-29,2026-09-22 16:07:04,18,18,18,직매입,N,,,,29940,27218,2722,538920,538920,N
143154218,일반,거래명세서확인요청,56479851,오아 퀵착M Qi2 맥세이프 차량용 휴대폰 무선 충전 냉각쿨링 거치대 블랙 OVCH-004BK,8809822425976,오아 주식회사,2026-09-29,2026-09-22 16:07:04,1,1,1,직매입,N,,,,26260,23873,2387,26260,26260,N
142798858,일반,거래명세서확인요청,68330496,매시브 하이퍼 폴리 니랩 무릎 롱스트랩 헬스보호대 2개입블랙 1세트 Free,8809822428199,오아 주식회사,2026-09-29,2026-09-18 13:09:28,15,15,15,직매입,N,,,,17940,16309,1631,269100,269100,N
142798858,일반,거래명세서확인요청,49170124,삼대오백 매시브 그립 헬스 리프팅 스트랩 손목보호대 오리지널 블랙 1세트 S,8809822424832,오아 주식회사,2026-09-29,2026-09-18 13:09:28,35,0,0,직매입,N,,,,14885,13532,1353,520975,0,N
142798858,일반,거래명세서확인요청,62271779,매시브 루버 컴팩트 헬스 스트랩 리프팅 그립 손목보호대 블랙 블랙 1세트 2p free,8809822427154,오아 주식회사,2026-09-29,2026-09-18 13:09:28,5,5,5,직매입,N,,,,6435,5850,585,32175,32175,N
142798858,일반,거래명세서확인요청,59740794,"매시브 헬스 손목보호대 2p, 블랙 1세트 Free",8809822425846,오아 주식회사,2026-09-29,2026-09-18 13:09:28,35,35,35,직매입,N,,,,6138,5580,558,214830,214830,N
142798858,일반,거래명세서확인요청,76233452,MXSSIVE 하이퍼 폴리 팔꿈치 롱스트랩 헬스보호대 블랙 1세트 Free,8809822428960,오아 주식회사,2026-09-29,2026-09-18 13:09:28,22,22,22,직매입,N,,,,17940,16309,1631,394680,394680,N
142798858,일반,거래명세서확인요청,40185196,오아 클린프로BLDC 멀티 에어건 무선 차량용 청소기 블랙 OCL-038BK,8809822424283,오아 주식회사,2026-09-29,2026-09-18 13:09:28,7,7,7,직매입,N,,,,48500,44091,4409,339500,339500,N
142798858,일반,거래명세서확인요청,78544867,MXSSIVE 서포트 니슬리브 헬스 무릎 보호대 크림 1세트 XL,8800367920759,오아 주식회사,2026-09-29,2026-09-18 13:09:28,5,5,5,직매입,N,,,,29940,27218,2722,149700,149700,N
142798858,일반,거래명세서확인요청,67959441,"매시브 폴리 니랩 무릎스트랩 헬스보호대 2개입 1세트 블랙 1개 스트랩(94.5 x 8 cm), 슬리브(16 x 19 x 23.5 cm)",8809822426461,오아 주식회사,2026-09-29,2026-09-18 13:09:28,5,5,5,직매입,N,,,,17940,16309,1631,89700,89700,N
142798858,일반,거래명세서확인요청,64412936,매시브 네오프렌 팔꿈치 보호대 밴드 블랙 2개 1세트 L(32x7.5cm),8809822427185,오아 주식회사,2026-09-29,2026-09-18 13:09:28,10,10,10,직매입,N,,,,11635,10577,1058,116350,116350,N
142798858,일반,거래명세서확인요청,78544865,MXSSIVE 서포트 니슬리브 헬스 무릎 보호대 크림 1세트 M,8800367920735,오아 주식회사,2026-09-29,2026-09-18 13:09:28,9,9,9,직매입,N,,,,29940,27218,2722,269460,269460,N
142798858,일반,거래명세서확인요청,49170127,삼대오백 매시브 그립 헬스 리프팅 스트랩 손목보호대 오리지널 블랙 1세트 M,8809822424856,오아 주식회사,2026-09-29,2026-09-18 13:09:28,84,0,0,직매입,N,,,,14885,13532,1353,1250340,0,N
142798825,일반,거래명세서확인요청,42265154,"오아 모던 온,습도 무소음 오브제 인테리어 LED시계 R 패브릭",8809822424542,오아 주식회사,2026-09-29,2026-09-18 13:09:28,150,150,150,직매입,N,,,,48685,44259,4426,7302750,7302750,N
142798825,일반,거래명세서확인요청,64789478,오아 무선 모던 LED 시계 R 요일 온습도 원형 벽시계 베이지,8809822426799,오아 주식회사,2026-09-29,2026-09-18 13:09:28,80,0,0,직매입,N,,,,59360,53964,5396,4748800,0,N
142798825,일반,거래명세서확인요청,64114088,오아 포인트클락 인테리어 거실 원형 저소음 디자인 벽시계 화이트,8809822427239,오아 주식회사,2026-09-29,2026-09-18 13:09:28,7,7,7,직매입,N,,,,13008,11825,1183,91056,91056,N
142798825,일반,거래명세서확인요청,22441147,오아 무드워머 타이머 캔들워머 높이조절 빛조절 무드등 할로겐전구 향초워머 화이트,8809822420148,오아 주식회사,2026-09-29,2026-09-18 13:09:28,18,18,18,직매입,N,,,,29634,26940,2694,533412,533412,N
142798825,일반,거래명세서확인요청,71030052,오아 데이클락 LED 벽시계 온습도 무소음 디지털 벽걸이 시계 거실 사무실 인테리어 데이클락 M01628 베이지,8809822428540,오아 주식회사,2026-09-29,2026-09-18 13:09:28,130,0,0,직매입,N,,,,50853,46230,4623,6610890,0,N
142798825,일반,거래명세서확인요청,64753996,오아 캘린더 LED 벽시계 디지털 무소음 인테리어 전자 거실 온습도 시계,8809822427093,오아 주식회사,2026-09-29,2026-09-18 13:09:28,5,5,5,직매입,N,,,,135850,123500,12350,679250,679250,N
142798791,일반,발주확정,35725666,삼대오백 파우더 깔때기 블랙 1세트 Free,8809822422203,오아 주식회사,2026-09-29,2026-09-18 13:09:27,30,30,30,직매입,N,,,,3185,2895,290,95550,95550,N
142798791,일반,발주확정,60380162,보아르 투웨이 텀블러 1.18L 대용량 손잡이 스텐 보온 보냉 핑크,8809822426898,오아 주식회사,2026-09-29,2026-09-18 13:09:27,36,36,0,직매입,N,,,,14129,12845,1284,508644,0,N
142798791,일반,발주확정,39384055,보아르 스텐316 양면도마 퓨어스탠 그레이 455 *310*12,8809822423507,오아 주식회사,2026-09-29,2026-09-18 13:09:27,2,2,2,직매입,N,,,,22511,20465,2046,45022,45022,N
142798791,일반,발주확정,60450424,보아르 투웨이 텀블러 1.18L 대용량 손잡이 스텐 보온 보냉 민트,8809822426881,오아 주식회사,2026-09-29,2026-09-18 13:09:27,75,75,0,직매입,N,,,,14129,12845,1284,1059675,0,N
142798621,일반,거래명세서확인요청,27303665,오아 무드스탠드 장스탠드 OLA-002BK 블랙,8809822420209,오아 주식회사,2026-09-29,2026-09-18 13:09:27,144,144,144,직매입,N,,,,34200,31091,3109,4924800,4924800,N
141450631,일반,발주확정,28262232,삼대오백 쉐이커 보틀 클래식블랙 800ml,8809822421947,오아 주식회사,2026-09-29,2026-09-04 11:13:00,2250,2250,0,직매입,N,,,,2940,2673,267,6615000,0,N
141450630,일반,발주확정,28262234,삼대오백 쉐이커 보틀 클래식화이트 800ml,8809822421978,오아 주식회사,2026-09-29,2026-09-04 11:13:00,600,600,0,직매입,N,,,,2940,2673,267,1764000,0,N
141450630,일반,발주확정,35725666,삼대오백 파우더 깔때기 블랙 1세트 Free,8809822422203,오아 주식회사,2026-09-29,2026-09-04 11:13:00,30,30,0,직매입,N,,,,3185,2895,290,95550,0,N
140718009,일반,거래명세서확인요청,62271779,매시브 루버 컴팩트 헬스 스트랩 리프팅 그립 손목보호대 블랙 블랙 1세트 2p free,8809822427154,오아 주식회사,2026-09-29,2026-08-27 16:33:36,25,25,25,직매입,N,,,,6435,5850,585,160875,160875,N
140718009,일반,거래명세서확인요청,59740794,"매시브 헬스 손목보호대 2p, 블랙 1세트 Free",8809822425846,오아 주식회사,2026-09-29,2026-08-27 16:33:36,40,40,40,직매입,N,,,,6138,5580,558,245520,245520,N
140718009,일반,거래명세서확인요청,47220150,오아 듀얼 랜턴 걸이 캠핑 조명 접이식 스탠드 램프 랜턴 거치대 블랙 1개,8809822424481,오아 주식회사,2026-09-29,2026-08-27 16:33:36,100,0,0,직매입,N,,,,12900,11727,1173,1290000,0,N
140718009,일반,거래명세서확인요청,76233452,MXSSIVE 하이퍼 폴리 팔꿈치 롱스트랩 헬스보호대 블랙 1세트 Free,8809822428960,오아 주식회사,2026-09-29,2026-08-27 16:33:36,32,32,32,직매입,N,,,,17940,16309,1631,574080,574080,N
140718009,일반,거래명세서확인요청,67959441,"매시브 폴리 니랩 무릎스트랩 헬스보호대 2개입 1세트 블랙 1개 스트랩(94.5 x 8 cm), 슬리브(16 x 19 x 23.5 cm)",8809822426461,오아 주식회사,2026-09-29,2026-08-27 16:33:36,15,15,15,직매입,N,,,,17940,16309,1631,269100,269100,N
140718009,일반,거래명세서확인요청,64412936,매시브 네오프렌 팔꿈치 보호대 밴드 블랙 2개 1세트 L(32x7.5cm),8809822427185,오아 주식회사,2026-09-29,2026-08-27 16:33:36,15,15,15,직매입,N,,,,11635,10577,1058,174525,174525,N
140718009,일반,거래명세서확인요청,68330496,매시브 하이퍼 폴리 니랩 무릎 롱스트랩 헬스보호대 2개입블랙 1세트 Free,8809822428199,오아 주식회사,2026-09-29,2026-08-27 16:33:36,30,30,30,직매입,N,,,,17940,16309,1631,538200,538200,N
